avg_attention_score,rusher_name
0.4615384615384615,Demarcus Lawrence
0.6153846153846154,Randy Gregory
1.3076923076923077,Carlos Watkins
1.0,Micah Parsons
0.6153846153846154,Osa Odighizuwa
1.55,Ndamukong Suh
0.75,Jason Pierre-Paul
0.8,William Gholston
1.05,Vita Vea
0.15,Joe Tryon
2.411764705882353,Ndamukong Suh
1.0,Jason Pierre-Paul
0.0,Lavonte David
1.588235294117647,Vita Vea
1.8461538461538465,Steve McLendon
1.5,William Gholston
1.0,Shaquil Barrett
1.0,Rakeem Nunez-Roches
0.6923076923076923,Carlton Davis
0.8571428571428571,Ndamukong Suh
2.1904761904761907,Jason Pierre-Paul
0.6666666666666666,Lavonte David
1.238095238095238,Shaquil Barrett
0.8571428571428571,Vita Vea
0.7272727272727273,Demarcus Lawrence
1.4545454545454546,Randy Gregory
1.0909090909090908,Carlos Watkins
0.5454545454545454,Micah Parsons
1.0,Osa Odighizuwa
0.6666666666666666,Demarcus Lawrence
0.75,Randy Gregory
1.8333333333333333,Carlos Watkins
0.3333333333333333,Micah Parsons
1.25,Osa Odighizuwa
1.0,Demarcus Lawrence
0.9,Randy Gregory
1.7,Carlos Watkins
1.1,Osa Odighizuwa
1.6153846153846154,Brent Urban
0.9230769230769232,Tarell Basham
1.3076923076923077,Dorance Armstrong
1.2307692307692308,Quinton Bohanna
1.8636363636363635,Brent Urban
0.8181818181818182,Tarell Basham
1.0,Dorance Armstrong
1.181818181818182,Quinton Bohanna
0.7368421052631579,Demarcus Lawrence
0.8421052631578947,Randy Gregory
1.6842105263157894,Carlos Watkins
1.3157894736842106,Osa Odighizuwa
1.5333333333333334,Demarcus Lawrence
1.9333333333333331,Brent Urban
1.0,Randy Gregory
1.7333333333333334,Carlos Watkins
1.7647058823529411,Ndamukong Suh
0.2941176470588235,Jason Pierre-Paul
0.7647058823529411,William Gholston
0.8823529411764706,Shaquil Barrett
1.0588235294117647,Vita Vea
1.2857142857142858,Brent Urban
1.0,Tarell Basham
1.7142857142857142,Dorance Armstrong
0.7619047619047619,Micah Parsons
1.7142857142857142,Quinton Bohanna
1.2692307692307692,Demarcus Lawrence
0.5,Randy Gregory
1.6538461538461535,Dorance Armstrong
1.5,Osa Odighizuwa
1.391304347826087,Steve McLendon
0.6086956521739131,Jason Pierre-Paul
0.9565217391304348,Shaquil Barrett
2.0,Rakeem Nunez-Roches
1.8421052631578947,Randy Gregory
1.2105263157894737,Carlos Watkins
1.4210526315789471,Osa Odighizuwa
0.7272727272727273,Demarcus Lawrence
0.7272727272727273,Randy Gregory
1.818181818181818,Carlos Watkins
1.181818181818182,Osa Odighizuwa
1.3846153846153846,Brent Urban
1.0,Tarell Basham
1.7692307692307692,Bradlee Anae
1.5,Quinton Bohanna
1.4736842105263157,Ndamukong Suh
1.0,Jason Pierre-Paul
1.6842105263157894,Shaquil Barrett
1.736842105263158,Vita Vea
1.1428571428571428,Ndamukong Suh
1.8571428571428572,Jason Pierre-Paul
1.4761904761904765,Vita Vea
0.3809523809523809,Devin White
0.5714285714285714,Mike Edwards
1.15,Ndamukong Suh
0.95,Jason Pierre-Paul
0.85,Lavonte David
0.85,Shaquil Barrett
0.7,Vita Vea
1.3,Devin White
1.8076923076923077,William Gholston
1.0,Shaquil Barrett
1.3461538461538465,Rakeem Nunez-Roches
0.3461538461538461,Mike Edwards
0.5,Anthony Nelson
1.0588235294117647,Ndamukong Suh
1.3529411764705883,Lavonte David
0.0,Ross Cockrell
1.411764705882353,Shaquil Barrett
1.588235294117647,Vita Vea
0.3529411764705882,Joe Tryon
0.6521739130434783,Ndamukong Suh
0.0,Lavonte David
1.173913043478261,Shaquil Barrett
2.0434782608695654,Vita Vea
0.3478260869565217,Devin White
0.6521739130434783,Antoine Winfield
1.3478260869565215,Joe Tryon
2.0588235294117645,Steve McLendon
1.0,Jason Pierre-Paul
0.2352941176470588,Shaquil Barrett
1.4705882352941178,Rakeem Nunez-Roches
0.1764705882352941,Mike Edwards
1.1428571428571428,Ndamukong Suh
0.9523809523809524,Jason Pierre-Paul
1.0,Shaquil Barrett
1.2857142857142858,Vita Vea
0.3076923076923077,Demarcus Lawrence
1.6923076923076923,Brent Urban
1.8461538461538465,Carlos Watkins
0.9230769230769232,Dorance Armstrong
0.7692307692307693,Demarcus Lawrence
1.8076923076923077,Brent Urban
1.0769230769230769,Carlos Watkins
1.0,Dorance Armstrong
2.0,Ndamukong Suh
0.7333333333333333,Jason Pierre-Paul
0.8,Vita Vea
1.0,Anthony Nelson
1.5625,Ndamukong Suh
0.875,Jason Pierre-Paul
1.4375,Shaquil Barrett
0.6875,Vita Vea
1.6923076923076923,Ndamukong Suh
1.0,Jason Pierre-Paul
0.8846153846153846,Shaquil Barrett
0.6923076923076923,Vita Vea
1.0,Ndamukong Suh
1.0,Jason Pierre-Paul
1.0,Shaquil Barrett
1.2857142857142858,Vita Vea
1.5238095238095235,Ndamukong Suh
1.5238095238095235,William Gholston
1.0,Shaquil Barrett
0.4761904761904761,Joe Tryon
1.5909090909090908,Ndamukong Suh
1.2272727272727273,William Gholston
1.181818181818182,Shaquil Barrett
0.4090909090909091,Joe Tryon
0.8846153846153846,Jason Pierre-Paul
2.076923076923077,William Gholston
0.8461538461538461,Shaquil Barrett
1.1153846153846154,Vita Vea
1.5769230769230769,Dorance Armstrong
2.423076923076923,Osa Odighizuwa
1.4666666666666666,Demarcus Lawrence
1.2666666666666666,Randy Gregory
1.5333333333333334,Micah Parsons
2.1538461538461537,Demarcus Lawrence
0.9230769230769232,Randy Gregory
2.5,Micah Parsons
1.736842105263158,Ndamukong Suh
1.0,Jason Pierre-Paul
2.263157894736842,Vita Vea
0.0,Carlton Davis
0.2941176470588235,Ndamukong Suh
0.9411764705882352,Jason Pierre-Paul
1.7647058823529411,Lavonte David
1.0,Vita Vea
1.9411764705882353,Devin White
1.2083333333333333,Ndamukong Suh
1.0,Jason Pierre-Paul
0.7083333333333334,Shaquil Barrett
1.3333333333333333,Vita Vea
1.375,Devin White
1.8461538461538465,Steve McLendon
1.0,Jason Pierre-Paul
1.3846153846153846,Rakeem Nunez-Roches
0.1538461538461538,Andrew Adams
0.0,Joe Tryon
1.4666666666666666,Steve McLendon
1.1333333333333333,Jason Pierre-Paul
0.8666666666666667,Lavonte David
1.5333333333333334,Rakeem Nunez-Roches
0.0,Andrew Adams
1.2272727272727273,Brent Urban
0.8636363636363636,Tarell Basham
1.0,Dorance Armstrong
0.6363636363636364,Osa Odighizuwa
1.6923076923076923,Brent Urban
1.2307692307692308,Tarell Basham
0.3076923076923077,Dorance Armstrong
0.5384615384615384,Micah Parsons
1.2307692307692308,Osa Odighizuwa
0.8076923076923077,Demarcus Lawrence
0.8461538461538461,Randy Gregory
1.6538461538461535,Dorance Armstrong
1.1153846153846154,Micah Parsons
1.1538461538461535,Ndamukong Suh
3.0,William Gholston
1.0,Shaquil Barrett
0.6538461538461539,Vita Vea
0.4230769230769231,Joe Tryon
0.7142857142857143,Demarcus Lawrence
1.0476190476190477,Tarell Basham
2.047619047619047,Carlos Watkins
0.9523809523809524,Quinton Bohanna
0.9411764705882352,Demarcus Lawrence
1.0,Tarell Basham
2.0,Carlos Watkins
1.0,Quinton Bohanna
1.5333333333333334,Randy Gregory
0.4666666666666667,Keanu Neal
1.0666666666666669,Carlos Watkins
0.2666666666666666,Donovan Wilson
0.8666666666666667,Micah Parsons
1.0,Osa Odighizuwa
2.176470588235294,Steve McLendon
0.7647058823529411,Jason Pierre-Paul
1.0,Rakeem Nunez-Roches
1.0,Anthony Nelson
1.0,Steve McLendon
1.0,Jason Pierre-Paul
0.0,Lavonte David
1.0,William Gholston
2.0,Rakeem Nunez-Roches
1.3571428571428572,Ndamukong Suh
1.0,Jason Pierre-Paul
0.8571428571428571,Shaquil Barrett
0.7857142857142857,Joe Tryon
1.1,Ndamukong Suh
0.8,Shaquil Barrett
1.0,Rakeem Nunez-Roches
1.55,Vita Vea
1.0454545454545454,Ndamukong Suh
1.4545454545454546,Jason Pierre-Paul
0.9090909090909092,Lavonte David
1.0,Shaquil Barrett
0.9545454545454546,Vita Vea
0.5,Devin White
2.0,Brent Urban
2.0,Osa Odighizuwa
1.2916666666666667,Tarell Basham
1.125,Carlos Watkins
0.875,Dorance Armstrong
1.6666666666666667,Quinton Bohanna
0.5,Demarcus Lawrence
0.6,Randy Gregory
0.75,Dorance Armstrong
1.25,Micah Parsons
1.8,Osa Odighizuwa
1.16,Steve McLendon
1.0,Jason Pierre-Paul
0.76,William Gholston
0.84,Shaquil Barrett
1.08,Rakeem Nunez-Roches
0.6153846153846154,Ndamukong Suh
1.0,Jason Pierre-Paul
1.0,Shaquil Barrett
1.8461538461538465,Vita Vea
0.8461538461538461,Tarell Basham
2.576923076923077,Carlos Watkins
0.8461538461538461,Bradlee Anae
1.1153846153846154,Quinton Bohanna
1.0,Demarcus Lawrence
0.6153846153846154,Brent Urban
1.2692307692307692,Randy Gregory
1.3846153846153846,Osa Odighizuwa
1.411764705882353,Carlos Watkins
0.8823529411764706,Dorance Armstrong
0.5882352941176471,Bradlee Anae
2.0,Quinton Bohanna
1.411764705882353,Carlos Watkins
1.0,Dorance Armstrong
1.0,Bradlee Anae
1.3529411764705883,Quinton Bohanna
1.0769230769230769,Demarcus Lawrence
2.0,Brent Urban
0.8461538461538461,Randy Gregory
1.3076923076923077,Osa Odighizuwa
1.1875,Steve McLendon
1.3125,Jason Pierre-Paul
0.8125,Shaquil Barrett
1.0625,Rakeem Nunez-Roches
2.0,Jason Pierre-Paul
0.0,Ross Cockrell
1.2941176470588236,Shaquil Barrett
0.5294117647058824,Carlton Davis
1.5,Ndamukong Suh
1.8461538461538465,Jason Pierre-Paul
0.9615384615384616,Shaquil Barrett
1.1153846153846154,Vita Vea
0.85,Ndamukong Suh
1.0,Jason Pierre-Paul
1.0,Shaquil Barrett
1.5,Vita Vea
0.9,Ndamukong Suh
1.0,Jason Pierre-Paul
0.9,Shaquil Barrett
1.6,Vita Vea
1.8571428571428572,Ndamukong Suh
0.8571428571428571,Jason Pierre-Paul
1.0,Shaquil Barrett
1.0,Vita Vea
0.96,Demarcus Lawrence
1.0,Randy Gregory
1.48,Dorance Armstrong
1.04,Osa Odighizuwa
1.0952380952380951,Demarcus Lawrence
0.9523809523809524,Randy Gregory
1.0476190476190477,Dorance Armstrong
0.8571428571428571,Micah Parsons
0.9523809523809524,Osa Odighizuwa
1.3333333333333333,Brent Urban
0.5,Tarell Basham
2.2083333333333335,Carlos Watkins
0.9583333333333334,Bradlee Anae
1.2777777777777777,Brent Urban
0.8333333333333334,Tarell Basham
0.7222222222222222,Carlos Watkins
0.9444444444444444,Bradlee Anae
1.1111111111111112,Micah Parsons
1.0869565217391304,Brent Urban
1.2173913043478262,Tarell Basham
1.7826086956521738,Carlos Watkins
0.9130434782608696,Bradlee Anae
1.0909090909090908,Demarcus Lawrence
1.2272727272727273,Randy Gregory
1.4545454545454546,Dorance Armstrong
0.9090909090909092,Osa Odighizuwa
1.0,Demarcus Lawrence
0.4,Randy Gregory
2.533333333333333,Dorance Armstrong
1.0,Osa Odighizuwa
0.9473684210526316,Demarcus Lawrence
0.5263157894736842,Randy Gregory
1.3157894736842106,Dorance Armstrong
1.894736842105263,Osa Odighizuwa
1.0,Demarcus Lawrence
0.3076923076923077,Randy Gregory
1.0,Keanu Neal
1.6923076923076923,Dorance Armstrong
1.0,Micah Parsons
1.0,Osa Odighizuwa
1.4,Brandon Graham
2.1,Fletcher Cox
1.05,Javon Hargrave
0.35,Derek Barnett
1.0,Brandon Graham
1.0,Fletcher Cox
1.3571428571428572,Javon Hargrave
1.4285714285714286,Derek Barnett
0.9,Ryan Kerrigan
2.2,Hassan Ridgeway
0.45,Josh Sweat
2.1,Milton Williams
0.8125,Ryan Kerrigan
1.0,Fletcher Cox
0.625,Javon Hargrave
0.75,Josh Sweat
1.1875,Genard Avery
2.1153846153846154,Brandon Graham
0.6153846153846154,Fletcher Cox
1.7307692307692308,Javon Hargrave
1.0,Ryan Kerrigan
1.0,Fletcher Cox
2.1875,Javon Hargrave
0.6470588235294118,Steven Means
0.2352941176470588,Dante Fowler
1.7058823529411764,Grady Jarrett
0.4705882352941176,Deion Jones
1.411764705882353,Jacob Tuioti-Mariner
0.3333333333333333,Ryan Kerrigan
0.3888888888888889,Hassan Ridgeway
0.9444444444444444,Josh Sweat
0.0,Genard Avery
1.6666666666666667,Milton Williams
1.1363636363636365,Ryan Kerrigan
1.0,Hassan Ridgeway
1.0909090909090908,Josh Sweat
2.0,Milton Williams
0.9285714285714286,Brandon Graham
1.1428571428571428,Fletcher Cox
1.2142857142857142,Javon Hargrave
1.0,Derek Barnett
1.2307692307692308,Brandon Graham
1.4230769230769231,Fletcher Cox
1.0769230769230769,Javon Hargrave
0.8846153846153846,Derek Barnett
1.2307692307692308,Brandon Graham
1.6923076923076923,Fletcher Cox
1.0769230769230769,Javon Hargrave
0.8461538461538461,Josh Sweat
0.9615384615384616,Brandon Graham
1.7692307692307692,Fletcher Cox
1.0,Javon Hargrave
0.9230769230769232,Josh Sweat
0.9615384615384616,Steven Means
1.0,Dante Fowler
1.0384615384615383,Grady Jarrett
2.0,Jonathan Bullard
0.8846153846153846,Steven Means
1.3076923076923077,Grady Jarrett
1.7692307692307692,Jonathan Bullard
0.6153846153846154,Isaiah Oliver
1.0,Steven Means
0.9166666666666666,Dante Fowler
1.75,Grady Jarrett
1.3333333333333333,Jonathan Bullard
1.4666666666666666,Steven Means
2.0,Dante Fowler
1.4666666666666666,Grady Jarrett
1.8461538461538465,Ryan Kerrigan
1.7692307692307692,Hassan Ridgeway
0.6923076923076923,Josh Sweat
1.6153846153846154,Milton Williams
1.411764705882353,Brandon Graham
2.235294117647059,Fletcher Cox
0.7058823529411765,Hassan Ridgeway
1.2352941176470589,Derek Barnett
1.411764705882353,Brandon Graham
1.6470588235294117,Javon Hargrave
1.0,Derek Barnett
0.5882352941176471,Milton Williams
1.0,Tyeler Davison
0.8235294117647058,Jacob Tuioti-Mariner
1.1764705882352942,Marlon Davidson
1.7058823529411764,Adetokunbo Ogundeji
1.875,Tyeler Davison
0.25,Jonathan Bullard
1.6875,Marlon Davidson
0.5625,Adetokunbo Ogundeji
2.7916666666666665,Tyeler Davison
0.9166666666666666,Jonathan Bullard
1.0,Adetokunbo Ogundeji
1.8571428571428572,Tyeler Davison
1.0,Jonathan Bullard
1.3333333333333333,Marlon Davidson
0.8095238095238095,Adetokunbo Ogundeji
0.8571428571428571,Steven Means
1.1904761904761905,Dante Fowler
1.4761904761904765,Grady Jarrett
1.5238095238095235,Tyeler Davison
0.0,Isaiah Oliver
1.4,Steven Means
0.92,Dante Fowler
2.28,Grady Jarrett
0.28,Isaiah Oliver
1.0,Steven Means
0.9090909090909092,Dante Fowler
1.818181818181818,Grady Jarrett
1.2727272727272727,Marlon Davidson
0.0,Duron Harmon
0.4,Steven Means
1.0,Dante Fowler
2.2,Grady Jarrett
1.3333333333333333,Marlon Davidson
1.0,Dante Fowler
1.5,Grady Jarrett
0.5384615384615384,Deion Jones
2.3461538461538463,Marlon Davidson
0.75,Dante Fowler
2.0,Grady Jarrett
1.8333333333333333,Foyesade Oluokun
0.8333333333333334,Jacob Tuioti-Mariner
0.4615384615384615,Duron Harmon
1.2307692307692308,Dante Fowler
1.0769230769230769,Grady Jarrett
1.6153846153846154,Foyesade Oluokun
0.8461538461538461,Jacob Tuioti-Mariner
0.8461538461538461,Dante Fowler
2.5,Grady Jarrett
0.1538461538461538,Fabian Moreau
0.9230769230769232,Jacob Tuioti-Mariner
1.4285714285714286,Dante Fowler
2.142857142857143,Grady Jarrett
0.0,Isaiah Oliver
1.0,Jacob Tuioti-Mariner
0.9130434782608696,Dante Fowler
2.130434782608696,Grady Jarrett
0.782608695652174,Jacob Tuioti-Mariner
1.0,Steven Means
0.9615384615384616,Dante Fowler
0.9230769230769232,Grady Jarrett
2.1153846153846154,Tyeler Davison
0.8846153846153846,Dante Fowler
1.6153846153846154,Grady Jarrett
1.2692307692307692,Foyesade Oluokun
0.7307692307692307,Jacob Tuioti-Mariner
1.0,Brandon Graham
1.4,Fletcher Cox
1.9333333333333331,Javon Hargrave
0.8666666666666667,Derek Barnett
0.8846153846153846,Brandon Graham
1.5,Fletcher Cox
0.8076923076923077,Javon Hargrave
1.2692307692307692,Derek Barnett
0.4,Deion Jones
1.6,Jonathan Bullard
0.0,Foyesade Oluokun
2.9,Marlon Davidson
0.75,Dante Fowler
2.0,Grady Jarrett
1.0833333333333333,Tyeler Davison
0.9166666666666666,Jonathan Bullard
0.7222222222222222,Steven Means
1.0,Dante Fowler
0.8888888888888888,Grady Jarrett
1.2777777777777777,Tyeler Davison
0.1666666666666666,Deion Jones
1.0,Jonathan Bullard
1.2352941176470589,Brandon Graham
1.6470588235294117,Fletcher Cox
1.1764705882352942,Javon Hargrave
0.8235294117647058,Derek Barnett
2.0454545454545454,Brandon Graham
1.1363636363636365,Fletcher Cox
1.2272727272727273,Javon Hargrave
1.0909090909090908,Derek Barnett
1.0,Ryan Kerrigan
1.1333333333333333,Hassan Ridgeway
0.8666666666666667,Josh Sweat
1.7333333333333334,Milton Williams
0.9047619047619048,Brandon Graham
1.0,Fletcher Cox
2.0,Javon Hargrave
0.9523809523809524,Derek Barnett
0.8260869565217391,Brandon Graham
1.4782608695652173,Fletcher Cox
1.1304347826086956,Javon Hargrave
1.3043478260869563,Derek Barnett
1.3846153846153846,Steven Means
0.7307692307692307,Dante Fowler
2.0,Grady Jarrett
0.8076923076923077,Jacob Tuioti-Mariner
0.2692307692307692,Jaylinn Hawkins
1.1764705882352942,Grady Jarrett
1.2941176470588236,Tyeler Davison
1.0,Jonathan Bullard
0.7058823529411765,Foyesade Oluokun
0.7647058823529411,Adetokunbo Ogundeji
1.1,Ryan Kerrigan
0.6,Josh Sweat
1.2,Milton Williams
2.35,Marlon Tuipulotu
1.0,Ryan Kerrigan
1.1363636363636365,Josh Sweat
1.0,Milton Williams
1.8636363636363635,Marlon Tuipulotu
1.7,Ryan Kerrigan
1.0,Josh Sweat
1.25,Milton Williams
1.85,Marlon Tuipulotu
1.1666666666666667,Ryan Kerrigan
1.7916666666666667,Hassan Ridgeway
0.8333333333333334,Josh Sweat
1.1666666666666667,Milton Williams
0.8461538461538461,Ryan Kerrigan
1.1538461538461535,Fletcher Cox
1.4615384615384617,Javon Hargrave
0.8076923076923077,Josh Sweat
0.2631578947368421,Duron Harmon
0.8421052631578947,Dante Fowler
1.0,Grady Jarrett
1.263157894736842,Deion Jones
1.4736842105263157,Foyesade Oluokun
0.8,Ryan Kerrigan
1.1333333333333333,Hassan Ridgeway
0.8666666666666667,Josh Sweat
1.8666666666666667,Milton Williams
1.105263157894737,Ryan Kerrigan
1.263157894736842,Hassan Ridgeway
0.7368421052631579,Josh Sweat
1.263157894736842,Milton Williams
1.6923076923076923,Ryan Kerrigan
1.1153846153846154,Hassan Ridgeway
0.8846153846153846,Josh Sweat
1.1923076923076923,Milton Williams
0.8846153846153846,Brandon Graham
2.269230769230769,Fletcher Cox
1.1538461538461535,Javon Hargrave
1.5,Derek Barnett
0.5,Ryan Kerrigan
1.1,Hassan Ridgeway
0.9,Josh Sweat
2.25,Milton Williams
1.0384615384615383,Ryan Kerrigan
0.9615384615384616,Hassan Ridgeway
0.9615384615384616,Josh Sweat
1.0,Milton Williams
0.2777777777777778,Ryan Kerrigan
1.7222222222222223,Fletcher Cox
1.6111111111111112,Javon Hargrave
1.0,Josh Sweat
0.6923076923076923,Brandon Graham
1.4230769230769231,Fletcher Cox
1.0769230769230769,Javon Hargrave
1.1153846153846154,Josh Sweat
1.1764705882352942,Tyson Alualu
1.4705882352941178,Cameron Heyward
0.8235294117647058,T.J. Watt
1.1176470588235294,Alex Highsmith
1.2307692307692308,Tyson Alualu
1.3461538461538465,Cameron Heyward
0.7692307692307693,T.J. Watt
1.5384615384615383,Alex Highsmith
0.4705882352941176,Jerry Hughes
1.2941176470588236,Efe Obada
0.8823529411764706,Matt Milano
2.1176470588235294,Ed Oliver
0.6470588235294118,Gregory Rousseau
1.318181818181818,Cameron Heyward
1.2272727272727273,Melvin Ingram
1.8636363636363635,T.J. Watt
0.5454545454545454,Carlos Davis
0.9230769230769232,Tyson Alualu
1.3846153846153846,Cameron Heyward
1.1923076923076923,Melvin Ingram
1.6923076923076923,T.J. Watt
0.1363636363636363,Melvin Ingram
1.0909090909090908,Chris Wormley
2.0454545454545454,Isaiah Buggs
0.5454545454545454,Tre Norwood
0.8846153846153846,Melvin Ingram
1.0,Chris Wormley
1.1923076923076923,Isaiah Buggs
1.0,Alex Highsmith
1.8461538461538465,Tyson Alualu
1.1153846153846154,Cameron Heyward
0.9615384615384616,T.J. Watt
1.1538461538461535,Alex Highsmith
1.4230769230769231,Tyson Alualu
1.1538461538461535,Cameron Heyward
1.2692307692307692,Melvin Ingram
1.5769230769230769,T.J. Watt
0.9333333333333332,Mario Addison
1.5333333333333334,Vernon Butler
2.066666666666667,Harrison Phillips
0.4666666666666667,Gregory Rousseau
0.5384615384615384,Mario Addison
1.6153846153846154,Vernon Butler
1.2692307692307692,Harrison Phillips
1.125,Tyson Alualu
0.5416666666666666,Melvin Ingram
1.7083333333333333,Chris Wormley
0.4583333333333333,Tre Norwood
0.8461538461538461,Jerry Hughes
2.0,Justin Zimmer
1.6923076923076923,Ed Oliver
1.8461538461538465,A.J. Epenesa
0.8333333333333334,Jerry Hughes
2.0,Justin Zimmer
1.1666666666666667,Ed Oliver
1.0,A.J. Epenesa
0.85,Jerry Hughes
1.6,Justin Zimmer
0.6,Ed Oliver
1.0,A.J. Epenesa
1.0588235294117647,Cameron Heyward
1.3529411764705883,T.J. Watt
0.7647058823529411,Alex Highsmith
1.5294117647058822,Carlos Davis
1.8125,Cameron Heyward
1.3125,T.J. Watt
1.0,Carlos Davis
0.1875,Tre Norwood
1.9230769230769231,Cameron Heyward
1.0769230769230769,T.J. Watt
0.6153846153846154,Alex Highsmith
1.1538461538461535,Carlos Davis
1.5,Melvin Ingram
0.9230769230769232,Joe Schobert
1.0,Chris Wormley
2.0,Carlos Davis
0.5555555555555556,Mario Addison
1.3888888888888888,Efe Obada
1.3333333333333333,Vernon Butler
0.6666666666666666,Gregory Rousseau
1.6538461538461535,Tyson Alualu
1.1923076923076923,Melvin Ingram
0.3076923076923077,T.J. Watt
1.1153846153846154,Chris Wormley
1.0,Cameron Heyward
0.96,Melvin Ingram
0.52,T.J. Watt
2.04,Chris Wormley
1.0,Jerry Hughes
0.0384615384615384,Jordan Poyer
1.1538461538461535,Justin Zimmer
1.3461538461538465,Matt Milano
0.3846153846153846,Tremaine Edmunds
1.0,Ed Oliver
0.9615384615384616,Gregory Rousseau
0.0,Jerry Hughes
0.4,Mario Addison
1.6,Efe Obada
2.0,Ed Oliver
1.5238095238095235,Tyson Alualu
0.1904761904761904,Cameron Heyward
1.4285714285714286,Melvin Ingram
0.6190476190476191,Alex Highsmith
1.9411764705882353,Tyson Alualu
1.0,Melvin Ingram
0.7058823529411765,Chris Wormley
1.5294117647058822,Alex Highsmith
1.588235294117647,Tyson Alualu
0.1764705882352941,T.J. Watt
1.1764705882352942,Chris Wormley
0.3529411764705882,Arthur Maulet
0.9523809523809524,Cameron Heyward
1.2857142857142858,Melvin Ingram
1.0476190476190477,T.J. Watt
1.619047619047619,Chris Wormley
1.0,T.J. Watt
1.0,Chris Wormley
0.875,Alex Highsmith
1.1666666666666667,Carlos Davis
1.5,Tyson Alualu
1.3888888888888888,Cameron Heyward
1.0,Melvin Ingram
0.4444444444444444,T.J. Watt
1.5384615384615383,Tyson Alualu
1.0384615384615383,Cameron Heyward
0.6923076923076923,Melvin Ingram
1.0384615384615383,T.J. Watt
1.380952380952381,Tyson Alualu
1.0,Cameron Heyward
1.2857142857142858,T.J. Watt
0.7619047619047619,Alex Highsmith
1.5384615384615383,Efe Obada
1.0,Matt Milano
2.230769230769231,Ed Oliver
0.4615384615384615,A.J. Epenesa
0.55,Jerry Hughes
1.45,Mario Addison
1.25,Vernon Butler
1.6,Ed Oliver
1.0,Tyson Alualu
1.6666666666666667,Cameron Heyward
0.6666666666666666,T.J. Watt
1.0,Alex Highsmith
1.263157894736842,Tyson Alualu
0.9473684210526316,Cameron Heyward
0.7368421052631579,T.J. Watt
1.105263157894737,Alex Highsmith
1.8,Tyson Alualu
1.2,Cameron Heyward
0.5333333333333333,T.J. Watt
0.9333333333333332,Alex Highsmith
2.0,Tyson Alualu
1.0,Cameron Heyward
0.6428571428571429,T.J. Watt
1.0,Alex Highsmith
1.1923076923076923,Tyson Alualu
1.4230769230769231,Melvin Ingram
1.0,Chris Wormley
1.1538461538461535,Alex Highsmith
0.7777777777777778,Cameron Heyward
1.0,Melvin Ingram
1.6111111111111112,T.J. Watt
1.0555555555555556,Chris Wormley
1.3846153846153846,Cameron Heyward
1.2692307692307692,Melvin Ingram
0.6153846153846154,T.J. Watt
1.3846153846153846,Chris Wormley
1.5769230769230769,Tyson Alualu
0.5,Melvin Ingram
0.7307692307692307,T.J. Watt
1.8076923076923077,Chris Wormley
0.8571428571428571,Mario Addison
0.5714285714285714,Jordan Poyer
1.0,Efe Obada
1.1904761904761905,Vernon Butler
0.0,Tremaine Edmunds
1.9523809523809523,Harrison Phillips
1.0,Mario Addison
1.2692307692307692,Vernon Butler
1.0769230769230769,Matt Milano
1.5769230769230769,Harrison Phillips
0.7692307692307693,Jerry Hughes
1.3076923076923077,Justin Zimmer
1.2692307692307692,Ed Oliver
1.4230769230769231,Gregory Rousseau
0.88,Jerry Hughes
1.8,Justin Zimmer
1.12,Ed Oliver
1.0,Gregory Rousseau
1.6470588235294117,Cameron Heyward
0.8823529411764706,T.J. Watt
1.0,Chris Wormley
0.9411764705882352,Alex Highsmith
2.0,Cameron Heyward
1.0,T.J. Watt
1.0,Chris Wormley
0.9523809523809524,Alex Highsmith
1.5263157894736843,Tyson Alualu
1.263157894736842,Cameron Heyward
1.5789473684210529,T.J. Watt
0.4210526315789473,Alex Highsmith
1.0,Tyson Alualu
1.5384615384615383,Melvin Ingram
0.1923076923076923,T.J. Watt
1.5,Carlos Davis
1.3529411764705883,Tyson Alualu
1.3529411764705883,Cameron Heyward
1.0,Melvin Ingram
0.5294117647058824,T.J. Watt
1.25,Vernon Butler
1.75,Harrison Phillips
1.0,A.J. Epenesa
1.0,Gregory Rousseau
1.875,Tyson Alualu
1.4375,Cameron Heyward
0.625,T.J. Watt
1.0,Alex Highsmith
1.4615384615384617,Tyson Alualu
1.3846153846153846,Cameron Heyward
0.6153846153846154,Melvin Ingram
1.0769230769230769,T.J. Watt
1.85,Tyson Alualu
0.9,Melvin Ingram
0.65,T.J. Watt
1.0,Chris Wormley
1.2142857142857142,Cameron Heyward
0.3571428571428571,Joe Schobert
0.7857142857142857,T.J. Watt
1.4285714285714286,Isaiah Buggs
0.0,Jordan Poyer
1.4,Vernon Butler
0.55,Matt Milano
0.55,Tremaine Edmunds
1.25,Ed Oliver
1.0,A.J. Epenesa
1.25,Gregory Rousseau
1.3846153846153846,Vernon Butler
1.5384615384615383,Ed Oliver
1.6153846153846154,A.J. Epenesa
0.4615384615384615,Gregory Rousseau
0.9523809523809524,Jerry Hughes
0.4285714285714285,Mario Addison
1.9047619047619049,Justin Zimmer
1.5714285714285714,Harrison Phillips
1.0,Jerry Hughes
0.7894736842105263,Mario Addison
1.4736842105263157,Justin Zimmer
1.4210526315789471,Harrison Phillips
1.1578947368421053,Tyson Alualu
1.1578947368421053,T.J. Watt
2.0,Chris Wormley
0.8421052631578947,Alex Highsmith
1.08,Tyson Alualu
1.48,T.J. Watt
1.16,Chris Wormley
1.0,Alex Highsmith
1.3076923076923077,Tyson Alualu
1.5384615384615383,Cameron Heyward
0.8846153846153846,Melvin Ingram
0.9615384615384616,T.J. Watt
1.1153846153846154,Tyson Alualu
1.1538461538461535,Cameron Heyward
0.8461538461538461,Melvin Ingram
1.7307692307692308,T.J. Watt
0.5,Melvin Ingram
0.6153846153846154,T.J. Watt
2.0,Chris Wormley
1.1538461538461535,Carlos Davis
1.9166666666666667,Cameron Heyward
0.5,Melvin Ingram
0.6666666666666666,T.J. Watt
1.4583333333333333,Chris Wormley
1.263157894736842,Tyson Alualu
1.631578947368421,Cameron Heyward
1.5789473684210529,Melvin Ingram
0.7368421052631579,T.J. Watt
1.0416666666666667,Tyson Alualu
1.625,Cameron Heyward
0.9166666666666666,Melvin Ingram
1.375,Alex Highsmith
1.1538461538461535,Tyson Alualu
1.6923076923076923,Chris Wormley
0.8461538461538461,Alex Highsmith
1.1153846153846154,Jamir Jones
1.0833333333333333,DaQuan Jones
0.5833333333333334,Morgan Fox
1.0,Brian Burns
1.0,Derrick Brown
1.0,DaQuan Jones
1.6521739130434785,Shaq Thompson
0.0,Brian Burns
1.4782608695652173,Derrick Brown
0.3529411764705882,C.J. Mosley
1.6470588235294117,Sheldon Rankins
1.0,John Franklin-Myers
1.0,Folorunso Fatukasi
1.0,Bryce Huff
2.0,DaQuan Jones
0.8461538461538461,Morgan Fox
0.6923076923076923,Brian Burns
1.4230769230769231,Derrick Brown
1.3461538461538465,Morgan Fox
0.7307692307692307,Haason Reddick
0.8076923076923077,Frankie Luvu
1.5,Brian Burns
1.0,Yetur Gross-Matos
0.3571428571428571,C.J. Mosley
2.0,Sheldon Rankins
1.0,Shaq Lawson
0.0,John Franklin-Myers
1.2857142857142858,Quinnen Williams
0.0,Del'Shawn Phillips
0.5882352941176471,C.J. Mosley
1.411764705882353,Sheldon Rankins
0.8235294117647058,Shaq Lawson
0.4705882352941176,Marcus Maye
0.7647058823529411,John Franklin-Myers
1.1764705882352942,Quinnen Williams
1.0,Sheldon Rankins
1.0,John Franklin-Myers
1.8461538461538465,Quinnen Williams
0.5384615384615384,Bryce Huff
0.3076923076923077,Michael Carter
2.9583333333333335,DaQuan Jones
0.3333333333333333,Jermaine Carter
0.8333333333333334,Jeremy Chinn
1.4166666666666667,Daviyon Nixon
0.7692307692307693,Morgan Fox
0.8461538461538461,Haason Reddick
0.7307692307692307,Brian Burns
1.6153846153846154,Derrick Brown
1.8888888888888888,Nathan Shepherd
2.0,Folorunso Fatukasi
2.1666666666666665,Tim Ward
0.1666666666666666,Bryce Huff
0.7894736842105263,C.J. Mosley
0.5789473684210527,Sheldon Rankins
1.2105263157894737,John Franklin-Myers
1.1578947368421053,Quinnen Williams
0.8947368421052632,Bryce Huff
1.0,Shaq Lawson
1.0909090909090908,Nathan Shepherd
1.8636363636363635,Folorunso Fatukasi
1.0,Tim Ward
1.0526315789473684,Sheldon Rankins
0.7894736842105263,Marcus Maye
1.2105263157894737,John Franklin-Myers
1.5263157894736843,Quinnen Williams
1.0,Bryce Huff
1.0,Sheldon Rankins
1.0,John Franklin-Myers
1.5294117647058822,Quinnen Williams
0.8823529411764706,Bryce Huff
1.0,DaQuan Jones
0.6818181818181818,Frankie Luvu
0.9545454545454546,Brian Burns
1.0454545454545454,Daviyon Nixon
1.0952380952380951,DaQuan Jones
1.0,Haason Reddick
1.0,Brian Burns
1.0,Derrick Brown
0.7307692307692307,John Franklin-Myers
1.0769230769230769,Folorunso Fatukasi
1.7692307692307692,Quinnen Williams
1.0,Bryce Huff
1.5625,Sheldon Rankins
1.0,Shaq Lawson
1.1875,Nathan Shepherd
1.0,Bryce Huff
0.0,Haason Reddick
1.0,Marquis Haynes
0.6923076923076923,Derrick Brown
1.5769230769230769,Yetur Gross-Matos
1.8076923076923077,Bravvion Roy
1.0,Haason Reddick
0.8125,Marquis Haynes
1.875,Derrick Brown
1.3125,Bravvion Roy
1.0,Marquis Haynes
1.2352941176470589,Derrick Brown
2.0,Yetur Gross-Matos
0.7647058823529411,Bravvion Roy
2.3125,DaQuan Jones
0.625,Haason Reddick
1.0,Brian Burns
0.6875,Derrick Brown
1.5416666666666667,DaQuan Jones
1.4583333333333333,Juston Burris
1.2083333333333333,Frankie Luvu
1.0,Brian Burns
0.875,Derrick Brown
1.3461538461538465,Sheldon Rankins
1.6923076923076923,Shaq Lawson
2.076923076923077,Nathan Shepherd
1.1153846153846154,John Franklin-Myers
1.0476190476190477,DaQuan Jones
0.6666666666666666,Marquis Haynes
1.1428571428571428,Frankie Luvu
2.2857142857142856,Daviyon Nixon
1.6923076923076923,DaQuan Jones
0.3076923076923077,Jermaine Carter
0.8461538461538461,Frankie Luvu
2.0,Daviyon Nixon
1.0,DaQuan Jones
0.8461538461538461,Marquis Haynes
0.9615384615384616,Frankie Luvu
1.0384615384615383,Daviyon Nixon
0.7727272727272727,Shaq Lawson
2.090909090909091,Nathan Shepherd
1.0,Folorunso Fatukasi
1.0,Tim Ward
0.1363636363636363,Michael Carter
0.6923076923076923,Shaq Lawson
1.6923076923076923,Nathan Shepherd
1.0,Tim Ward
1.8571428571428572,Sheldon Rankins
0.9523809523809524,John Franklin-Myers
1.0476190476190477,Quinnen Williams
0.8571428571428571,Bryce Huff
1.0,Sheldon Rankins
0.5454545454545454,John Franklin-Myers
2.272727272727273,Quinnen Williams
0.7272727272727273,Bryce Huff
0.4545454545454545,Michael Carter
1.8636363636363635,Sheldon Rankins
0.9090909090909092,John Franklin-Myers
1.0,Quinnen Williams
0.9545454545454546,Bryce Huff
0.8823529411764706,Shaq Lawson
0.8823529411764706,John Franklin-Myers
1.8823529411764703,Folorunso Fatukasi
2.0,Quinnen Williams
0.8846153846153846,C.J. Mosley
1.0,Shaq Lawson
0.9230769230769232,John Franklin-Myers
1.0769230769230769,Folorunso Fatukasi
1.1153846153846154,Quinnen Williams
1.4375,DaQuan Jones
0.6875,Haason Reddick
1.125,Brian Burns
1.375,Derrick Brown
0.0,
1.6875,DaQuan Jones
0.875,Haason Reddick
1.0,Brian Burns
1.0625,Derrick Brown
0.782608695652174,DaQuan Jones
1.4782608695652173,Morgan Fox
0.8260869565217391,Haason Reddick
1.173913043478261,Brian Burns
2.130434782608696,Sheldon Rankins
1.3478260869565215,Nathan Shepherd
1.3043478260869563,John Franklin-Myers
1.565217391304348,Tim Ward
1.9,Sheldon Rankins
0.55,Marcus Maye
2.2,Nathan Shepherd
0.1,John Franklin-Myers
0.7,Tim Ward
0.8235294117647058,Sheldon Rankins
0.6470588235294118,Adrian Colbert
1.1764705882352942,John Franklin-Myers
1.3529411764705883,Quinnen Williams
0.7058823529411765,Del'Shawn Phillips
1.0,Bryce Huff
1.6538461538461535,DaQuan Jones
1.0384615384615383,Haason Reddick
0.9615384615384616,Brian Burns
1.4230769230769231,Daviyon Nixon
1.9615384615384617,Morgan Fox
0.8076923076923077,Haason Reddick
1.5769230769230769,Brian Burns
0.6923076923076923,Derrick Brown
1.0,Shaq Lawson
1.4736842105263157,Folorunso Fatukasi
1.0,Quinnen Williams
1.0,Bryce Huff
1.35,C.J. Mosley
1.15,Sheldon Rankins
0.7,John Franklin-Myers
1.15,Quinnen Williams
0.55,Bryce Huff
1.7307692307692308,Marquis Haynes
1.0,Frankie Luvu
1.4615384615384617,Derrick Brown
1.2692307692307692,Bravvion Roy
0.8666666666666667,Shaq Thompson
1.0,Morgan Fox
1.1333333333333333,Marquis Haynes
1.0666666666666669,Derrick Brown
0.8,Bravvion Roy
1.8461538461538465,DaQuan Jones
1.0,Morgan Fox
0.6153846153846154,Brian Burns
1.1538461538461535,Daviyon Nixon
1.1111111111111112,Sheldon Rankins
0.8888888888888888,Shaq Lawson
2.0555555555555554,John Franklin-Myers
1.0,Bryce Huff
1.0666666666666669,DaQuan Jones
0.4666666666666667,Juston Burris
0.2,Haason Reddick
1.6666666666666667,Derrick Brown
1.7333333333333334,Yetur Gross-Matos
1.4615384615384617,DaQuan Jones
1.4230769230769231,Shaq Thompson
0.1153846153846153,Jermaine Carter
1.0769230769230769,Derrick Brown
0.9230769230769232,Yetur Gross-Matos
0.0,Shaq Thompson
1.5384615384615383,Morgan Fox
0.6153846153846154,Haason Reddick
1.8076923076923077,Frankie Luvu
0.4615384615384615,Brian Burns
1.3846153846153846,Yetur Gross-Matos
1.0,Shaq Lawson
1.0,John Franklin-Myers
1.7083333333333333,Folorunso Fatukasi
1.0,Quinnen Williams
0.8421052631578947,Sheldon Rankins
1.0,Shaq Lawson
1.1578947368421053,Nathan Shepherd
1.894736842105263,Bryce Huff
1.2083333333333333,Shaq Thompson
1.7916666666666667,Morgan Fox
0.9583333333333334,Brian Burns
1.3333333333333333,Derrick Brown
0.7857142857142857,Shaq Thompson
2.0,Morgan Fox
0.5,Brian Burns
1.6428571428571428,Derrick Brown
1.25,DaQuan Jones
0.1666666666666666,Haason Reddick
0.9166666666666666,Marquis Haynes
1.8333333333333333,Yetur Gross-Matos
2.4615384615384617,DaQuan Jones
0.5769230769230769,Haason Reddick
0.6153846153846154,Brian Burns
1.3846153846153846,Yetur Gross-Matos
1.5714285714285714,DaQuan Jones
1.1904761904761905,Shaq Thompson
1.238095238095238,Morgan Fox
0.9523809523809524,Brian Burns
0.238095238095238,Jeremy Chinn
1.0384615384615383,DaQuan Jones
1.3846153846153846,Morgan Fox
0.8461538461538461,Haason Reddick
0.6153846153846154,Marquis Haynes
0.6923076923076923,Marquis Haynes
1.0,Frankie Luvu
0.8846153846153846,Derrick Brown
1.0384615384615383,Yetur Gross-Matos
0.8695652173913043,Frankie Luvu
0.8260869565217391,Brian Burns
1.0,Derrick Brown
1.608695652173913,Yetur Gross-Matos
1.0,DaQuan Jones
1.0588235294117647,Morgan Fox
0.8823529411764706,Haason Reddick
0.5882352941176471,Brian Burns
1.0625,D.J. Reader
1.0,Larry Ogunjobi
0.8125,Trey Hendrickson
1.8125,Josh Tupou
1.0476190476190477,Larry Ogunjobi
1.0,Trey Hendrickson
1.0,Sam Hubbard
1.7142857142857142,Cameron Sample
1.7272727272727273,D.J. Reader
1.1363636363636365,Larry Ogunjobi
0.9545454545454546,Trey Hendrickson
1.0,Sam Hubbard
1.3333333333333333,Larry Ogunjobi
1.4,Trey Hendrickson
0.8,Sam Hubbard
1.6666666666666667,Everson Griffen
1.0833333333333333,Sheldon Richardson
1.0,Danielle Hunter
0.8333333333333334,D.J. Wonnum
0.6666666666666666,Vonn Bell
1.75,Larry Ogunjobi
0.8333333333333334,Trey Hendrickson
0.9166666666666666,Sam Hubbard
0.5,Cameron Sample
1.0,Danielle Hunter
1.0,Mackensie Alexander
0.0,Nick Vigil
1.75,Michael Pierce
1.25,Dalvin Tomlinson
1.05,Everson Griffen
1.05,Sheldon Richardson
1.6,Danielle Hunter
1.7391304347826086,D.J. Reader
0.5217391304347826,Trey Hendrickson
0.5217391304347826,Josh Tupou
0.9565217391304348,B.J. Hill
1.2173913043478262,Sam Hubbard
0.6956521739130435,Germaine Pratt
1.1923076923076923,Larry Ogunjobi
1.0,Trey Hendrickson
1.6538461538461535,Sam Hubbard
3.0,Everson Griffen
1.0,Sheldon Richardson
0.0,Danielle Hunter
1.0,Nick Vigil
0.0,D.J. Wonnum
0.2,Mike Hilton
1.3333333333333333,Josh Tupou
1.0,B.J. Hill
1.4666666666666666,Wyatt Ray
0.6666666666666666,Cameron Sample
1.0,D.J. Reader
1.0,Larry Ogunjobi
1.0,Trey Hendrickson
1.3478260869565215,Sam Hubbard
1.5,Larry Ogunjobi
1.0,Trey Hendrickson
0.875,Sam Hubbard
1.0,Cameron Sample
0.1923076923076923,Everson Griffen
0.9230769230769232,Nick Vigil
1.1153846153846154,Dalvin Tomlinson
1.9615384615384617,Armon Watts
0.8076923076923077,D.J. Wonnum
1.15,Everson Griffen
1.05,Sheldon Richardson
0.95,Danielle Hunter
1.35,D.J. Wonnum
1.0,Everson Griffen
0.5,Harrison Smith
2.1153846153846154,Dalvin Tomlinson
1.5,Armon Watts
1.0,D.J. Wonnum
1.0,Everson Griffen
0.1764705882352941,Eric Kendricks
1.0588235294117647,Nick Vigil
1.2352941176470589,Dalvin Tomlinson
1.2352941176470589,Armon Watts
0.7647058823529411,D.J. Wonnum
0.5,Eric Kendricks
1.1923076923076923,Danielle Hunter
1.3461538461538465,Michael Pierce
0.9230769230769232,Dalvin Tomlinson
1.0,D.J. Wonnum
0.0,Mike Hilton
1.7647058823529411,Larry Ogunjobi
0.4117647058823529,Sam Hubbard
1.8823529411764703,Cameron Sample
1.1666666666666667,Larry Ogunjobi
1.0,Trey Hendrickson
1.0833333333333333,Sam Hubbard
1.7083333333333333,Cameron Sample
1.8846153846153848,Larry Ogunjobi
1.1153846153846154,Trey Hendrickson
0.4615384615384615,Sam Hubbard
1.5384615384615383,Cameron Sample
1.8823529411764703,Everson Griffen
1.1764705882352942,Sheldon Richardson
1.0,Danielle Hunter
0.8235294117647058,D.J. Wonnum
1.7894736842105263,Everson Griffen
0.8421052631578947,Sheldon Richardson
1.263157894736842,Danielle Hunter
1.0,D.J. Wonnum
1.434782608695652,Everson Griffen
1.2608695652173914,Sheldon Richardson
0.9130434782608696,Danielle Hunter
0.8695652173913043,D.J. Wonnum
1.3636363636363635,Everson Griffen
0.8636363636363636,Harrison Smith
1.4545454545454546,Sheldon Richardson
0.6363636363636364,Eric Kendricks
0.4090909090909091,Danielle Hunter
1.6923076923076923,Larry Ogunjobi
1.0,Trey Hendrickson
0.8846153846153846,Sam Hubbard
1.5833333333333333,Larry Ogunjobi
1.0,Trey Hendrickson
1.7083333333333333,B.J. Hill
0.2916666666666667,Sam Hubbard
1.7692307692307692,D.J. Reader
1.4615384615384617,Wyatt Ray
0.8846153846153846,Darius Hodge
0.3333333333333333,Danielle Hunter
0.4166666666666667,Mackensie Alexander
1.0,Michael Pierce
1.6666666666666667,Dalvin Tomlinson
1.5833333333333333,D.J. Wonnum
1.0,Danielle Hunter
0.4230769230769231,Mackensie Alexander
1.0769230769230769,Michael Pierce
1.0,Dalvin Tomlinson
1.9230769230769231,D.J. Wonnum
1.565217391304348,Everson Griffen
1.2608695652173914,Sheldon Richardson
1.7391304347826086,Danielle Hunter
0.4347826086956521,D.J. Wonnum
1.0,Sheldon Richardson
0.04,Eric Kendricks
1.0,Danielle Hunter
2.52,Armon Watts
1.0,D.J. Wonnum
1.3846153846153846,D.J. Reader
1.4230769230769231,Larry Ogunjobi
2.0,Trey Hendrickson
0.6538461538461539,Sam Hubbard
1.8823529411764703,Josh Tupou
1.2941176470588236,B.J. Hill
0.7058823529411765,Sam Hubbard
1.1176470588235294,Wyatt Ray
2.0,B.J. Hill
0.8571428571428571,Sam Hubbard
0.7142857142857143,Wyatt Ray
1.9615384615384617,Danielle Hunter
1.8461538461538465,Stephen Weatherly
0.4230769230769231,Michael Pierce
1.5769230769230769,Dalvin Tomlinson
0.9375,Everson Griffen
2.3125,Sheldon Richardson
0.9375,Danielle Hunter
1.3076923076923077,Josh Tupou
1.8076923076923077,B.J. Hill
1.8461538461538465,Wyatt Ray
1.1923076923076923,Cameron Sample
1.2,Larry Ogunjobi
1.95,Trey Hendrickson
0.4,Sam Hubbard
0.05,Logan Wilson
0.75,Cameron Sample
0.7142857142857143,Larry Ogunjobi
1.0,Trey Hendrickson
0.6428571428571429,Jordan Evans
0.2857142857142857,Jessie Bates
0.7142857142857143,Sam Hubbard
2.0714285714285716,Cameron Sample
1.5909090909090908,D.J. Reader
1.5454545454545454,Larry Ogunjobi
0.3181818181818182,Josh Tupou
1.6363636363636365,Sam Hubbard
1.4230769230769231,Larry Ogunjobi
1.4615384615384617,Josh Tupou
2.0,Sam Hubbard
1.0,Trey Hendrickson
2.0,B.J. Hill
0.9166666666666666,Sam Hubbard
1.8333333333333333,Logan Wilson
1.0,D.J. Reader
0.0,Mike Hilton
0.1111111111111111,Chidobe Awuzie
1.8333333333333333,B.J. Hill
1.1111111111111112,Wyatt Ray
1.0,Cameron Sample
1.625,D.J. Reader
1.0,B.J. Hill
1.0416666666666667,Wyatt Ray
1.0,Cameron Sample
1.8461538461538465,Everson Griffen
2.1538461538461537,Sheldon Richardson
1.3076923076923077,Danielle Hunter
0.8076923076923077,D.J. Wonnum
1.0,D.J. Reader
1.85,Larry Ogunjobi
1.0,Trey Hendrickson
0.9,Sam Hubbard
0.5384615384615384,Ricardo Allen
0.2307692307692307,Mike Hilton
1.0,Trey Hendrickson
0.9615384615384616,Jordan Evans
0.4615384615384615,B.J. Hill
1.1153846153846154,Sam Hubbard
1.1153846153846154,Cameron Sample
0.7222222222222222,Mike Hilton
1.5555555555555556,Larry Ogunjobi
0.4444444444444444,Trey Hendrickson
1.6666666666666667,B.J. Hill
0.6818181818181818,Mike Hilton
1.1363636363636365,Larry Ogunjobi
0.6818181818181818,Trey Hendrickson
1.0,B.J. Hill
0.8181818181818182,Sam Hubbard
1.0,Larry Ogunjobi
1.3,Trey Hendrickson
1.45,B.J. Hill
0.85,Sam Hubbard
2.0,Larry Ogunjobi
0.8125,Trey Hendrickson
1.0625,B.J. Hill
0.8125,Sam Hubbard
0.1875,Logan Wilson
1.6538461538461535,D.J. Reader
1.5384615384615383,Larry Ogunjobi
1.0,Trey Hendrickson
1.8461538461538465,Sam Hubbard
2.2142857142857144,D.J. Reader
1.0,Trey Hendrickson
0.5,Sam Hubbard
1.3571428571428572,Cameron Sample
1.6666666666666667,D.J. Reader
1.0,Trey Hendrickson
1.0,Sam Hubbard
1.0,Cameron Sample
1.625,Everson Griffen
1.0833333333333333,Danielle Hunter
1.375,Michael Pierce
1.9166666666666667,Dalvin Tomlinson
1.3461538461538465,Everson Griffen
0.6923076923076923,Danielle Hunter
1.1923076923076923,Michael Pierce
1.5,Dalvin Tomlinson
1.238095238095238,D.J. Reader
2.0,Larry Ogunjobi
1.238095238095238,Trey Hendrickson
0.1904761904761904,Logan Wilson
1.3157894736842106,Larry Ogunjobi
1.6842105263157894,Trey Hendrickson
0.9473684210526316,Sam Hubbard
1.0526315789473684,Cameron Sample
1.0,Everson Griffen
1.25,Sheldon Richardson
2.0,Danielle Hunter
0.75,D.J. Wonnum
0.9523809523809524,Larry Ogunjobi
0.6190476190476191,Trey Hendrickson
0.8571428571428571,Jordan Evans
1.761904761904762,Cameron Sample
0.9230769230769232,Danielle Hunter
0.5384615384615384,Michael Pierce
1.3846153846153846,Dalvin Tomlinson
1.6538461538461535,Armon Watts
0.0,D.J. Wonnum
0.65,K'Waun Williams
1.2,Arik Armstead
1.15,D.J. Jones
0.35,Kentavius Street
1.0,Nick Bosa
1.4,Dee Ford
1.24,Arik Armstead
1.04,Samson Ebukam
1.0,Nick Bosa
1.0869565217391304,Zach Kerr
0.9130434782608696,Samson Ebukam
1.1304347826086956,Arden Key
1.565217391304348,Kentavius Street
1.16,Dee Ford
1.6,Arik Armstead
1.36,Samson Ebukam
0.64,Nick Bosa
1.1764705882352942,Nicholas Williams
1.0,Trey Flowers
0.4705882352941176,Romeo Okwara
1.4705882352941178,Kevin Strong
1.4545454545454546,Nicholas Williams
0.8181818181818182,Trey Flowers
1.2272727272727273,Romeo Okwara
2.1818181818181817,Kevin Strong
1.3333333333333333,Zach Kerr
1.3333333333333333,Arik Armstead
0.0,
1.3333333333333333,Nick Bosa
1.2,Kevin Givens
1.0769230769230769,Arik Armstead
1.9230769230769231,D.J. Jones
1.0384615384615383,Kentavius Street
1.3846153846153846,Nick Bosa
0.8461538461538461,Arik Armstead
1.2307692307692308,D.J. Jones
1.0384615384615383,Kentavius Street
1.1538461538461535,Nick Bosa
0.7777777777777778,Dee Ford
0.9444444444444444,Arik Armstead
1.0,Samson Ebukam
1.7777777777777777,Fred Warner
1.0,Nick Bosa
2.272727272727273,Zach Kerr
1.0,Samson Ebukam
0.4545454545454545,Arden Key
1.0,Kevin Givens
1.9090909090909092,Arik Armstead
1.0,Samson Ebukam
1.0909090909090908,D.J. Jones
1.0,Kevin Givens
1.2608695652173914,Arik Armstead
1.2608695652173914,D.J. Jones
1.0,Kentavius Street
1.0,Nick Bosa
1.5555555555555556,Dee Ford
1.4444444444444444,Arik Armstead
0.9444444444444444,Nick Bosa
1.0555555555555556,Kevin Givens
1.0,Michael Brockers
1.0,Trey Flowers
2.0,Kevin Strong
2.0,John Penisini
1.0,Michael Brockers
1.0,Trey Flowers
0.4615384615384615,Romeo Okwara
1.3076923076923077,Kevin Strong
1.2307692307692308,John Penisini
1.5,Dee Ford
1.7777777777777777,Arik Armstead
1.0,Samson Ebukam
1.0,Nick Bosa
0.5652173913043478,Dee Ford
1.391304347826087,Arik Armstead
1.608695652173913,Samson Ebukam
1.391304347826087,Nick Bosa
2.0,Michael Brockers
1.3461538461538465,Nicholas Williams
0.6923076923076923,Charles Harris
1.3846153846153846,Alim McNeill
1.9545454545454544,Michael Brockers
0.9545454545454546,Nicholas Williams
0.9090909090909092,Romeo Okwara
1.4545454545454546,Alim McNeill
1.0,Dee Ford
1.9166666666666667,Arik Armstead
0.7916666666666666,Kentavius Street
1.2083333333333333,Nick Bosa
0.8461538461538461,Dee Ford
1.2692307692307692,Arik Armstead
0.9230769230769232,Nick Bosa
1.0769230769230769,Kevin Givens
1.5714285714285714,Dee Ford
1.1428571428571428,Arik Armstead
1.2857142857142858,Nick Bosa
1.238095238095238,Kevin Givens
1.0,Trey Flowers
0.9230769230769232,Romeo Okwara
1.0,Charles Harris
2.0,Kevin Strong
1.0384615384615383,Trey Flowers
1.4230769230769231,Charles Harris
1.2307692307692308,Tracy Walker
1.9615384615384617,Kevin Strong
0.5769230769230769,Ifeatu Melifonwu
1.5,Trey Flowers
0.7692307692307693,Charles Harris
2.0,Kevin Strong
0.9230769230769232,Ifeatu Melifonwu
2.0,Romeo Okwara
1.391304347826087,Austin Bryant
1.7826086956521738,Kevin Strong
1.0,Nicholas Williams
1.5,Kevin Strong
1.125,John Penisini
1.0,Alim McNeill
1.5769230769230769,Michael Brockers
1.0,Nicholas Williams
1.2692307692307692,Trey Flowers
0.0,Romeo Okwara
1.0384615384615383,Alim McNeill
0.8,Arik Armstead
1.4,D.J. Jones
1.7333333333333334,Kentavius Street
1.3333333333333333,Nick Bosa
0.7727272727272727,Arik Armstead
1.181818181818182,D.J. Jones
1.2272727272727273,Kentavius Street
1.7727272727272727,Nick Bosa
1.7222222222222223,Dee Ford
0.0,K'Waun Williams
2.111111111111111,Arik Armstead
1.0,Samson Ebukam
0.2222222222222222,Nick Bosa
0.8571428571428571,Jamie Collins
1.0,Trey Flowers
1.0,Romeo Okwara
1.0,Charles Harris
0.1428571428571428,Alex Anzalone
1.7142857142857142,Kevin Strong
0.0769230769230769,Samson Ebukam
0.0,D.J. Jones
2.8461538461538463,Arden Key
1.2307692307692308,Kevin Givens
0.7692307692307693,Azeez Al-Shaair
1.1923076923076923,Samson Ebukam
0.9230769230769232,Arden Key
1.0,Kentavius Street
1.5,Kevin Givens
0.7692307692307693,Zach Kerr
1.4615384615384617,Arik Armstead
1.3461538461538465,Arden Key
1.7692307692307692,Kentavius Street
1.0,Michael Brockers
1.0,Trey Flowers
0.8947368421052632,Romeo Okwara
1.105263157894737,Kevin Strong
2.0,John Penisini
0.8461538461538461,Arik Armstead
1.0384615384615383,D.J. Jones
1.1538461538461535,Kentavius Street
2.3461538461538463,Nick Bosa
1.0526315789473684,Arik Armstead
1.8421052631578947,D.J. Jones
1.105263157894737,Kentavius Street
0.8947368421052632,Nick Bosa
1.2692307692307692,Dee Ford
1.1538461538461535,Arik Armstead
0.8461538461538461,Nick Bosa
1.5769230769230769,Kevin Givens
2.5714285714285716,Trey Flowers
0.0,Romeo Okwara
0.0,Alex Anzalone
0.7142857142857143,Tracy Walker
2.142857142857143,Kevin Strong
1.1153846153846154,Nicholas Williams
1.6153846153846154,Romeo Okwara
0.0,Tracy Walker
1.8076923076923077,Kevin Strong
1.2692307692307692,John Penisini
1.434782608695652,Samson Ebukam
0.782608695652174,D.J. Jones
0.8695652173913043,Arden Key
1.3478260869565215,Kentavius Street
2.3333333333333335,Zach Kerr
1.0,Samson Ebukam
0.6666666666666666,Arden Key
1.0,Kentavius Street
1.25,Dee Ford
0.875,Arik Armstead
1.3333333333333333,Arden Key
1.2916666666666667,Kevin Givens
1.75,Dee Ford
1.375,Arik Armstead
1.0,Samson Ebukam
1.4375,Nick Bosa
1.16,Dee Ford
1.28,Arik Armstead
1.4,Samson Ebukam
0.84,Nick Bosa
0.9090909090909092,Trey Flowers
0.8181818181818182,Romeo Okwara
1.0,Charles Harris
1.5454545454545454,Kevin Strong
0.0,A.J. Parker
0.8571428571428571,Arik Armstead
1.1428571428571428,Arden Key
1.380952380952381,Kentavius Street
1.0,Kevin Givens
0.7368421052631579,Arik Armstead
0.9473684210526316,Arden Key
2.0,Kentavius Street
1.263157894736842,Kevin Givens
0.7368421052631579,Arik Armstead
0.8947368421052632,Arden Key
1.368421052631579,Kentavius Street
1.263157894736842,Kevin Givens
1.25,Zach Kerr
1.4583333333333333,Samson Ebukam
1.0416666666666667,D.J. Jones
0.9583333333333334,Nick Bosa
0.0,Dee Ford
1.8333333333333333,Arik Armstead
1.4166666666666667,Arden Key
1.875,Kevin Givens
0.5909090909090909,Dee Ford
1.7272727272727273,Arik Armstead
1.5,Arden Key
1.3636363636363635,Kevin Givens
0.5,Dee Ford
1.2727272727272727,Arik Armstead
1.5,Arden Key
1.2727272727272727,Kevin Givens
2.25,Samson Ebukam
1.0,D.J. Jones
1.25,Kentavius Street
1.0,Nick Bosa
1.0,Samson Ebukam
1.75,D.J. Jones
1.0,Kentavius Street
1.0,Nick Bosa
1.434782608695652,Samson Ebukam
1.434782608695652,D.J. Jones
1.391304347826087,Arden Key
1.0869565217391304,Kentavius Street
0.75,Dee Ford
1.85,Samson Ebukam
1.25,Kentavius Street
1.35,Kevin Givens
0.8571428571428571,Dee Ford
1.3333333333333333,Samson Ebukam
1.1428571428571428,Kentavius Street
1.3333333333333333,Kevin Givens
1.318181818181818,Dee Ford
1.5909090909090908,Samson Ebukam
1.0909090909090908,Kentavius Street
1.5909090909090908,Kevin Givens
1.3571428571428572,Arik Armstead
1.7142857142857142,D.J. Jones
0.8571428571428571,Fred Warner
0.7857142857142857,Arden Key
0.0714285714285714,Deommodore Lenoir
1.588235294117647,Arik Armstead
1.1764705882352942,D.J. Jones
0.9411764705882352,Arden Key
1.1764705882352942,Nick Bosa
1.4210526315789471,Michael Brockers
1.0,Nicholas Williams
0.2631578947368421,Romeo Okwara
2.0,Alim McNeill
2.0,Dee Ford
1.0,Arik Armstead
0.7222222222222222,Nick Bosa
1.6111111111111112,Kevin Givens
1.3076923076923077,Dee Ford
1.0384615384615383,Arik Armstead
1.5,Nick Bosa
1.5,Kevin Givens
0.9,Dee Ford
1.95,Arik Armstead
0.6,Nick Bosa
1.4,Kevin Givens
0.9230769230769232,Dee Ford
1.1153846153846154,Arik Armstead
0.9230769230769232,Nick Bosa
1.2307692307692308,Kevin Givens
1.0384615384615383,Arik Armstead
0.8846153846153846,Arden Key
2.269230769230769,Kentavius Street
0.9615384615384616,Nick Bosa
1.1538461538461535,Dee Ford
1.5384615384615383,Arik Armstead
1.0769230769230769,Kentavius Street
0.9615384615384616,Nick Bosa
0.7647058823529411,Dee Ford
1.0,Samson Ebukam
1.6470588235294117,Kentavius Street
0.9411764705882352,Nick Bosa
0.5769230769230769,Dee Ford
1.0769230769230769,Samson Ebukam
1.0769230769230769,Kentavius Street
2.0384615384615383,Nick Bosa
2.0,Malcom Brown
1.6666666666666667,Roy Robertson-Harris
0.3333333333333333,Dawuane Smoot
0.4666666666666667,Rayshawn Jenkins
1.0,Josh Allen
1.6111111111111112,Jihad Ward
1.3333333333333333,Dawuane Smoot
0.8888888888888888,Josh Allen
0.9411764705882352,Whitney Mercilus
0.9411764705882352,Maliek Collins
0.7058823529411765,Jacob Martin
1.0588235294117647,Charles Omenihu
1.4615384615384617,Roy Robertson-Harris
0.9230769230769232,Dawuane Smoot
0.5769230769230769,Rudy Ford
1.0,Josh Allen
2.0,Davon Hamilton
0.5625,Jihad Ward
1.0,Dawuane Smoot
1.9375,Taven Bryan
1.0,Davon Hamilton
2.0,Jihad Ward
2.3,Dawuane Smoot
0.0,Jihad Ward
1.32,Roy Robertson-Harris
1.28,Dawuane Smoot
1.64,Josh Allen
0.72,K'Lavon Chaisson
2.1176470588235294,Whitney Mercilus
1.3529411764705883,Maliek Collins
1.8235294117647056,Vincent Taylor
1.0,Charles Omenihu
0.8666666666666667,Whitney Mercilus
1.8666666666666667,Maliek Collins
1.0,Jacob Martin
1.0,Charles Omenihu
1.5,Malcom Brown
0.9,Dawuane Smoot
0.85,Rayshawn Jenkins
1.35,Taven Bryan
1.2,Josh Allen
1.1153846153846154,Malcom Brown
1.7692307692307692,Jihad Ward
0.7692307692307693,Rudy Ford
1.1153846153846154,Taven Bryan
1.0,Josh Allen
1.0,Malcom Brown
0.8235294117647058,Myles Jack
1.0,Taven Bryan
1.1176470588235294,Josh Allen
0.0,K'Lavon Chaisson
1.0588235294117647,Davon Hamilton
2.0,Malcom Brown
1.45,Roy Robertson-Harris
0.9,Dawuane Smoot
0.55,Josh Allen
0.6956521739130435,Jordan Jenkins
1.2173913043478262,DeMarcus Walker
1.3043478260869563,Ross Blacklock
1.4782608695652173,Roy Lopez
1.1538461538461535,Jordan Jenkins
1.3076923076923077,DeMarcus Walker
1.3076923076923077,Jacob Martin
0.6923076923076923,Ross Blacklock
1.0,Whitney Mercilus
1.4166666666666667,Maliek Collins
0.9166666666666666,Zach Cunningham
1.0,Vincent Taylor
1.6666666666666667,Charles Omenihu
0.8421052631578947,Jordan Jenkins
0.5789473684210527,DeMarcus Walker
2.1052631578947367,Vincent Taylor
1.105263157894737,Ross Blacklock
1.5,Malcom Brown
1.0,Jihad Ward
1.7692307692307692,Taven Bryan
0.7692307692307693,K'Lavon Chaisson
1.0,Davon Hamilton
1.7692307692307692,Malcom Brown
0.8461538461538461,Jihad Ward
1.4615384615384617,Taven Bryan
0.8076923076923077,K'Lavon Chaisson
1.8461538461538465,Davon Hamilton
0.0,Myles Jack
1.7,Jihad Ward
1.45,Dawuane Smoot
1.0,Josh Allen
0.6,K'Lavon Chaisson
1.8333333333333333,Malcom Brown
1.0,Roy Robertson-Harris
1.0,Dawuane Smoot
1.0,Josh Allen
2.0,Jihad Ward
2.0,Roy Robertson-Harris
0.0,Rudy Ford
1.0,Josh Allen
0.8888888888888888,DeMarcus Walker
0.8333333333333334,Jacob Martin
1.5555555555555556,Ross Blacklock
1.1666666666666667,Roy Lopez
1.0384615384615383,DeMarcus Walker
0.8846153846153846,Jacob Martin
1.2307692307692308,Ross Blacklock
1.2307692307692308,Roy Lopez
1.9615384615384617,Malcom Brown
0.4615384615384615,Jihad Ward
1.0,Taven Bryan
0.7307692307692307,Davon Hamilton
0.8846153846153846,Whitney Mercilus
1.5769230769230769,Maliek Collins
1.1153846153846154,Vincent Taylor
1.1538461538461535,Charles Omenihu
0.3846153846153846,Lerentee McCray
1.2307692307692308,Malcom Brown
1.4615384615384617,Roy Robertson-Harris
0.7692307692307693,Josh Allen
1.1538461538461535,Davon Hamilton
0.9473684210526316,Whitney Mercilus
1.2105263157894737,Maliek Collins
0.8947368421052632,Jacob Martin
1.4736842105263157,Charles Omenihu
0.8947368421052632,Whitney Mercilus
1.631578947368421,Maliek Collins
0.3684210526315789,Jacob Martin
1.631578947368421,Charles Omenihu
0.7857142857142857,Whitney Mercilus
1.7857142857142858,Maliek Collins
0.8571428571428571,Jacob Martin
1.1428571428571428,Charles Omenihu
2.0,Jihad Ward
2.0,Dawuane Smoot
0.8076923076923077,Rudy Ford
1.0,Josh Allen
1.3043478260869563,Jihad Ward
1.5217391304347827,Dawuane Smoot
1.6956521739130437,Josh Allen
0.4782608695652174,K'Lavon Chaisson
1.8076923076923077,Jihad Ward
2.0384615384615383,Dawuane Smoot
0.8076923076923077,Rudy Ford
0.2692307692307692,K'Lavon Chaisson
0.7727272727272727,Jihad Ward
1.9545454545454544,Dawuane Smoot
1.4545454545454546,Josh Allen
0.7727272727272727,K'Lavon Chaisson
1.3636363636363635,Whitney Mercilus
1.3636363636363635,Maliek Collins
0.6363636363636364,Jacob Martin
1.4545454545454546,Charles Omenihu
2.0,Jihad Ward
1.0,Roy Robertson-Harris
2.0,Dawuane Smoot
1.3478260869565215,DeMarcus Walker
0.9130434782608696,Jacob Martin
1.7826086956521738,Ross Blacklock
0.9565217391304348,Roy Lopez
1.0384615384615383,Jordan Jenkins
2.0384615384615383,DeMarcus Walker
0.3846153846153846,Jacob Martin
1.6153846153846154,Ross Blacklock
1.6842105263157894,Malcom Brown
1.0,Taven Bryan
0.4210526315789473,Josh Allen
1.2105263157894737,Davon Hamilton
1.0,Lerentee McCray
1.0625,Malcom Brown
1.4375,Jihad Ward
0.3125,Rayshawn Jenkins
1.1875,Taven Bryan
0.9375,Davon Hamilton
0.8421052631578947,Whitney Mercilus
2.0526315789473686,Maliek Collins
1.1578947368421053,Vincent Taylor
0.4736842105263157,Charles Omenihu
0.8,Whitney Mercilus
1.2666666666666666,Maliek Collins
0.7333333333333333,Jacob Martin
2.0,Charles Omenihu
1.5384615384615383,Whitney Mercilus
1.0,Vincent Taylor
1.0769230769230769,Charles Omenihu
1.9230769230769231,Ross Blacklock
1.6538461538461535,Jihad Ward
1.0,Roy Robertson-Harris
0.9230769230769232,Dawuane Smoot
1.3461538461538465,Josh Allen
1.0,Jordan Jenkins
0.9230769230769232,DeMarcus Walker
1.0769230769230769,Ross Blacklock
1.9615384615384617,Roy Lopez
1.0,Jordan Jenkins
0.5555555555555556,DeMarcus Walker
1.4444444444444444,Ross Blacklock
1.3888888888888888,Roy Lopez
0.782608695652174,Jordan Jenkins
1.3478260869565215,DeMarcus Walker
1.434782608695652,Jacob Martin
1.434782608695652,Ross Blacklock
1.0,Jihad Ward
1.3461538461538465,Roy Robertson-Harris
1.1153846153846154,Dawuane Smoot
1.0,Josh Allen
0.5384615384615384,K'Lavon Chaisson
0.6428571428571429,Malcom Brown
0.2857142857142857,Damien Wilson
0.0,Myles Jack
1.6428571428571428,Roy Robertson-Harris
0.9285714285714286,Dawuane Smoot
1.5,Josh Allen
0.9523809523809524,Whitney Mercilus
1.8095238095238095,Maliek Collins
1.0476190476190477,Vincent Taylor
1.0476190476190477,Charles Omenihu
0.96,Whitney Mercilus
1.44,Maliek Collins
1.12,Vincent Taylor
1.8,Charles Omenihu
0.9230769230769232,Whitney Mercilus
1.5,Maliek Collins
1.0,Charles Omenihu
1.6538461538461535,Roy Lopez
1.3846153846153846,Whitney Mercilus
1.3461538461538465,Maliek Collins
0.6538461538461539,Charles Omenihu
1.0952380952380951,Whitney Mercilus
0.9047619047619048,Maliek Collins
1.1904761904761905,Jacob Martin
1.5714285714285714,Charles Omenihu
0.7272727272727273,Jordan Jenkins
1.318181818181818,DeMarcus Walker
0.6818181818181818,Jacob Martin
2.0,Ross Blacklock
1.0769230769230769,Jordan Jenkins
0.7307692307692307,DeMarcus Walker
1.2692307692307692,Jacob Martin
1.2692307692307692,Ross Blacklock
1.0,Whitney Mercilus
1.0,Maliek Collins
0.8846153846153846,Jacob Martin
1.6538461538461535,Charles Omenihu
1.0,Whitney Mercilus
0.8846153846153846,Christian Kirksey
1.9615384615384617,Maliek Collins
1.0384615384615383,Zach Cunningham
0.3846153846153846,Jacob Martin
0.9230769230769232,Charles Omenihu
1.1153846153846154,Whitney Mercilus
1.0384615384615383,Maliek Collins
1.2692307692307692,Jacob Martin
1.3846153846153846,Charles Omenihu
0.7727272727272727,Jordan Jenkins
1.0,DeMarcus Walker
1.2272727272727273,Ross Blacklock
1.681818181818182,Roy Lopez
0.0,Jordan Jenkins
1.1538461538461535,DeMarcus Walker
2.0,Ross Blacklock
1.0384615384615383,Roy Lopez
0.6153846153846154,Jordan Jenkins
1.0,DeMarcus Walker
1.3846153846153846,Ross Blacklock
1.7692307692307692,Roy Lopez
0.7,Whitney Mercilus
1.05,Maliek Collins
0.9,Jacob Martin
1.3,Charles Omenihu
0.45,Whitney Mercilus
1.5,Maliek Collins
0.65,Jacob Martin
1.2,Charles Omenihu
0.8947368421052632,Whitney Mercilus
0.8947368421052632,Christian Kirksey
2.0,Maliek Collins
0.9473684210526316,Zach Cunningham
0.0,Jacob Martin
0.9473684210526316,Charles Omenihu
0.9166666666666666,Whitney Mercilus
1.625,Maliek Collins
0.5,Zach Cunningham
0.875,Jacob Martin
1.0833333333333333,Charles Omenihu
1.0,Jordan Jenkins
0.8666666666666667,DeMarcus Walker
1.4,Ross Blacklock
1.0,Roy Lopez
0.7333333333333333,Carlos Dunlap
1.4666666666666666,Al Woods
1.4666666666666666,Kerry Hyder
0.8,Poona Ford
0.9615384615384616,Carlos Dunlap
1.0,Benson Mayowa
0.7692307692307693,Kerry Hyder
1.8076923076923077,Rasheem Green
0.5384615384615384,Ugochukwu Amadi
1.7307692307692308,Carlos Dunlap
1.2307692307692308,Al Woods
0.9230769230769232,Kerry Hyder
1.0384615384615383,Poona Ford
0.95,Rasheem Green
1.05,Poona Ford
1.35,Bryan Mone
0.95,Darrell Taylor
1.7692307692307692,DeForest Buckner
0.4230769230769231,Kenny Moore
1.3461538461538465,Tyquan Lewis
1.0,Ben Banogu
0.4230769230769231,Kwity Paye
2.1904761904761907,DeForest Buckner
1.1428571428571428,Grover Stewart
1.0,Al-Quadin Muhammad
0.6666666666666666,Tyquan Lewis
1.0476190476190477,DeForest Buckner
0.0,Kenny Moore
0.0,Shaquille Leonard
1.5714285714285714,Tyquan Lewis
0.9047619047619048,Ben Banogu
0.6666666666666666,Bobby Okereke
1.3333333333333333,Kwity Paye
0.9230769230769232,Carlos Dunlap
1.0,Rasheem Green
1.6538461538461535,Poona Ford
1.4230769230769231,Bryan Mone
1.2142857142857142,DeForest Buckner
1.2142857142857142,Grover Stewart
1.0,Tyquan Lewis
0.5714285714285714,Khari Willis
0.7857142857142857,Kwity Paye
1.0769230769230769,DeForest Buckner
1.3076923076923077,Grover Stewart
1.4615384615384617,Al-Quadin Muhammad
0.9230769230769232,Tyquan Lewis
1.6153846153846154,Al Woods
1.4615384615384617,Rasheem Green
1.1153846153846154,Poona Ford
0.8076923076923077,Cody Barton
0.8846153846153846,Darrell Taylor
2.0,Al Woods
1.0,Rasheem Green
1.1176470588235294,Poona Ford
0.8235294117647058,Darrell Taylor
1.9615384615384617,Al Woods
1.0384615384615383,Poona Ford
1.0,Bryan Mone
0.9615384615384616,Darrell Taylor
1.0,Al Woods
0.0,Benson Mayowa
1.0666666666666669,Poona Ford
1.7333333333333334,Bryan Mone
0.5333333333333333,Jordyn Brooks
1.0,Al Woods
0.4444444444444444,Jamal Adams
1.2222222222222223,Rasheem Green
1.0555555555555556,Poona Ford
1.5,Bryan Mone
2.2857142857142856,Grover Stewart
1.8095238095238095,Tyquan Lewis
1.380952380952381,Taylor Stallworth
0.4285714285714285,Kwity Paye
1.3157894736842106,DeForest Buckner
0.7368421052631579,Tyquan Lewis
0.9473684210526316,Ben Banogu
0.8421052631578947,Kwity Paye
1.7692307692307692,Al Woods
1.5769230769230769,Poona Ford
2.0384615384615383,Bryan Mone
1.0,Carlos Dunlap
0.625,Bobby Wagner
0.875,Benson Mayowa
1.4375,Kerry Hyder
1.0625,Rasheem Green
1.375,DeForest Buckner
1.3125,Grover Stewart
1.0,Al-Quadin Muhammad
1.0,Kwity Paye
1.0384615384615383,DeForest Buckner
1.0,Al-Quadin Muhammad
2.0,Taylor Stallworth
0.0,Khari Willis
0.9615384615384616,Kwity Paye
1.3076923076923077,DeForest Buckner
0.6923076923076923,Al-Quadin Muhammad
1.2307692307692308,Taylor Stallworth
1.7692307692307692,Kwity Paye
1.4090909090909092,Carlos Dunlap
1.0,Benson Mayowa
1.4090909090909092,Kerry Hyder
1.0454545454545454,Rasheem Green
1.0,Carlos Dunlap
1.0769230769230769,Benson Mayowa
1.4615384615384617,Rasheem Green
1.5,Poona Ford
2.0,Carlos Dunlap
2.3076923076923075,Benson Mayowa
1.2692307692307692,Rasheem Green
2.0,Poona Ford
1.9615384615384617,DeForest Buckner
2.0,Grover Stewart
1.0384615384615383,Al-Quadin Muhammad
1.0,Kwity Paye
2.090909090909091,Grover Stewart
1.1363636363636365,Al-Quadin Muhammad
1.0,Kwity Paye
1.7692307692307692,DeForest Buckner
0.7307692307692307,Shaquille Leonard
1.3846153846153846,Tyquan Lewis
0.7692307692307693,Ben Banogu
1.8846153846153848,Al Woods
1.0,Rasheem Green
1.8846153846153848,Poona Ford
1.3461538461538465,Carlos Dunlap
1.2692307692307692,Al Woods
1.1153846153846154,Rasheem Green
1.1923076923076923,Poona Ford
2.0,Grover Stewart
1.0,Al-Quadin Muhammad
0.4736842105263157,Tyquan Lewis
1.5263157894736843,Chris Williams
1.0476190476190477,DeForest Buckner
1.0476190476190477,Shaquille Leonard
1.3333333333333333,Tyquan Lewis
1.8571428571428572,Kwity Paye
1.0416666666666667,Al Woods
0.7916666666666666,Benson Mayowa
0.5833333333333334,Poona Ford
1.2083333333333333,Bryan Mone
1.0,Darrell Taylor
0.6923076923076923,Benson Mayowa
1.8846153846153848,Kerry Hyder
0.1923076923076923,Jamal Adams
1.6153846153846154,Darrell Taylor
1.0,DeForest Buckner
1.7692307692307692,Grover Stewart
1.0,Al-Quadin Muhammad
1.0,Kwity Paye
0.5263157894736842,DeForest Buckner
1.631578947368421,Tyquan Lewis
0.9473684210526316,Ben Banogu
0.8421052631578947,Kwity Paye
0.9615384615384616,Carlos Dunlap
0.5,Benson Mayowa
1.7692307692307692,Kerry Hyder
1.5,Rasheem Green
0.6842105263157895,Kerry Hyder
1.736842105263158,Rasheem Green
1.3157894736842106,Poona Ford
1.263157894736842,Bryan Mone
0.8333333333333334,Kerry Hyder
0.5833333333333334,Rasheem Green
1.4166666666666667,Poona Ford
1.25,Bryan Mone
0.9166666666666666,Jordyn Brooks
1.0,Carlos Dunlap
2.0,Al Woods
0.8888888888888888,Kerry Hyder
1.0555555555555556,Rasheem Green
0.8235294117647058,Carlos Dunlap
1.8823529411764703,Al Woods
1.3529411764705883,Kerry Hyder
0.7058823529411765,Rasheem Green
1.0769230769230769,Benson Mayowa
1.0,Kerry Hyder
1.8461538461538465,Rasheem Green
0.7692307692307693,Darrell Taylor
0.9230769230769232,Benson Mayowa
2.0,Kerry Hyder
1.0,Rasheem Green
0.8846153846153846,Darrell Taylor
1.5,DeForest Buckner
1.6153846153846154,Grover Stewart
1.5769230769230769,Tyquan Lewis
2.0384615384615383,Kwity Paye
1.2727272727272727,DeForest Buckner
2.0,Grover Stewart
1.0,Al-Quadin Muhammad
0.7272727272727273,Tyquan Lewis
1.08,Carlos Dunlap
1.08,Kerry Hyder
0.72,Rasheem Green
1.68,Poona Ford
1.0,Carlos Dunlap
0.9230769230769232,Kerry Hyder
1.6538461538461535,Rasheem Green
1.3461538461538465,Poona Ford
1.0384615384615383,Kerry Hyder
2.0,Poona Ford
0.8076923076923077,Darrell Taylor
1.2692307692307692,Alton Robinson
2.2,Kerry Hyder
0.8,Rasheem Green
1.16,Darrell Taylor
0.88,Alton Robinson
1.1538461538461535,Carlos Dunlap
0.9230769230769232,Benson Mayowa
1.6538461538461535,Kerry Hyder
1.0769230769230769,Rasheem Green
1.0,Carlos Dunlap
0.9230769230769232,Benson Mayowa
0.8846153846153846,Kerry Hyder
1.6538461538461535,Rasheem Green
1.0,Carlos Dunlap
1.0,Bobby Wagner
0.8571428571428571,Benson Mayowa
1.238095238095238,Kerry Hyder
0.2857142857142857,Quandre Diggs
0.9523809523809524,Rasheem Green
1.0952380952380951,Jordyn Brooks
1.2307692307692308,Carlos Dunlap
0.9230769230769232,Kerry Hyder
1.2692307692307692,Rasheem Green
0.9615384615384616,Alton Robinson
1.5714285714285714,Carlos Dunlap
1.380952380952381,Kerry Hyder
1.0476190476190477,Rasheem Green
0.9523809523809524,Alton Robinson
0.9,Benson Mayowa
1.1,Rasheem Green
2.0,Poona Ford
0.9,Darrell Taylor
1.4761904761904765,J.J. Watt
0.5238095238095238,Chandler Jones
1.5238095238095235,Zach Allen
1.0476190476190477,Rashard Lawrence
1.4090909090909092,J.J. Watt
1.0,Chandler Jones
0.5909090909090909,Markus Golden
1.3636363636363635,Zach Allen
1.0,Bud Dupree
1.0,Jeffery Simmons
2.423076923076923,Larrell Murchison
1.5769230769230769,Teair Tart
0.0,Bud Dupree
1.0,Jeffery Simmons
1.2692307692307692,Larrell Murchison
2.0,Teair Tart
0.7142857142857143,Bud Dupree
1.0952380952380951,Harold Landry
1.7142857142857142,Jeffery Simmons
0.9047619047619048,Teair Tart
1.3157894736842106,Bud Dupree
1.0,Harold Landry
1.5789473684210529,Jeffery Simmons
1.0,Larrell Murchison
0.4375,Denico Autry
1.0,Bud Dupree
0.8125,Harold Landry
2.0,Jeffery Simmons
1.4615384615384617,Denico Autry
1.0,Bud Dupree
0.0,Harold Landry
1.0,Jeffery Simmons
1.1923076923076923,Teair Tart
1.8461538461538465,Denico Autry
1.0,Bud Dupree
0.7307692307692307,Harold Landry
1.0,Jeffery Simmons
1.0,Bud Dupree
1.0,Harold Landry
1.8888888888888888,Larrell Murchison
1.0555555555555556,Teair Tart
1.2857142857142858,Denico Autry
1.0,Bud Dupree
2.0,Jeffery Simmons
0.0714285714285714,Amani Hooker
1.1904761904761905,J.J. Watt
1.0,Chandler Jones
0.6666666666666666,Markus Golden
1.0,Rashard Lawrence
1.8846153846153848,J.J. Watt
2.230769230769231,Chandler Jones
0.7692307692307693,Markus Golden
1.0384615384615383,J.J. Watt
1.0,Chandler Jones
1.5,Markus Golden
0.2692307692307692,Jordan Hicks
1.8076923076923077,Zach Allen
1.0,Denico Autry
1.9615384615384617,Bud Dupree
1.8461538461538465,Jeffery Simmons
1.0,Larrell Murchison
2.0555555555555554,Devon Kennard
1.8888888888888888,Markus Golden
0.3888888888888889,Byron Murphy
0.3888888888888889,Marco Wilson
2.0,Corey Peters
1.2857142857142858,Chandler Jones
1.0,Markus Golden
1.0476190476190477,Leki Fotu
1.6,Corey Peters
0.4,J.J. Watt
1.0,Chandler Jones
1.5,Zach Allen
0.3,Isaiah Simmons
2.0,J.J. Watt
0.6153846153846154,Chandler Jones
1.0,Markus Golden
2.0,Zach Allen
0.9230769230769232,Bud Dupree
1.0,Harold Landry
2.0,Jeffery Simmons
1.0,Teair Tart
1.1363636363636365,Harold Landry
1.2727272727272727,Jeffery Simmons
1.681818181818182,Teair Tart
0.3181818181818182,Elijah Molden
0.8636363636363636,Denico Autry
0.9090909090909092,Bud Dupree
0.9090909090909092,Harold Landry
0.4090909090909091,Olasunkanmi Adeniyi
1.8636363636363635,Jeffery Simmons
0.9583333333333334,Harold Landry
0.7083333333333334,Jeffery Simmons
1.5,Anthony Rush
1.0,Derick Roberson
1.7083333333333333,Larrell Murchison
1.0,Bud Dupree
0.5,Harold Landry
1.0,Larrell Murchison
2.0,Teair Tart
1.0434782608695652,Denico Autry
1.565217391304348,Bud Dupree
1.0,Harold Landry
1.391304347826087,Larrell Murchison
1.4090909090909092,J.J. Watt
1.0,Chandler Jones
0.8636363636363636,Markus Golden
1.0909090909090908,Zach Allen
1.4615384615384617,J.J. Watt
1.0,Chandler Jones
0.7307692307692307,Markus Golden
0.3076923076923077,Jordan Hicks
1.8846153846153848,Zach Allen
1.7307692307692308,J.J. Watt
1.3846153846153846,Chandler Jones
0.9615384615384616,Markus Golden
0.7692307692307693,Zach Allen
1.608695652173913,J.J. Watt
1.0,Chandler Jones
0.8695652173913043,Markus Golden
0.7391304347826086,Zach Allen
2.0,J.J. Watt
0.7142857142857143,Chandler Jones
0.0,Markus Golden
0.6428571428571429,Jordan Hicks
0.0,Byron Murphy
1.8571428571428572,Zach Allen
0.2857142857142857,Isaiah Simmons
0.75,J.J. Watt
1.0,Chandler Jones
1.75,Devon Kennard
0.75,Jordan Hicks
1.2,Zach Allen
1.3461538461538465,J.J. Watt
1.0,Chandler Jones
2.0,Devon Kennard
1.5384615384615383,Zach Allen
2.0384615384615383,Harold Landry
1.5769230769230769,Denico Autry
2.076923076923077,Jayon Brown
1.2692307692307692,Jeffery Simmons
1.368421052631579,J.J. Watt
1.0,Chandler Jones
1.0,Zach Allen
0.5789473684210527,Isaiah Simmons
1.0526315789473684,Rashard Lawrence
0.5789473684210527,J.J. Watt
1.0,Chandler Jones
1.0,Zach Allen
0.7368421052631579,Isaiah Simmons
1.6842105263157894,Rashard Lawrence
1.0,Bud Dupree
0.2352941176470588,Harold Landry
0.5882352941176471,Jeffery Simmons
2.7058823529411766,Larrell Murchison
0.0,Teair Tart
1.2307692307692308,Denico Autry
0.0,Bud Dupree
0.7692307692307693,Nick Dzubnar
1.0,Jeffery Simmons
1.9230769230769231,Anthony Rush
1.2105263157894737,Denico Autry
0.9473684210526316,Bud Dupree
0.0,Jayon Brown
1.0,Olasunkanmi Adeniyi
2.0,Jeffery Simmons
1.0,Corey Peters
1.8636363636363635,J.J. Watt
1.5454545454545454,Chandler Jones
1.1363636363636365,Markus Golden
0.8846153846153846,J.J. Watt
1.0,Chandler Jones
0.6538461538461539,Markus Golden
1.9230769230769231,Zaven Collins
1.5769230769230769,Denico Autry
1.1923076923076923,Harold Landry
2.269230769230769,Jeffery Simmons
1.5384615384615383,Teair Tart
1.05,Denico Autry
0.85,Bud Dupree
0.9,Harold Landry
2.0,Jeffery Simmons
0.8461538461538461,Denico Autry
0.7692307692307693,Bud Dupree
1.0384615384615383,Harold Landry
1.0769230769230769,Olasunkanmi Adeniyi
1.2692307692307692,Jeffery Simmons
0.7692307692307693,J.J. Watt
0.7692307692307693,Chandler Jones
0.5769230769230769,Markus Golden
2.0384615384615383,Zaven Collins
0.631578947368421,Denico Autry
1.736842105263158,Bud Dupree
2.3684210526315788,Jeffery Simmons
0.5,Devon Kennard
0.5,Markus Golden
1.5909090909090908,Michael Dogbe
1.7272727272727273,Leki Fotu
1.0,J.J. Watt
1.4615384615384617,Chandler Jones
0.8461538461538461,Markus Golden
1.8076923076923077,Zach Allen
1.1304347826086956,J.J. Watt
1.0,Chandler Jones
0.8695652173913043,Devon Kennard
2.0,Zach Allen
1.5714285714285714,J.J. Watt
1.7142857142857142,Chandler Jones
2.0,Markus Golden
0.0714285714285714,Jordan Hicks
1.0,Chandler Jones
0.0,Markus Golden
0.8181818181818182,Jordan Hicks
0.0,Byron Murphy
2.0,Michael Dogbe
0.0,Isaiah Simmons
1.181818181818182,Leki Fotu
1.0,Devon Kennard
0.8571428571428571,Markus Golden
1.8571428571428572,Leki Fotu
1.4166666666666667,J.J. Watt
0.625,Chandler Jones
1.5416666666666667,Markus Golden
1.125,Zach Allen
1.6923076923076923,J.J. Watt
1.1153846153846154,Chandler Jones
0.9230769230769232,Markus Golden
0.8461538461538461,Zach Allen
0.6086956521739131,J.J. Watt
1.0,Markus Golden
1.0,Kylie Fitts
1.6521739130434785,Rashard Lawrence
1.7777777777777777,J.J. Watt
0.0555555555555555,Markus Golden
1.1666666666666667,Jordan Hicks
0.0555555555555555,Kylie Fitts
0.6111111111111112,Byron Murphy
0.5,Isaiah Simmons
1.9444444444444444,Rashard Lawrence
2.0526315789473686,J.J. Watt
0.9473684210526316,Markus Golden
0.8947368421052632,Kylie Fitts
0.8947368421052632,Rashard Lawrence
0.7692307692307693,Kylie Fitts
1.3846153846153846,Zach Allen
1.5,Michael Dogbe
1.3846153846153846,Victor Dimukeje
0.9615384615384616,Chandler Jones
1.0384615384615383,Kylie Fitts
1.9615384615384617,Zach Allen
1.0384615384615383,Michael Dogbe
1.0,Chandler Jones
0.4285714285714285,Kylie Fitts
1.5714285714285714,Zach Allen
1.619047619047619,Michael Dogbe
1.45,Jonathan Allen
2.4,Daron Payne
1.05,Montez Sweat
1.0,Chase Young
1.0,Jonathan Allen
1.1875,Daron Payne
0.8125,Montez Sweat
0.9375,Cole Holcomb
1.0625,Chase Young
1.3636363636363635,Jonathan Allen
1.8636363636363635,Daron Payne
0.9090909090909092,Montez Sweat
2.0,Chase Young
2.0,Matt Ioannidis
1.4615384615384617,Daron Payne
0.7692307692307693,James Smith-Williams
0.3461538461538461,Casey Toohill
0.6470588235294118,Jon Bostic
1.2352941176470589,Matt Ioannidis
1.1764705882352942,Tim Settle
0.9411764705882352,James Smith-Williams
1.0,Casey Toohill
1.0,Linval Joseph
0.8260869565217391,Joey Bosa
1.0434782608695652,Justin Jones
2.0,Jerry Tillery
0.8076923076923077,Joey Bosa
1.0,Uchenna Nwosu
1.3461538461538465,Justin Jones
1.3076923076923077,Jerry Tillery
0.8076923076923077,Jon Bostic
1.0,Matt Ioannidis
1.0,Jonathan Allen
1.0,Montez Sweat
1.1923076923076923,Chase Young
1.619047619047619,Matt Ioannidis
1.238095238095238,Jonathan Allen
0.5238095238095238,Montez Sweat
0.4285714285714285,Chase Young
0.7142857142857143,Joey Bosa
1.0,Uchenna Nwosu
1.2857142857142858,Justin Jones
1.6428571428571428,Jerry Tillery
1.3846153846153846,Joey Bosa
0.9230769230769232,Uchenna Nwosu
1.0769230769230769,Justin Jones
1.0,Jerry Tillery
1.2173913043478262,Jonathan Allen
1.2173913043478262,Daron Payne
1.0,Chase Young
0.782608695652174,James Smith-Williams
1.45,Jonathan Allen
1.4,Daron Payne
0.4,Montez Sweat
0.8,Chase Young
0.4,Joey Bosa
1.1333333333333333,Kyler Fackrell
1.3333333333333333,Justin Jones
1.2,Jerry Tillery
1.0,Joey Bosa
1.1666666666666667,Kyler Fackrell
1.0,Justin Jones
1.25,Jerry Tillery
1.6666666666666667,Matt Ioannidis
1.1111111111111112,Daron Payne
0.8888888888888888,Montez Sweat
0.9444444444444444,Chase Young
2.0,Matt Ioannidis
1.0384615384615383,Daron Payne
1.0,Montez Sweat
0.5769230769230769,Cole Holcomb
1.3076923076923077,Jamin Davis
2.0,Matt Ioannidis
1.181818181818182,Daron Payne
0.7272727272727273,Montez Sweat
0.0,Cole Holcomb
1.0909090909090908,Chase Young
1.1578947368421053,Matt Ioannidis
1.368421052631579,Daron Payne
1.3157894736842106,Montez Sweat
0.8421052631578947,Chase Young
1.1666666666666667,Jonathan Allen
2.0,Daron Payne
1.0,Chase Young
0.6666666666666666,James Smith-Williams
1.5,Jonathan Allen
1.3333333333333333,Daron Payne
0.7777777777777778,Chase Young
1.0,James Smith-Williams
1.2272727272727273,Linval Joseph
0.8636363636363636,Uchenna Nwosu
1.0909090909090908,Justin Jones
1.3636363636363635,Jerry Tillery
1.1538461538461535,Uchenna Nwosu
1.1153846153846154,Justin Jones
1.7307692307692308,Jerry Tillery
1.7692307692307692,Chris Rumph
0.75,Joey Bosa
0.0,Uchenna Nwosu
1.25,Justin Jones
1.125,Jerry Tillery
1.25,Kenneth Murray
1.1666666666666667,Matt Ioannidis
2.0,Jonathan Allen
1.0,Montez Sweat
0.0,Cole Holcomb
0.5,Chase Young
1.5384615384615383,Jonathan Allen
1.3076923076923077,Daron Payne
1.0,Montez Sweat
0.6923076923076923,Chase Young
1.181818181818182,Matt Ioannidis
2.0,Daron Payne
0.9545454545454546,Montez Sweat
0.8181818181818182,Chase Young
0.1764705882352941,Kendall Fuller
1.3529411764705883,Matt Ioannidis
1.0,Daron Payne
1.411764705882353,Chase Young
0.7647058823529411,James Smith-Williams
1.1764705882352942,Matt Ioannidis
2.4705882352941178,Daron Payne
0.8235294117647058,Chase Young
0.2941176470588235,James Smith-Williams
1.5769230769230769,Jonathan Allen
1.4615384615384617,Tim Settle
0.5,Kamren Curl
1.8846153846153848,James Smith-Williams
1.7307692307692308,Casey Toohill
1.9411764705882353,Jonathan Allen
1.2352941176470589,Daron Payne
0.8235294117647058,Montez Sweat
0.7647058823529411,Chase Young
1.1153846153846154,Christian Covington
1.5,Joey Bosa
0.8461538461538461,Kyler Fackrell
1.1538461538461535,Jerry Tillery
0.7777777777777778,Christian Covington
1.8333333333333333,Joey Bosa
0.6666666666666666,Kyler Fackrell
1.9444444444444444,Jerry Tillery
1.4545454545454546,Christian Covington
2.272727272727273,Joey Bosa
1.0909090909090908,Uchenna Nwosu
0.8181818181818182,Jerry Tillery
1.7083333333333333,Linval Joseph
1.0,Christian Covington
1.0,Joey Bosa
1.0,Jerry Tillery
2.0,Linval Joseph
1.0,Christian Covington
0.8666666666666667,Joey Bosa
1.1333333333333333,Eric Banks
1.76,Christian Covington
1.16,Joey Bosa
1.12,Jerry Tillery
0.64,Kenneth Murray
1.3461538461538465,Kyler Fackrell
0.7307692307692307,Uchenna Nwosu
1.3846153846153846,Jerry Tillery
0.8461538461538461,Eric Banks
1.4,Jonathan Allen
1.65,Daron Payne
0.6,Montez Sweat
0.95,Chase Young
1.9166666666666667,Jonathan Allen
1.0,Daron Payne
1.0,Montez Sweat
1.0,Chase Young
1.1923076923076923,Matt Ioannidis
2.0384615384615383,Daron Payne
1.1153846153846154,Montez Sweat
1.0769230769230769,Chase Young
1.8095238095238095,Matt Ioannidis
1.0952380952380951,Daron Payne
0.9047619047619048,Montez Sweat
1.1904761904761905,Chase Young
0.3333333333333333,Jamin Davis
0.1739130434782608,Landon Collins
1.3478260869565215,Matt Ioannidis
1.565217391304348,Daron Payne
1.173913043478261,Montez Sweat
0.6521739130434783,Cole Holcomb
0.75,Jon Bostic
1.35,Matt Ioannidis
1.25,Tim Settle
0.65,Chase Young
1.0,James Smith-Williams
1.7894736842105263,Matt Ioannidis
1.1578947368421053,Jonathan Allen
1.0,Chase Young
0.8421052631578947,James Smith-Williams
1.0,Jonathan Allen
2.0,Daron Payne
0.9090909090909092,Montez Sweat
1.0,Casey Toohill
2.0,Linval Joseph
1.0,Joey Bosa
1.0,Kyler Fackrell
1.0,Jerry Tillery
1.0,Linval Joseph
1.0,Joey Bosa
1.5769230769230769,Uchenna Nwosu
1.1923076923076923,Jerry Tillery
1.2857142857142858,Christian Covington
0.9285714285714286,Joey Bosa
1.0,Kyler Fackrell
0.0,Kyzir White
1.5,Jerry Tillery
1.3333333333333333,Matt Ioannidis
1.6666666666666667,Daron Payne
0.9166666666666666,Montez Sweat
1.3333333333333333,Chase Young
0.3333333333333333,Jamin Davis
1.0,Matt Ioannidis
1.2105263157894737,Daron Payne
1.0,Montez Sweat
1.0,Chase Young
0.4210526315789473,Jamin Davis
1.8076923076923077,Matt Ioannidis
1.3076923076923077,Daron Payne
0.6923076923076923,Montez Sweat
0.9230769230769232,Chase Young
2.1153846153846154,Matt Ioannidis
1.9615384615384617,Jonathan Allen
2.0,Montez Sweat
0.6538461538461539,Chase Young
1.7692307692307692,Jonathan Allen
1.6153846153846154,Daron Payne
1.3076923076923077,Montez Sweat
0.4230769230769231,Chase Young
1.0909090909090908,Jonathan Allen
1.181818181818182,Daron Payne
0.7272727272727273,Montez Sweat
0.8181818181818182,Chase Young
1.0,Joey Bosa
1.411764705882353,Jerry Tillery
0.5882352941176471,Kenneth Murray
1.7647058823529411,Eric Banks
1.4615384615384617,Joey Bosa
0.2307692307692307,Kyler Fackrell
0.3461538461538461,Jerry Tillery
1.2692307692307692,Kenneth Murray
1.0,Eric Banks
1.9130434782608696,Matt Ioannidis
1.0869565217391304,Daron Payne
0.5652173913043478,Montez Sweat
0.9130434782608696,Chase Young
1.6875,Jonathan Allen
0.0625,Torry McTyer
1.1875,Tim Settle
1.875,James Smith-Williams
1.3461538461538465,Jonathan Allen
1.2692307692307692,Tim Settle
1.0,Chase Young
1.0,James Smith-Williams
1.818181818181818,Jonathan Allen
1.681818181818182,Daron Payne
0.0909090909090909,Montez Sweat
0.4090909090909091,Cole Holcomb
0.7727272727272727,Casey Toohill
1.1666666666666667,Matt Ioannidis
1.6111111111111112,Daron Payne
0.8333333333333334,Chase Young
0.8888888888888888,James Smith-Williams
1.0,Chris Jones
1.9285714285714288,Jarran Reed
1.0,Michael Danna
1.0714285714285714,Tershawn Wharton
0.9230769230769232,Chris Jones
1.2307692307692308,Jarran Reed
0.9615384615384616,Michael Danna
1.5769230769230769,Tershawn Wharton
0.8846153846153846,Chris Jones
0.8461538461538461,Jarran Reed
0.8461538461538461,Michael Danna
2.0,Tershawn Wharton
0.9230769230769232,Anthony Hitchens
1.8461538461538465,Derrick Nnadi
1.1538461538461535,Khalen Saunders
0.8461538461538461,Nick Bolton
1.0384615384615383,Alex Okafor
1.6153846153846154,Chris Jones
1.4615384615384617,Jarran Reed
1.0,Michael Danna
1.0,Chris Jones
1.0,Jarran Reed
1.0,Michael Danna
2.0,Tershawn Wharton
1.2,Malik Jackson
0.8,Jadeveon Clowney
0.8,Myles Garrett
2.0,Malik McDowell
0.9130434782608696,Jadeveon Clowney
2.0,Andrew Billings
0.9130434782608696,Myles Garrett
1.0869565217391304,Jordan Elliott
1.05,Malik Jackson
0.85,Myles Garrett
0.8,Takkarist McKinley
2.0,Malik McDowell
1.0384615384615383,Malik Jackson
0.8076923076923077,Jadeveon Clowney
1.3461538461538465,Myles Garrett
1.4615384615384617,Takkarist McKinley
0.6153846153846154,Alex Okafor
1.2692307692307692,Derrick Nnadi
2.6923076923076925,Khalen Saunders
1.6153846153846154,Joshua Kaindoh
0.75,Chris Jones
2.0,Jarran Reed
1.0,Michael Danna
1.1666666666666667,Tershawn Wharton
1.25,Malik Jackson
0.75,Jadeveon Clowney
0.75,Myles Garrett
2.0,Malik McDowell
0.7222222222222222,Malik Jackson
1.6666666666666667,Jadeveon Clowney
1.5555555555555556,Myles Garrett
0.7222222222222222,Takkarist McKinley
1.2777777777777777,Anthony Walker
2.1176470588235294,Andrew Billings
0.7647058823529411,Takkarist McKinley
2.0,Jordan Elliott
1.1428571428571428,Malcolm Smith
0.8095238095238095,Myles Garrett
0.8095238095238095,Takkarist McKinley
1.1428571428571428,Malik McDowell
1.380952380952381,Jordan Elliott
0.8695652173913043,Takkarist McKinley
1.9130434782608696,Malik McDowell
0.9130434782608696,Joe Jackson
1.0,Jordan Elliott
0.4230769230769231,Takkarist McKinley
2.3461538461538463,Malik McDowell
1.8076923076923077,Joe Jackson
1.1923076923076923,Jordan Elliott
1.3333333333333333,Chris Jones
1.625,Jarran Reed
0.875,Michael Danna
1.125,Tershawn Wharton
1.3076923076923077,Chris Jones
1.2692307692307692,Jarran Reed
1.1538461538461535,Derrick Nnadi
1.4230769230769231,Michael Danna
1.4285714285714286,Malik Jackson
0.6428571428571429,Jadeveon Clowney
0.7142857142857143,Myles Garrett
1.2142857142857142,Malik McDowell
1.9230769230769231,Malik Jackson
1.0,Jadeveon Clowney
0.8461538461538461,Myles Garrett
1.1153846153846154,Malik McDowell
1.3846153846153846,Malik Jackson
0.5,Troy Hill
0.8846153846153846,Myles Garrett
2.0384615384615383,Malik McDowell
0.3076923076923077,Jeremiah Owusu-Koramoah
1.0,Malik Jackson
0.8,Myles Garrett
0.8,Takkarist McKinley
1.2,Malik McDowell
1.2,Malik Jackson
1.6,Jadeveon Clowney
0.48,Myles Garrett
0.64,Malik McDowell
1.52,Anthony Walker
0.64,M.J. Stewart
1.0769230769230769,Daniel Sorensen
1.2307692307692308,Chris Jones
1.6538461538461535,Jarran Reed
0.8846153846153846,Michael Danna
0.8076923076923077,Alex Okafor
2.1923076923076925,Chris Jones
1.0,Michael Danna
1.0769230769230769,Tershawn Wharton
0.4230769230769231,Alex Okafor
1.8846153846153848,Chris Jones
1.0,Michael Danna
2.0,Tershawn Wharton
0.8846153846153846,Alex Okafor
0.5,Chris Jones
1.0,Jarran Reed
1.1538461538461535,Michael Danna
0.6363636363636364,Malik Jackson
0.4545454545454545,Jadeveon Clowney
0.6363636363636364,Myles Garrett
1.9090909090909092,Malik McDowell
1.181818181818182,Malik Jackson
1.0,Jadeveon Clowney
0.7272727272727273,Myles Garrett
1.181818181818182,Malik McDowell
0.7272727272727273,Jeremiah Owusu-Koramoah
1.0769230769230769,Malik Jackson
1.1153846153846154,Jadeveon Clowney
0.9230769230769232,Myles Garrett
1.6153846153846154,Malik McDowell
1.1538461538461535,Malik Jackson
1.0769230769230769,Jadeveon Clowney
0.9615384615384616,Myles Garrett
1.4230769230769231,Malik McDowell
0.6538461538461539,Jeremiah Owusu-Koramoah
1.7307692307692308,Andrew Billings
1.0,Takkarist McKinley
0.6538461538461539,Joe Jackson
1.3461538461538465,Jordan Elliott
0.7058823529411765,Jadeveon Clowney
0.8823529411764706,Myles Garrett
1.2941176470588236,Malik McDowell
1.8823529411764703,Jordan Elliott
0.3529411764705882,Malik Jackson
1.1176470588235294,Troy Hill
0.9411764705882352,Myles Garrett
1.7058823529411764,Malik McDowell
0.2352941176470588,Anthony Walker
1.0769230769230769,Malcolm Smith
1.6153846153846154,Malik Jackson
0.3076923076923077,Jadeveon Clowney
0.0,Myles Garrett
1.6153846153846154,Jordan Elliott
1.2692307692307692,Malik Jackson
0.8846153846153846,Takkarist McKinley
0.9230769230769232,Joe Jackson
1.0769230769230769,Jordan Elliott
1.2692307692307692,Malik Jackson
1.4615384615384617,Jadeveon Clowney
1.1153846153846154,Myles Garrett
0.7692307692307693,Takkarist McKinley
2.0,Derrick Nnadi
2.0,Michael Danna
2.0,Tershawn Wharton
1.0,Joshua Kaindoh
1.92,Derrick Nnadi
2.16,Michael Danna
1.88,Tershawn Wharton
0.04,Joshua Kaindoh
1.28,Malik Jackson
0.76,Jadeveon Clowney
0.8,Takkarist McKinley
1.76,Jordan Elliott
0.6538461538461539,Chris Jones
1.1153846153846154,Jarran Reed
1.2307692307692308,Khalen Saunders
1.6923076923076923,Michael Danna
1.2272727272727273,Chris Jones
1.7727272727272727,Jarran Reed
1.0454545454545454,Khalen Saunders
0.8636363636363636,Michael Danna
0.9230769230769232,Alex Okafor
1.0,Chris Jones
0.9615384615384616,Michael Danna
2.076923076923077,Tershawn Wharton
0.85,Alex Okafor
1.05,Derrick Nnadi
1.9,Tershawn Wharton
1.68,Alex Okafor
0.0,Daniel Sorensen
1.08,Chris Jones
1.44,Jarran Reed
0.28,Ben Niemann
1.2,Michael Danna
1.25,Malik Jackson
0.75,Jadeveon Clowney
1.5,Myles Garrett
1.0,Malik McDowell
0.0,Anthony Walker
1.3636363636363635,Malik Jackson
1.0,Jadeveon Clowney
0.9545454545454546,Myles Garrett
0.9545454545454546,Malik McDowell
1.5714285714285714,Malik Jackson
0.7857142857142857,Jadeveon Clowney
0.7857142857142857,Troy Hill
0.0,Myles Garrett
1.3571428571428572,Malik McDowell
0.2142857142857142,Jeremiah Owusu-Koramoah
1.8461538461538465,Malik Jackson
0.7692307692307693,Jadeveon Clowney
0.9615384615384616,Myles Garrett
1.2307692307692308,Malik McDowell
1.1428571428571428,Alex Okafor
0.8571428571428571,Chris Jones
1.0,Michael Danna
2.0,Tershawn Wharton
0.8333333333333334,Alex Okafor
2.1666666666666665,Chris Jones
1.0,Jarran Reed
0.5833333333333334,Michael Danna
1.3461538461538465,Daniel Sorensen
1.4230769230769231,Chris Jones
1.1538461538461535,Ben Niemann
0.3846153846153846,L'Jarius Sneed
0.8461538461538461,Michael Danna
0.4375,Byron Jones
1.4375,Emmanuel Ogbah
1.0625,Christian Wilkins
0.0,Andrew Van Ginkel
2.3125,Raekwon Davis
1.0769230769230769,Emmanuel Ogbah
1.1538461538461535,Sam Eguavoen
1.1923076923076923,Adam Butler
0.8461538461538461,Andrew Van Ginkel
0.9615384615384616,Kyle Van Noy
1.9230769230769231,Carl Davis
1.0,Matt Judon
1.0,Christian Barmore
1.4545454545454546,John Jenkins
0.0,Eric Rowe
1.4545454545454546,Adam Butler
1.181818181818182,Christian Wilkins
0.8181818181818182,Andrew Van Ginkel
2.0,John Jenkins
1.0,Emmanuel Ogbah
1.0,Sam Eguavoen
1.0,Zach Sieler
1.1923076923076923,Dont'a Hightower
0.0384615384615384,Kyle Van Noy
1.5769230769230769,Matt Judon
1.3076923076923077,Josh Uche
2.0384615384615383,Christian Barmore
2.1538461538461537,John Jenkins
0.0,Elandon Roberts
1.0,Adam Butler
1.1538461538461535,Zach Sieler
0.5384615384615384,Andrew Van Ginkel
0.9230769230769232,Emmanuel Ogbah
1.5769230769230769,Adam Butler
1.2307692307692308,Jaelan Phillips
1.0,Emmanuel Ogbah
1.3125,Adam Butler
0.875,Christian Wilkins
0.8125,Jaelan Phillips
1.9615384615384617,John Jenkins
1.7307692307692308,Adam Butler
1.5384615384615383,Christian Wilkins
1.1666666666666667,Emmanuel Ogbah
0.8333333333333334,Sam Eguavoen
0.8333333333333334,Adam Butler
1.75,Christian Wilkins
1.25,Jaelan Phillips
1.3846153846153846,Deatrich Wise
1.0,Davon Godchaux
0.6153846153846154,Chase Winovich
1.6923076923076923,Christian Barmore
1.1923076923076923,Matt Judon
0.8076923076923077,Josh Uche
2.6538461538461537,Christian Barmore
1.3888888888888888,John Jenkins
1.8888888888888888,Adam Butler
2.0,Zach Sieler
1.0555555555555556,Andrew Van Ginkel
0.9473684210526316,Elandon Roberts
0.4736842105263157,Brennan Scarlett
0.631578947368421,Jerome Baker
1.105263157894737,Zach Sieler
1.631578947368421,Andrew Van Ginkel
1.0,Emmanuel Ogbah
1.1,Adam Butler
1.25,Jerome Baker
1.05,Zach Sieler
0.95,Jaelan Phillips
2.0,Lawrence Guy
0.7333333333333333,Dont'a Hightower
1.1333333333333333,Carl Davis
1.0666666666666669,Henry Anderson
1.8076923076923077,Lawrence Guy
0.0769230769230769,Dont'a Hightower
1.7692307692307692,Kyle Van Noy
1.8076923076923077,Christian Barmore
1.6666666666666667,Adam Butler
1.1666666666666667,Christian Wilkins
0.4583333333333333,Nik Needham
1.75,Jaelan Phillips
0.9473684210526316,Emmanuel Ogbah
1.2105263157894737,Adam Butler
1.4210526315789471,Christian Wilkins
1.263157894736842,Jaelan Phillips
0.96,John Jenkins
0.6,Brennan Scarlett
1.4,Adam Butler
1.04,Christian Wilkins
1.0,Andrew Van Ginkel
1.826086956521739,John Jenkins
0.2608695652173913,Elandon Roberts
2.0,Adam Butler
1.5217391304347827,Zach Sieler
1.2173913043478262,Dont'a Hightower
1.3043478260869563,Davon Godchaux
0.3478260869565217,Ja'Whaun Bentley
1.5217391304347827,Christian Barmore
1.8888888888888888,Matt Judon
1.4444444444444444,Deatrich Wise
0.3888888888888889,Ja'Whaun Bentley
0.8888888888888888,Christian Barmore
1.3636363636363635,Kyle Van Noy
1.0909090909090908,Deatrich Wise
1.818181818181818,Christian Barmore
1.4615384615384617,Deatrich Wise
0.7307692307692307,Josh Uche
1.7307692307692308,Christian Barmore
1.9615384615384617,Lawrence Guy
1.6153846153846154,Deatrich Wise
1.2307692307692308,Davon Godchaux
0.7692307692307693,Dont'a Hightower
1.1538461538461535,Kyle Van Noy
0.9230769230769232,Matt Judon
2.076923076923077,Christian Barmore
1.0833333333333333,Lawrence Guy
0.3333333333333333,Dont'a Hightower
0.4166666666666667,Matt Judon
1.4166666666666667,Deatrich Wise
1.1666666666666667,Davon Godchaux
1.8846153846153848,John Jenkins
1.1923076923076923,Emmanuel Ogbah
1.0769230769230769,Christian Wilkins
0.8461538461538461,Andrew Van Ginkel
0.8181818181818182,Emmanuel Ogbah
0.7727272727272727,Sam Eguavoen
1.3636363636363635,Adam Butler
1.181818181818182,Christian Wilkins
0.7727272727272727,Jaelan Phillips
1.8666666666666667,John Jenkins
0.1333333333333333,Emmanuel Ogbah
1.4666666666666666,Christian Wilkins
0.9,Emmanuel Ogbah
1.1,Adam Butler
1.15,Christian Wilkins
1.0,Jaelan Phillips
0.95,Emmanuel Ogbah
1.05,Adam Butler
1.35,Zach Sieler
1.0,Jaelan Phillips
1.0,Emmanuel Ogbah
0.8461538461538461,Sam Eguavoen
1.6153846153846154,Adam Butler
1.1538461538461535,Jaelan Phillips
1.7,Kyle Van Noy
1.35,Deatrich Wise
1.55,Christian Barmore
1.0,Emmanuel Ogbah
1.7692307692307692,Christian Wilkins
1.0,Andrew Van Ginkel
2.08,John Jenkins
1.0,Emmanuel Ogbah
1.68,Christian Wilkins
0.12,Andrew Van Ginkel
0.0,Byron Jones
1.0909090909090908,Adam Butler
2.0,Christian Wilkins
1.3636363636363635,Jaelan Phillips
1.0666666666666669,Christian Wilkins
0.2,Andrew Van Ginkel
2.1333333333333333,Jaelan Phillips
0.0,Jason McCourty
2.0,Emmanuel Ogbah
0.7272727272727273,Sam Eguavoen
2.1818181818181817,Adam Butler
1.0,Andrew Van Ginkel
2.0384615384615383,John Jenkins
1.1538461538461535,Emmanuel Ogbah
1.0,Jerome Baker
1.0,Zach Sieler
0.4615384615384615,Nik Needham
0.6875,Emmanuel Ogbah
0.6875,Sam Eguavoen
1.0,Adam Butler
1.25,Jerome Baker
1.0,Jaelan Phillips
2.0,Lawrence Guy
0.0,Jonathan Jones
1.2857142857142858,Davon Godchaux
1.7142857142857142,Josh Uche
0.6153846153846154,Adrian Phillips
0.8461538461538461,Matt Judon
1.3461538461538465,Josh Uche
1.8846153846153848,Christian Barmore
0.9444444444444444,Emmanuel Ogbah
0.9444444444444444,Sam Eguavoen
1.0555555555555556,Adam Butler
0.4444444444444444,Jerome Baker
1.1111111111111112,Christian Wilkins
0.8888888888888888,Jaelan Phillips
0.7619047619047619,Jason McCourty
0.8095238095238095,Emmanuel Ogbah
0.4285714285714285,Sam Eguavoen
1.8095238095238095,Adam Butler
0.7619047619047619,Jerome Baker
1.0952380952380951,Jaelan Phillips
1.4166666666666667,Preston Smith
1.5,Kenny Clark
0.75,Dean Lowry
0.9583333333333334,Rashan Gary
1.0952380952380951,Kenny Clark
2.0952380952380953,Dean Lowry
0.238095238095238,Rashan Gary
1.4285714285714286,Kingsley Keke
1.1153846153846154,Kenny Clark
1.0,Dean Lowry
1.3076923076923077,Jonathan Garvin
1.0,Chauncey Rivers
0.7307692307692307,Preston Smith
1.0384615384615383,Kenny Clark
1.2692307692307692,Dean Lowry
1.0,Tyler Lancaster
0.9230769230769232,Jonathan Garvin
1.0,Preston Smith
0.7777777777777778,Za'Darius Smith
1.8333333333333333,Kenny Clark
1.0,Rashan Gary
0.6666666666666666,Cameron Jordan
1.6,Christian Ringo
1.0,Marcus Davenport
1.4,Malcolm Roach
1.7307692307692308,Cameron Jordan
0.2692307692307692,Demario Davis
1.0,Marcus Davenport
1.5384615384615383,Malcolm Roach
0.8846153846153846,Cameron Jordan
0.8846153846153846,Kwon Alexander
1.8076923076923077,Tanoh Kpassagnon
1.2307692307692308,Marcus Davenport
2.0,Kenny Clark
1.2727272727272727,Dean Lowry
0.8181818181818182,Jonathan Garvin
0.4545454545454545,Chauncey Rivers
1.5384615384615383,Tyler Lancaster
1.2692307692307692,Kingsley Keke
1.0769230769230769,Chauncey Rivers
1.9230769230769231,Tedarrell Slaton
2.076923076923077,Tyler Lancaster
0.4230769230769231,Kingsley Keke
1.5,Chauncey Rivers
1.7307692307692308,Tedarrell Slaton
0.6666666666666666,Preston Smith
1.0,Za'Darius Smith
0.8333333333333334,Kenny Clark
1.0,De'Vondre Campbell
0.75,Rashan Gary
1.0,Za'Darius Smith
1.05,Dean Lowry
1.05,Tyler Lancaster
0.9,Kingsley Keke
0.9,Jonathan Garvin
0.8421052631578947,Cameron Jordan
1.4736842105263157,Carl Granderson
1.7894736842105263,Shy Tuttle
0.6842105263157895,Albert Huggins
0.9615384615384616,Cameron Jordan
0.9230769230769232,Kwon Alexander
1.3076923076923077,Tanoh Kpassagnon
0.6153846153846154,Carl Granderson
2.272727272727273,Kenny Clark
1.2727272727272727,Dean Lowry
0.0909090909090909,Rashan Gary
1.0,Jonathan Garvin
0.9615384615384616,Preston Smith
1.3846153846153846,Kenny Clark
0.0,Dean Lowry
1.1538461538461535,Tyler Lancaster
0.0,Rashan Gary
2.0,Kingsley Keke
1.173913043478261,Cameron Jordan
1.2608695652173914,Demario Davis
1.4782608695652173,Marcus Davenport
1.3478260869565215,Malcolm Roach
0.0,Malcolm Jenkins
0.7142857142857143,Cameron Jordan
0.8571428571428571,Kwon Alexander
1.0,Marcus Davenport
1.9285714285714288,Malcolm Roach
1.0833333333333333,Cameron Jordan
0.9166666666666666,Demario Davis
1.9583333333333333,Tanoh Kpassagnon
0.9583333333333334,Carl Granderson
0.8,Cameron Jordan
1.9333333333333331,Kwon Alexander
0.8,Tanoh Kpassagnon
1.0666666666666669,Marcus Davenport
0.2857142857142857,Cameron Jordan
0.7142857142857143,Demario Davis
2.1904761904761907,Christian Ringo
0.0,Marcus Davenport
2.4761904761904763,Malcolm Roach
1.0,Tanoh Kpassagnon
1.1153846153846154,Carl Granderson
1.0,Shy Tuttle
1.0,Albert Huggins
1.4230769230769231,Tanoh Kpassagnon
0.9615384615384616,Carl Granderson
1.4230769230769231,Shy Tuttle
1.0384615384615383,Albert Huggins
0.52,Cameron Jordan
1.44,Christian Ringo
0.48,Marcus Davenport
0.88,Kaden Elliss
1.12,Malcolm Roach
1.7692307692307692,Kenny Clark
2.3461538461538463,Dean Lowry
0.6923076923076923,Rashan Gary
0.8846153846153846,Kingsley Keke
0.7619047619047619,Za'Darius Smith
1.1428571428571428,Kenny Clark
1.238095238095238,Dean Lowry
0.2857142857142857,Darnell Savage
1.1904761904761905,Jonathan Garvin
0.9615384615384616,Preston Smith
1.4615384615384617,Za'Darius Smith
0.6538461538461539,Rashan Gary
1.1923076923076923,Kingsley Keke
1.5,Tanoh Kpassagnon
1.0,Shy Tuttle
2.0,Albert Huggins
1.3461538461538465,Tanoh Kpassagnon
1.2692307692307692,Carl Granderson
1.5384615384615383,Shy Tuttle
1.3846153846153846,Albert Huggins
0.9615384615384616,Preston Smith
1.0,Kenny Clark
1.1923076923076923,Rashan Gary
1.3076923076923077,Kingsley Keke
1.0,Cameron Jordan
1.5769230769230769,Christian Ringo
1.1538461538461535,Marcus Davenport
1.2692307692307692,Malcolm Roach
0.7058823529411765,Cameron Jordan
1.1176470588235294,Demario Davis
0.9411764705882352,Marcus Davenport
1.7647058823529411,Malcolm Roach
1.0,Preston Smith
0.9,Kenny Clark
1.0,Rashan Gary
1.8,Kingsley Keke
1.0769230769230769,Cameron Jordan
1.6538461538461535,Kwon Alexander
1.2692307692307692,Tanoh Kpassagnon
1.1538461538461535,Malcolm Roach
1.9230769230769231,Dean Lowry
1.3846153846153846,Tyler Lancaster
1.0,Rashan Gary
1.0769230769230769,Tedarrell Slaton
1.0,Christian Ringo
1.5769230769230769,Tanoh Kpassagnon
1.3076923076923077,Malcolm Roach
0.8181818181818182,Tanoh Kpassagnon
0.1818181818181818,Kaden Elliss
1.0,Carl Granderson
1.181818181818182,Shy Tuttle
1.9090909090909092,Albert Huggins
0.0,Zack Baun
0.7272727272727273,Malcolm Jenkins
0.7272727272727273,Cameron Jordan
1.0909090909090908,Carl Granderson
1.318181818181818,Zack Baun
1.0,Malcolm Roach
1.0,Von Miller
1.0,Mike Purcell
1.8461538461538465,Shelby Harris
0.9230769230769232,Malik Reed
0.8181818181818182,Von Miller
1.5454545454545454,Shelby Harris
1.181818181818182,Dre'Mont Jones
1.0909090909090908,Malik Reed
0.4583333333333333,Von Miller
1.3333333333333333,Shelby Harris
1.5416666666666667,Dre'Mont Jones
1.5833333333333333,Malik Reed
1.8235294117647056,Leonard Williams
0.4705882352941176,Blake Martinez
0.1176470588235294,Lorenzo Carter
1.0588235294117647,Dexter Lawrence
1.0,Von Miller
1.4583333333333333,Shelby Harris
1.0,Dre'Mont Jones
1.5416666666666667,Malik Reed
1.5769230769230769,Leonard Williams
1.2692307692307692,Danny Shelton
0.8076923076923077,Jabrill Peppers
2.0,Dexter Lawrence
1.125,Leonard Williams
1.0,Danny Shelton
1.375,Dexter Lawrence
0.875,Azeez Ojulari
1.4,Leonard Williams
1.12,Austin Johnson
0.36,Jabrill Peppers
0.4,Lorenzo Carter
1.6,Dexter Lawrence
1.0434782608695652,Leonard Williams
0.9565217391304348,Lorenzo Carter
0.9565217391304348,Carter Coughlin
1.434782608695652,Azeez Ojulari
1.5384615384615383,Leonard Williams
1.1153846153846154,Lorenzo Carter
0.9615384615384616,Dexter Lawrence
1.0,Azeez Ojulari
1.5909090909090908,Danny Shelton
1.5454545454545454,Austin Johnson
1.4090909090909092,Oshane Ximines
0.4545454545454545,Azeez Ojulari
1.0769230769230769,Leonard Williams
1.2692307692307692,Lorenzo Carter
1.1538461538461535,Oshane Ximines
1.5714285714285714,Von Miller
2.0,Shamar Stephen
2.0,Shelby Harris
1.0,Malik Reed
2.0,Mike Purcell
1.0769230769230769,DeShawn Williams
2.0,Dre'Mont Jones
0.9230769230769232,Malik Reed
0.9285714285714286,Von Miller
1.0,Shelby Harris
1.4285714285714286,Dre'Mont Jones
0.4285714285714285,Malik Reed
1.1538461538461535,Shelby Harris
2.0,Dre'Mont Jones
1.1923076923076923,Jonathon Cooper
0.3461538461538461,Andre Mintze
0.3478260869565217,Logan Ryan
1.2608695652173914,Danny Shelton
0.9565217391304348,Lorenzo Carter
2.0869565217391304,Dexter Lawrence
1.0,Oshane Ximines
1.0666666666666669,Leonard Williams
1.8,Austin Johnson
0.9333333333333332,Lorenzo Carter
1.0,Azeez Ojulari
0.7222222222222222,Leonard Williams
0.5555555555555556,Blake Martinez
1.0,Lorenzo Carter
1.2777777777777777,Carter Coughlin
1.4444444444444444,Azeez Ojulari
1.2173913043478262,Leonard Williams
1.7826086956521738,Austin Johnson
1.0,Dexter Lawrence
1.0,Azeez Ojulari
1.0,Von Miller
1.4545454545454546,Shelby Harris
0.2727272727272727,Josey Jewell
1.0909090909090908,Dre'Mont Jones
1.0,Malik Reed
0.5769230769230769,Logan Ryan
1.0,Leonard Williams
1.0,Lorenzo Carter
2.0,Dexter Lawrence
1.0,Azeez Ojulari
0.24,Logan Ryan
1.28,Leonard Williams
1.64,Dexter Lawrence
0.88,Azeez Ojulari
1.894736842105263,Leonard Williams
0.1052631578947368,Lorenzo Carter
1.9473684210526316,Dexter Lawrence
1.0,Azeez Ojulari
1.0,Leonard Williams
0.4347826086956521,Blake Martinez
1.1304347826086956,Lorenzo Carter
1.7391304347826086,Dexter Lawrence
1.0,Azeez Ojulari
1.0454545454545454,Leonard Williams
1.6363636363636365,Lorenzo Carter
1.4090909090909092,Carter Coughlin
0.8181818181818182,Azeez Ojulari
1.8333333333333333,Leonard Williams
1.0,Austin Johnson
0.75,Lorenzo Carter
1.0,Azeez Ojulari
1.3461538461538465,Leonard Williams
0.9615384615384616,Lorenzo Carter
1.1538461538461535,Dexter Lawrence
0.8461538461538461,Azeez Ojulari
2.0,Danny Shelton
1.4615384615384617,Austin Johnson
0.6923076923076923,Darnay Holmes
0.8461538461538461,Azeez Ojulari
1.32,Leonard Williams
0.56,Blake Martinez
1.44,Dexter Lawrence
1.32,Oshane Ximines
0.48,Azeez Ojulari
1.0,Leonard Williams
1.8461538461538465,Danny Shelton
0.2307692307692307,Reggie Ragland
2.6538461538461537,Austin Johnson
0.0,Lorenzo Carter
1.8125,Dexter Lawrence
1.9375,Raymond Johnson
1.0,Leonard Williams
1.8076923076923077,Danny Shelton
1.0,Austin Johnson
1.0,Azeez Ojulari
1.44,Leonard Williams
0.36,Lorenzo Carter
2.0,Dexter Lawrence
1.32,Oshane Ximines
1.2307692307692308,Leonard Williams
2.0,Austin Johnson
0.7692307692307693,Lorenzo Carter
1.0,Oshane Ximines
1.6875,Leonard Williams
0.8125,Lorenzo Carter
1.0,Oshane Ximines
1.3125,Carter Coughlin
1.0476190476190477,Mike Purcell
1.0476190476190477,Shelby Harris
1.6666666666666667,Dre'Mont Jones
0.9523809523809524,Malik Reed
0.8571428571428571,Von Miller
1.380952380952381,Shelby Harris
0.6666666666666666,Josey Jewell
1.0952380952380951,Dre'Mont Jones
0.7619047619047619,Malik Reed
0.6666666666666666,Patrick Surtain
0.2307692307692307,Von Miller
2.0,Mike Purcell
1.1153846153846154,Shamar Stephen
1.0,DeShawn Williams
0.6190476190476191,Von Miller
1.4761904761904765,Shelby Harris
1.1904761904761905,Dre'Mont Jones
0.9047619047619048,Malik Reed
1.0769230769230769,Shelby Harris
2.076923076923077,Dre'Mont Jones
0.9615384615384616,Malik Reed
1.1923076923076923,Jonathon Cooper
2.0,Von Miller
1.1923076923076923,Mike Purcell
1.8461538461538465,Shamar Stephen
1.0,Bryce Callahan
0.8846153846153846,Malik Reed
0.1923076923076923,Logan Ryan
1.5,Leonard Williams
1.0769230769230769,Lorenzo Carter
2.0,Dexter Lawrence
0.6538461538461539,Logan Ryan
1.2692307692307692,Leonard Williams
1.2307692307692308,Austin Johnson
1.6153846153846154,Dexter Lawrence
0.9130434782608696,Von Miller
2.0869565217391304,Shelby Harris
1.0869565217391304,Dre'Mont Jones
0.9130434782608696,Malik Reed
1.3333333333333333,Von Miller
1.1904761904761905,Shelby Harris
0.2857142857142857,A.J. Johnson
1.9523809523809523,Dre'Mont Jones
0.8571428571428571,Malik Reed
1.0384615384615383,Mike Purcell
2.0,Shamar Stephen
1.4230769230769231,DeShawn Williams
1.6923076923076923,Andre Mintze
1.5416666666666667,Shamar Stephen
1.0416666666666667,DeShawn Williams
0.9166666666666666,Jonathon Cooper
1.0,Andre Mintze
1.0,Von Miller
1.736842105263158,Shelby Harris
1.368421052631579,Dre'Mont Jones
0.8947368421052632,Malik Reed
0.9375,Von Miller
2.0,Shelby Harris
1.0,Dre'Mont Jones
0.9375,Malik Reed
0.8571428571428571,Von Miller
1.0476190476190477,DeShawn Williams
1.761904761904762,Dre'Mont Jones
0.9047619047619048,Malik Reed
1.0,Leonard Williams
1.7826086956521738,Austin Johnson
0.8695652173913043,Dexter Lawrence
0.782608695652174,Azeez Ojulari
1.65,Shelby Harris
0.75,A.J. Johnson
1.45,Dre'Mont Jones
1.0,Malik Reed
0.7307692307692307,Von Miller
1.1538461538461535,Shelby Harris
1.5,Dre'Mont Jones
1.1538461538461535,Malik Reed
0.7692307692307693,Von Miller
1.0384615384615383,Shamar Stephen
1.6538461538461535,DeShawn Williams
1.2692307692307692,Malik Reed
2.3125,Shamar Stephen
1.0,DeShawn Williams
1.0,Jonathon Cooper
1.0,Andre Mintze
1.2727272727272727,Mike Purcell
0.9090909090909092,Dre'Mont Jones
0.8181818181818182,Jonathon Cooper
1.8636363636363635,Andre Mintze
0.5384615384615384,Von Miller
1.2692307692307692,Mike Purcell
1.1538461538461535,Dre'Mont Jones
0.8461538461538461,Malik Reed
0.9,Von Miller
1.15,Shamar Stephen
2.2,Shelby Harris
0.9,Malik Reed
2.0,Shamar Stephen
1.4210526315789471,DeShawn Williams
1.5789473684210529,Jonathon Cooper
0.0,Andre Mintze
1.05,Shamar Stephen
1.85,DeShawn Williams
1.0,Jonathon Cooper
0.95,Andre Mintze
1.25,Shamar Stephen
1.95,DeShawn Williams
0.9,Jonathon Cooper
0.7,Andre Mintze
1.0,Mike Purcell
1.3461538461538465,Dre'Mont Jones
1.2307692307692308,Jonathon Cooper
1.6153846153846154,Andre Mintze
1.2352941176470589,Mike Purcell
0.8823529411764706,A.J. Johnson
1.4705882352941178,Dre'Mont Jones
1.0,Jonathon Cooper
1.0,Aaron Donald
1.0,Sebastian Joseph
2.0,Greg Gaines
1.0,Michael Hoecht
1.7894736842105263,Aaron Donald
1.3157894736842106,A'Shawn Robinson
1.2105263157894737,Sebastian Joseph
0.3157894736842105,Justin Hollins
0.75,Robert Quinn
1.0833333333333333,Akiem Hicks
0.0,Alec Ogletree
1.0,Khalil Mack
0.0,Roquan Smith
1.0,Bilal Nichols
1.4285714285714286,Aaron Donald
1.0,Sebastian Joseph
2.0,Greg Gaines
0.5714285714285714,Michael Hoecht
2.0,Aaron Donald
0.3076923076923077,Leonard Floyd
1.1538461538461535,Sebastian Joseph
1.0,Greg Gaines
0.9230769230769232,Aaron Donald
0.6153846153846154,Leonard Floyd
0.6923076923076923,Kenny Young
1.4615384615384617,Sebastian Joseph
0.6153846153846154,Justin Hollins
1.8,Aaron Donald
0.4,Leonard Floyd
1.0666666666666669,Sebastian Joseph
0.6666666666666666,Justin Hollins
0.0,Troy Reeder
1.7692307692307692,Akiem Hicks
0.7692307692307693,Khalil Mack
0.6923076923076923,Roquan Smith
1.1923076923076923,Bilal Nichols
0.75,Robert Quinn
1.8125,Akiem Hicks
0.9375,Khalil Mack
1.3125,Bilal Nichols
0.4,Robert Quinn
1.75,Akiem Hicks
1.55,Khalil Mack
1.0,Bilal Nichols
1.36,A'Shawn Robinson
1.12,Greg Gaines
0.64,Justin Hollins
0.76,Terrell Lewis
1.12,Jonah Williams
1.1923076923076923,Aaron Donald
0.8461538461538461,Leonard Floyd
1.5769230769230769,Sebastian Joseph
0.8846153846153846,Justin Hollins
1.5238095238095235,Aaron Donald
0.6190476190476191,Leonard Floyd
1.1904761904761905,Sebastian Joseph
0.3809523809523809,Justin Hollins
1.1904761904761905,Jonah Williams
1.125,Akiem Hicks
0.875,Khalil Mack
2.0,Angelo Blackson
1.0,Khyiris Tonga
1.0,Akiem Hicks
1.0,Khalil Mack
1.0454545454545454,Jeremiah Attaochu
1.7272727272727273,Angelo Blackson
0.8461538461538461,Robert Quinn
1.5,Akiem Hicks
1.3461538461538465,Khalil Mack
1.0,Angelo Blackson
1.3333333333333333,Aaron Donald
1.6111111111111112,Leonard Floyd
1.2222222222222223,Greg Gaines
0.6111111111111112,Terrell Lewis
1.0769230769230769,Aaron Donald
1.3076923076923077,A'Shawn Robinson
1.1538461538461535,Sebastian Joseph
0.7692307692307693,Justin Lawler
0.6923076923076923,Terrell Lewis
0.7692307692307693,Robert Quinn
1.1923076923076923,Akiem Hicks
0.6538461538461539,Khalil Mack
0.9230769230769232,Roquan Smith
1.2307692307692308,Bilal Nichols
1.3529411764705883,Aaron Donald
0.8823529411764706,Leonard Floyd
1.0,Sebastian Joseph
0.3529411764705882,Taylor Rapp
1.2941176470588236,Justin Hollins
2.0,Aaron Donald
1.04,A'Shawn Robinson
1.0,Sebastian Joseph
0.92,Justin Hollins
1.6923076923076923,Aaron Donald
0.8461538461538461,Leonard Floyd
1.1538461538461535,Sebastian Joseph
1.0384615384615383,Justin Hollins
1.5769230769230769,Robert Quinn
1.1153846153846154,Akiem Hicks
1.5,Khalil Mack
0.8846153846153846,Bilal Nichols
1.1538461538461535,Akiem Hicks
0.4230769230769231,Alec Ogletree
1.6153846153846154,Khalil Mack
2.0,Bilal Nichols
2.0625,Aaron Donald
0.75,Leonard Floyd
1.25,A'Shawn Robinson
1.375,Sebastian Joseph
1.7777777777777777,Aaron Donald
0.0555555555555555,Kenny Young
1.8888888888888888,Sebastian Joseph
0.7222222222222222,Justin Hollins
1.9166666666666667,Aaron Donald
0.9583333333333334,Leonard Floyd
2.125,Sebastian Joseph
1.0,Aaron Donald
0.7142857142857143,Leonard Floyd
0.7142857142857143,Kenny Young
2.0,Greg Gaines
1.0952380952380951,Aaron Donald
1.761904761904762,Sebastian Joseph
1.4761904761904765,Justin Lawler
1.2857142857142858,Terrell Lewis
0.1428571428571428,Jordan Fuller
2.1875,Aaron Donald
0.5,Leonard Floyd
1.4375,Greg Gaines
0.5,Justin Hollins
1.0,Robert Quinn
1.2857142857142858,Akiem Hicks
0.5,Khalil Mack
1.2142857142857142,Bilal Nichols
1.8333333333333333,Akiem Hicks
1.0555555555555556,Alec Ogletree
0.6666666666666666,Khalil Mack
2.0555555555555554,Bilal Nichols
1.0,Robert Quinn
1.44,Akiem Hicks
1.0,Khalil Mack
1.08,Bilal Nichols
1.8666666666666667,Akiem Hicks
1.0,Khalil Mack
0.1333333333333333,Roquan Smith
1.7333333333333334,Bilal Nichols
1.105263157894737,Akiem Hicks
0.4736842105263157,Alec Ogletree
0.8421052631578947,Khalil Mack
0.9473684210526316,Jeremiah Attaochu
0.0,Roquan Smith
2.210526315789474,Bilal Nichols
1.0,Aaron Donald
1.0,Sebastian Joseph
2.0,Greg Gaines
1.0,Michael Hoecht
1.318181818181818,Aaron Donald
0.5,Kenny Young
0.6818181818181818,Sebastian Joseph
1.318181818181818,Greg Gaines
1.181818181818182,Michael Hoecht
1.3529411764705883,Aaron Donald
1.9411764705882353,A'Shawn Robinson
1.0588235294117647,Sebastian Joseph
0.6470588235294118,Terrell Lewis
1.1153846153846154,Aaron Donald
0.8846153846153846,Leonard Floyd
1.0384615384615383,Sebastian Joseph
0.7692307692307693,Justin Hollins
1.1923076923076923,Jonah Williams
1.263157894736842,Aaron Donald
0.7368421052631579,Leonard Floyd
1.1578947368421053,Sebastian Joseph
0.3157894736842105,Justin Hollins
1.5263157894736843,Jonah Williams
1.3846153846153846,Aaron Donald
1.6153846153846154,Sebastian Joseph
0.6153846153846154,Justin Hollins
1.3846153846153846,Jonah Williams
2.4444444444444446,Aaron Donald
0.7222222222222222,Leonard Floyd
1.2777777777777777,Greg Gaines
0.3333333333333333,Justin Hollins
2.0,Aaron Donald
0.9230769230769232,Leonard Floyd
0.7692307692307693,Justin Hollins
1.2692307692307692,Michael Hoecht
0.9615384615384616,Aaron Donald
0.2307692307692307,Leonard Floyd
0.9615384615384616,Kenny Young
1.9230769230769231,Sebastian Joseph
0.8125,Robert Quinn
1.0,Akiem Hicks
1.1875,Angelo Blackson
1.0,Trevis Gipson
1.0,Khyiris Tonga
2.0,Akiem Hicks
1.0,Khalil Mack
1.0,Jeremiah Attaochu
1.0,Angelo Blackson
0.8461538461538461,Robert Quinn
1.5,Akiem Hicks
0.2307692307692307,Khalil Mack
2.269230769230769,Bilal Nichols
1.4375,Aaron Donald
0.8125,Leonard Floyd
2.0,Greg Gaines
0.4375,Justin Hollins
2.176470588235294,Aaron Donald
0.8235294117647058,Leonard Floyd
1.0,Greg Gaines
0.6470588235294118,Justin Hollins
2.3076923076923075,Aaron Donald
0.7307692307692307,Leonard Floyd
1.2692307692307692,Greg Gaines
0.3846153846153846,Justin Hollins
1.3157894736842106,Aaron Donald
1.4210526315789471,Greg Gaines
0.5789473684210527,Justin Hollins
1.631578947368421,Terrell Lewis
1.6538461538461535,Aaron Donald
1.1923076923076923,Greg Gaines
0.7307692307692307,Justin Hollins
0.8461538461538461,Terrell Lewis
0.8076923076923077,Aaron Donald
2.230769230769231,Sebastian Joseph
0.6923076923076923,Justin Hollins
0.8076923076923077,Terrell Lewis
1.2666666666666666,Calais Campbell
0.8666666666666667,Justin Houston
1.0,Brandon Williams
1.3333333333333333,Tyus Bowser
1.0666666666666669,Justin Madubuike
0.0,Malik Harrison
1.9230769230769231,Calais Campbell
1.1538461538461535,Justin Houston
1.0769230769230769,Brandon Williams
1.2692307692307692,Justin Madubuike
1.0,Calais Campbell
0.7391304347826086,Justin Houston
1.2173913043478262,Brandon Williams
1.826086956521739,Justin Madubuike
1.631578947368421,Calais Campbell
0.7894736842105263,Justin Houston
1.0526315789473684,Pernell McPhee
1.2105263157894737,Odafe Oweh
0.4583333333333333,Pernell McPhee
1.0,Justin Ellis
1.5416666666666667,Justin Madubuike
2.0,Broderick Washington
0.0,Pernell McPhee
1.8333333333333333,Justin Ellis
1.75,Justin Madubuike
1.0,Broderick Washington
1.1875,Johnathan Hankins
1.0,Yannick Ngakoue
1.8125,Quinton Jefferson
1.0,Maxx Crosby
1.0,Johnathan Hankins
1.0,Yannick Ngakoue
2.1538461538461537,Quinton Jefferson
0.6923076923076923,Maxx Crosby
2.0,Darius Philon
0.9444444444444444,Yannick Ngakoue
1.0,Solomon Thomas
1.0,Maxx Crosby
2.0,Darius Philon
1.0,Carl Nassib
1.1538461538461535,Solomon Thomas
0.8461538461538461,Maxx Crosby
1.4230769230769231,Darius Philon
1.5769230769230769,Yannick Ngakoue
1.0,Quinton Jefferson
1.0,Maxx Crosby
1.3043478260869563,Calais Campbell
1.2608695652173914,Justin Houston
2.3043478260869565,Brandon Williams
0.0,
0.0,Patrick Queen
1.28,Calais Campbell
1.12,Justin Houston
1.36,Brandon Williams
0.8,Odafe Oweh
1.125,Calais Campbell
1.0416666666666667,Justin Houston
1.0833333333333333,Pernell McPhee
0.8333333333333334,DeShon Elliott
2.269230769230769,Johnathan Hankins
0.7307692307692307,Yannick Ngakoue
1.9615384615384617,Quinton Jefferson
1.0,Maxx Crosby
2.0,Gerald McCoy
1.2857142857142858,Johnathan Hankins
0.7142857142857143,Yannick Ngakoue
0.9047619047619048,Maxx Crosby
2.125,Gerald McCoy
1.1875,Darius Philon
0.8125,Yannick Ngakoue
0.75,Maxx Crosby
1.1153846153846154,Brandon Williams
1.6153846153846154,Justin Ellis
1.3846153846153846,Broderick Washington
0.9230769230769232,Odafe Oweh
1.9130434782608696,Calais Campbell
0.8695652173913043,Justin Houston
1.173913043478261,Pernell McPhee
1.2608695652173914,Tyus Bowser
0.1304347826086956,Chuck Clark
0.2608695652173913,Odafe Oweh
1.238095238095238,Darius Philon
0.8095238095238095,Yannick Ngakoue
1.0952380952380951,Quinton Jefferson
1.1904761904761905,Maxx Crosby
1.1153846153846154,Calais Campbell
0.9230769230769232,Justin Houston
0.8846153846153846,Pernell McPhee
1.9615384615384617,Justin Madubuike
2.1153846153846154,Calais Campbell
1.0,Justin Houston
1.3846153846153846,Pernell McPhee
0.4230769230769231,Odafe Oweh
1.36,Gerald McCoy
2.28,Johnathan Hankins
1.44,Solomon Thomas
0.72,Maxx Crosby
1.2307692307692308,Johnathan Hankins
0.8461538461538461,Yannick Ngakoue
1.5384615384615383,Quinton Jefferson
0.6538461538461539,Maxx Crosby
1.5238095238095235,Johnathan Hankins
0.8571428571428571,Yannick Ngakoue
1.1428571428571428,Quinton Jefferson
1.2857142857142858,Maxx Crosby
2.0,Darius Philon
1.0,Yannick Ngakoue
1.1153846153846154,Quinton Jefferson
0.8846153846153846,Maxx Crosby
1.8666666666666667,Brandon Williams
0.0,Jaylon Ferguson
2.0,Justin Madubuike
1.1333333333333333,Broderick Washington
1.4545454545454546,Brandon Williams
0.7727272727272727,Jaylon Ferguson
1.1363636363636365,Justin Madubuike
1.5454545454545454,Broderick Washington
1.64,Calais Campbell
1.0,Justin Ellis
0.84,Tyus Bowser
0.64,Malik Harrison
1.08,Broderick Washington
1.36,Odafe Oweh
1.0,Calais Campbell
2.0,Justin Ellis
1.1,Broderick Washington
1.15,Odafe Oweh
2.0,Calais Campbell
0.0,Justin Houston
0.9375,Pernell McPhee
2.0,Justin Ellis
1.0,Johnathan Hankins
1.3461538461538465,Darius Philon
1.0,Carl Nassib
1.1923076923076923,Maxx Crosby
1.3478260869565215,Calais Campbell
2.0,Justin Houston
0.782608695652174,Chuck Clark
1.6521739130434785,Odafe Oweh
1.0769230769230769,Calais Campbell
1.0769230769230769,Justin Houston
1.3461538461538465,Pernell McPhee
1.0,Odafe Oweh
2.4705882352941178,Calais Campbell
0.7647058823529411,Justin Houston
1.2352941176470589,Tyus Bowser
0.5882352941176471,Chuck Clark
0.0,DeShon Elliott
1.391304347826087,Calais Campbell
0.8695652173913043,Justin Houston
0.782608695652174,Pernell McPhee
0.6086956521739131,Tyus Bowser
1.2173913043478262,Odafe Oweh
0.7,Calais Campbell
1.4,Justin Houston
0.9,Pernell McPhee
0.9,Odafe Oweh
0.8823529411764706,Justin Houston
0.4705882352941176,Tyus Bowser
1.588235294117647,Chris Board
0.8823529411764706,Patrick Queen
1.1764705882352942,Justin Madubuike
0.9090909090909092,Justin Houston
1.6363636363636365,Tyus Bowser
1.0454545454545454,Chris Board
1.8636363636363635,Justin Madubuike
2.0384615384615383,Calais Campbell
1.0,Tyus Bowser
1.0,Odafe Oweh
1.6,Johnathan Hankins
1.2,Yannick Ngakoue
1.0,Quinton Jefferson
1.0,Maxx Crosby
1.25,Johnathan Hankins
1.1875,Yannick Ngakoue
1.1875,Quinton Jefferson
0.8125,Maxx Crosby
1.1428571428571428,Darius Philon
0.8571428571428571,Yannick Ngakoue
1.619047619047619,Solomon Thomas
1.1428571428571428,Maxx Crosby
0.7894736842105263,Justin Houston
2.0,Brandon Williams
1.1578947368421053,Justin Madubuike
1.0,Broderick Washington
1.0769230769230769,Johnathan Hankins
1.0384615384615383,Yannick Ngakoue
1.6538461538461535,Quinton Jefferson
0.9615384615384616,Maxx Crosby
1.3888888888888888,Johnathan Hankins
1.0555555555555556,Darius Philon
1.5555555555555556,Carl Nassib
0.9444444444444444,Maxx Crosby
1.3076923076923077,Brandon Williams
0.6923076923076923,Jaylon Ferguson
1.6923076923076923,Justin Madubuike
1.0,Broderick Washington
0.8461538461538461,Justin Houston
2.0,Brandon Williams
1.0769230769230769,Justin Madubuike
0.9615384615384616,Odafe Oweh
1.28,Calais Campbell
0.88,Justin Houston
1.6,Justin Ellis
1.12,Broderick Washington
2.0,Calais Campbell
1.0,Justin Ellis
1.3846153846153846,Broderick Washington
0.6153846153846154,Odafe Oweh
2.0,Calais Campbell
1.0,Justin Houston
1.0769230769230769,Chris Board
0.8846153846153846,Odafe Oweh
1.7692307692307692,Johnathan Hankins
1.5769230769230769,Darius Philon
0.6923076923076923,Carl Nassib
1.4615384615384617,Maxx Crosby
1.72,Johnathan Hankins
1.12,Darius Philon
0.88,Carl Nassib
1.04,Maxx Crosby
1.4615384615384617,Darius Philon
1.2307692307692308,Carl Nassib
1.5,Quinton Jefferson
0.5769230769230769,Maxx Crosby
0.0,Nate Hobbs
1.0,Pernell McPhee
1.3846153846153846,Brandon Williams
1.0,Tyus Bowser
1.0,Justin Madubuike
1.6153846153846154,Broderick Washington
1.75,Calais Campbell
0.9583333333333334,Pernell McPhee
1.7916666666666667,Brandon Williams
0.0,Patrick Queen
1.4782608695652173,Calais Campbell
0.9565217391304348,Justin Houston
1.2173913043478262,Pernell McPhee
0.782608695652174,Odafe Oweh
2.0,Johnathan Hankins
0.9230769230769232,Carl Nassib
1.5384615384615383,Quinton Jefferson
1.2692307692307692,Solomon Thomas
1.3846153846153846,Johnathan Hankins
1.5,Carl Nassib
1.8461538461538465,Quinton Jefferson
0.6538461538461539,Solomon Thomas
1.1923076923076923,Calais Campbell
1.3076923076923077,Brandon Williams
2.5384615384615383,Justin Madubuike
1.0,Odafe Oweh
1.48,Brandon Williams
1.44,Justin Madubuike
1.0,Broderick Washington
0.88,Odafe Oweh
1.0,Johnathan Hankins
2.3076923076923075,Darius Philon
1.0,Carl Nassib
1.1538461538461535,Maxx Crosby
1.0384615384615383,Gerald McCoy
2.1923076923076925,Quinton Jefferson
1.0,Solomon Thomas
1.1538461538461535,Maxx Crosby
1.2142857142857142,Calais Campbell
1.3571428571428572,Justin Houston
1.8571428571428572,Brandon Williams
0.0,
0.0,Malik Harrison
2.0,Calais Campbell
1.2272727272727273,Justin Houston
1.5,Brandon Williams
0.7272727272727273,Malik Harrison
1.238095238095238,Calais Campbell
1.0,Brandon Williams
0.7619047619047619,Tyus Bowser
1.3333333333333333,Justin Madubuike
0.6666666666666666,Malik Harrison
1.4285714285714286,Odafe Oweh
1.238095238095238,Calais Campbell
0.2857142857142857,Pernell McPhee
1.0,Brandon Williams
0.7619047619047619,Tyus Bowser
1.7142857142857142,Justin Madubuike
1.6666666666666667,Calais Campbell
0.2916666666666667,Pernell McPhee
2.0833333333333335,Justin Ellis
1.0,Odafe Oweh
1.56,Calais Campbell
1.0,Pernell McPhee
1.84,Chuck Clark
0.92,DeShon Elliott
0.76,Odafe Oweh
1.3571428571428572,Calais Campbell
0.6428571428571429,Justin Houston
2.0,Justin Ellis
1.0,Odafe Oweh
1.2857142857142858,Calais Campbell
0.7142857142857143,Justin Houston
2.380952380952381,Justin Ellis
0.5714285714285714,Odafe Oweh
1.3846153846153846,Johnathan Hankins
2.230769230769231,Carl Nassib
1.0769230769230769,Quinton Jefferson
0.9230769230769232,Maxx Crosby
1.181818181818182,Johnathan Hankins
1.0909090909090908,Darius Philon
0.9090909090909092,Carl Nassib
0.9090909090909092,Maxx Crosby
2.4615384615384617,Calais Campbell
1.3846153846153846,Justin Houston
1.5769230769230769,Odafe Oweh
1.7692307692307692,Calais Campbell
1.5,Justin Houston
1.0,Odafe Oweh
1.4545454545454546,Justin Houston
1.0,Brandon Williams
1.2272727272727273,Justin Madubuike
2.0,Broderick Washington
2.769230769230769,Brandon Williams
0.5384615384615384,Chris Westry
1.3076923076923077,Justin Madubuike
0.0,Malik Harrison
0.6923076923076923,Odafe Oweh
2.0,Calais Campbell
1.6538461538461535,Brandon Williams
1.0,Tyus Bowser
0.2692307692307692,DeShon Elliott
2.4,Calais Campbell
0.95,Justin Houston
1.0,Tyus Bowser
0.85,Chuck Clark
0.0,DeShon Elliott
1.0,Calais Campbell
0.7222222222222222,Pernell McPhee
1.4444444444444444,Brandon Williams
0.8333333333333334,DeShon Elliott
0.4444444444444444,Chris Board
1.2222222222222223,Jaylon Ferguson
0.0,Patrick Queen
2.0952380952380953,Calais Campbell
0.8571428571428571,Justin Houston
1.3333333333333333,Pernell McPhee
0.238095238095238,Odafe Oweh
1.24,Darius Philon
1.0,Quinton Jefferson
1.68,Solomon Thomas
1.0,Maxx Crosby
1.3157894736842106,Darius Philon
0.8947368421052632,Carl Nassib
1.263157894736842,Quinton Jefferson
0.9473684210526316,Maxx Crosby
1.2307692307692308,Darius Philon
0.8076923076923077,Carl Nassib
1.0384615384615383,Quinton Jefferson
1.3846153846153846,Maxx Crosby
0.8076923076923077,Nate Hobbs
1.8888888888888888,Calais Campbell
0.5555555555555556,Pernell McPhee
1.1111111111111112,Brandon Williams
0.2222222222222222,DeShon Elliott
0.0555555555555555,Malik Harrison
1.0,Odafe Oweh
1.9090909090909092,Leonard Williams
1.5,Austin Johnson
0.4090909090909091,Lorenzo Carter
0.5,Azeez Ojulari
2.076923076923077,Leonard Williams
1.0,Austin Johnson
0.8846153846153846,Lorenzo Carter
1.0,Azeez Ojulari
1.65,Jonathan Allen
1.15,Daron Payne
1.0,Montez Sweat
0.9,Chase Young
2.0,Matt Ioannidis
1.3846153846153846,Jonathan Allen
1.0,Daron Payne
0.9615384615384616,Montez Sweat
1.5384615384615383,Chase Young
1.8461538461538465,Jonathan Allen
1.1923076923076923,Daron Payne
0.9615384615384616,Montez Sweat
1.0769230769230769,Chase Young
1.2608695652173914,Leonard Williams
1.7391304347826086,Danny Shelton
0.4347826086956521,Jabrill Peppers
1.0,Dexter Lawrence
1.7692307692307692,Leonard Williams
0.3461538461538461,Lorenzo Carter
0.6153846153846154,Dexter Lawrence
0.8461538461538461,Azeez Ojulari
2.0,Matt Ioannidis
1.1153846153846154,Jonathan Allen
1.0,Daron Payne
0.8846153846153846,Montez Sweat
1.0,Chase Young
1.08,Leonard Williams
2.16,Austin Johnson
0.92,Lorenzo Carter
0.8,Oshane Ximines
1.0,Leonard Williams
0.5714285714285714,Reggie Ragland
2.142857142857143,Austin Johnson
1.3571428571428572,Oshane Ximines
0.6428571428571429,Darnay Holmes
1.3125,Danny Shelton
1.375,Oshane Ximines
0.875,Azeez Ojulari
1.4230769230769231,Leonard Williams
1.5769230769230769,Austin Johnson
1.3461538461538465,Dexter Lawrence
0.6538461538461539,Oshane Ximines
1.6538461538461535,Austin Johnson
1.4230769230769231,Lorenzo Carter
1.8076923076923077,Dexter Lawrence
1.1153846153846154,Azeez Ojulari
1.7777777777777777,Austin Johnson
1.1666666666666667,Dexter Lawrence
0.5555555555555556,Azeez Ojulari
1.0,Raymond Johnson
1.9230769230769231,Matt Ioannidis
1.1153846153846154,Jonathan Allen
2.0,Daron Payne
0.8461538461538461,Montez Sweat
1.0,Chase Young
1.5769230769230769,Jonathan Allen
1.1153846153846154,Daron Payne
1.2692307692307692,Montez Sweat
0.8846153846153846,Chase Young
0.2307692307692307,Logan Ryan
1.3846153846153846,Leonard Williams
2.1153846153846154,Austin Johnson
1.3846153846153846,Dexter Lawrence
1.3333333333333333,Leonard Williams
1.0,Lorenzo Carter
1.5,Dexter Lawrence
1.1111111111111112,Azeez Ojulari
1.0,Leonard Williams
0.5263157894736842,Lorenzo Carter
1.894736842105263,Dexter Lawrence
0.9473684210526316,Azeez Ojulari
1.3571428571428572,Jonathan Allen
2.0,Daron Payne
1.0,Tim Settle
0.0,Chase Young
0.6428571428571429,James Smith-Williams
0.9583333333333334,Jonathan Allen
1.3333333333333333,Daron Payne
0.6666666666666666,Montez Sweat
1.5833333333333333,Chase Young
1.125,Matt Ioannidis
1.7083333333333333,Jonathan Allen
1.2916666666666667,Montez Sweat
0.875,Chase Young
1.5,Danny Shelton
1.5,Dexter Lawrence
0.7142857142857143,Oshane Ximines
1.0,Azeez Ojulari
1.0,Danny Shelton
1.5217391304347827,Dexter Lawrence
1.173913043478261,Oshane Ximines
0.9130434782608696,Azeez Ojulari
1.08,Leonard Williams
1.48,Austin Johnson
1.28,Oshane Ximines
1.0,Azeez Ojulari
1.263157894736842,Leonard Williams
1.1578947368421053,Austin Johnson
1.0,Lorenzo Carter
1.4210526315789471,Dexter Lawrence
0.7272727272727273,Leonard Williams
2.0,Austin Johnson
0.8181818181818182,Lorenzo Carter
1.2727272727272727,Dexter Lawrence
1.2941176470588236,Leonard Williams
1.7647058823529411,Austin Johnson
0.7058823529411765,Lorenzo Carter
1.1176470588235294,Azeez Ojulari
1.9473684210526316,Leonard Williams
0.7894736842105263,Lorenzo Carter
1.1578947368421053,Dexter Lawrence
0.0,Darnay Holmes
0.4210526315789473,Tae Crowder
0.7368421052631579,Azeez Ojulari
2.1739130434782608,Matt Ioannidis
1.0434782608695652,Jonathan Allen
2.0,Daron Payne
0.9565217391304348,Montez Sweat
0.8260869565217391,Chase Young
0.5769230769230769,Matt Ioannidis
1.5769230769230769,Jonathan Allen
1.6538461538461535,Daron Payne
0.8461538461538461,Montez Sweat
1.3076923076923077,Chase Young
1.1153846153846154,Matt Ioannidis
1.0,Jonathan Allen
1.8076923076923077,Daron Payne
0.8846153846153846,Chase Young
1.36,Matt Ioannidis
1.2,Daron Payne
1.64,Chase Young
0.8,James Smith-Williams
1.8095238095238095,Matt Ioannidis
2.0,Daron Payne
1.0,Montez Sweat
0.8571428571428571,Chase Young
1.6923076923076923,Leonard Williams
1.1153846153846154,Austin Johnson
0.8461538461538461,Lorenzo Carter
1.0,Azeez Ojulari
1.35,Leonard Williams
1.15,Austin Johnson
1.55,Lorenzo Carter
0.75,Azeez Ojulari
1.7142857142857142,Daron Payne
1.380952380952381,Tim Settle
0.9047619047619048,Montez Sweat
0.9047619047619048,Chase Young
1.8695652173913044,Matt Ioannidis
2.0,Jonathan Allen
0.0,Montez Sweat
1.0,Chase Young
1.24,Matt Ioannidis
1.76,Jonathan Allen
1.0,Montez Sweat
0.96,James Smith-Williams
1.9090909090909092,Matt Ioannidis
1.1363636363636365,Jonathan Allen
0.8636363636363636,James Smith-Williams
0.8636363636363636,Casey Toohill
1.4615384615384617,Leonard Williams
2.0,Dexter Lawrence
1.5,Oshane Ximines
1.9615384615384617,Azeez Ojulari
1.35,Leonard Williams
1.35,Danny Shelton
0.45,Oshane Ximines
1.0,Azeez Ojulari
0.7692307692307693,Leonard Williams
1.1538461538461535,Lorenzo Carter
1.8846153846153848,Dexter Lawrence
0.5769230769230769,Azeez Ojulari
1.0,Jonathan Allen
2.0,Daron Payne
0.9615384615384616,Montez Sweat
1.0,Chase Young
0.5,Bobby McCain
1.181818181818182,Jonathan Allen
1.0909090909090908,Daron Payne
0.8181818181818182,Montez Sweat
1.181818181818182,Chase Young
1.5,Matt Ioannidis
1.7307692307692308,Jonathan Allen
0.8846153846153846,Daron Payne
0.8076923076923077,Montez Sweat
0.2692307692307692,Chase Young
0.3076923076923077,Kendall Fuller
1.5769230769230769,Matt Ioannidis
1.1153846153846154,Daron Payne
0.9615384615384616,Montez Sweat
1.3461538461538465,Chase Young
0.0,Jon Bostic
0.6470588235294118,Landon Collins
1.2941176470588236,Matt Ioannidis
2.0588235294117645,Daron Payne
0.8823529411764706,Montez Sweat
0.0588235294117647,Cole Holcomb
0.6470588235294118,Chase Young
1.25,Leonard Williams
1.25,Reggie Ragland
1.4166666666666667,Austin Johnson
1.1666666666666667,Oshane Ximines
0.9166666666666666,Darnay Holmes
0.84,Leonard Williams
1.2,Blake Martinez
0.6,Lorenzo Carter
1.64,Oshane Ximines
1.0,Leonard Williams
1.6666666666666667,Austin Johnson
1.3333333333333333,Dexter Lawrence
1.238095238095238,Tae Crowder
1.5263157894736843,Leonard Williams
1.0,Lorenzo Carter
1.0,Dexter Lawrence
0.4736842105263157,Oshane Ximines
1.4210526315789471,Leonard Williams
1.1578947368421053,Lorenzo Carter
1.263157894736842,Oshane Ximines
1.3157894736842106,Carter Coughlin
2.0,Jonathan Allen
1.4615384615384617,Daron Payne
1.0,Montez Sweat
0.5384615384615384,Cole Holcomb
2.0,Chase Young
1.0769230769230769,Matt Ioannidis
1.9230769230769231,Jonathan Allen
0.9230769230769232,Montez Sweat
1.0384615384615383,Chase Young
1.3461538461538465,Jonathan Allen
1.3461538461538465,Montez Sweat
1.9615384615384617,Chase Young
1.48,Leonard Williams
1.28,Austin Johnson
1.32,Lorenzo Carter
0.72,Azeez Ojulari
1.6153846153846154,Leonard Williams
1.0769230769230769,Austin Johnson
1.1153846153846154,Lorenzo Carter
1.0,Dexter Lawrence
2.0,Matt Ioannidis
2.1153846153846154,Jonathan Allen
0.6538461538461539,Daron Payne
0.0,Montez Sweat
0.1153846153846153,Cole Holcomb
1.3157894736842106,Matt Ioannidis
1.368421052631579,Jonathan Allen
1.0526315789473684,Daron Payne
0.8421052631578947,Montez Sweat
2.0,Jonathan Allen
1.1428571428571428,Daron Payne
0.8571428571428571,Montez Sweat
1.0,Chase Young
0.8636363636363636,Jon Bostic
1.318181818181818,Daron Payne
1.318181818181818,Montez Sweat
1.0909090909090908,Cole Holcomb
1.0,Chase Young
1.3333333333333333,Leonard Williams
0.0,Lorenzo Carter
1.75,Dexter Lawrence
0.9166666666666666,Azeez Ojulari
1.3333333333333333,Jonathan Allen
1.5,Daron Payne
0.3333333333333333,Montez Sweat
1.1666666666666667,Cole Holcomb
0.6666666666666666,Chase Young
1.4375,Leonard Williams
1.0,Lorenzo Carter
1.25,Azeez Ojulari
1.0,Leonard Williams
1.0,Lorenzo Carter
1.76,Dexter Lawrence
0.72,Azeez Ojulari
0.7727272727272727,Leonard Williams
0.6363636363636364,Lorenzo Carter
1.8636363636363635,Dexter Lawrence
0.7727272727272727,Oshane Ximines
1.0869565217391304,Leonard Williams
1.0,Lorenzo Carter
0.8260869565217391,Dexter Lawrence
0.9565217391304348,Oshane Ximines
1.0,Leonard Williams
1.263157894736842,Dexter Lawrence
0.5263157894736842,Oshane Ximines
1.0,Azeez Ojulari
1.0,Leonard Williams
1.0,Lorenzo Carter
1.6666666666666667,Dexter Lawrence
0.8,Azeez Ojulari
1.0,Blake Martinez
0.2857142857142857,Azeez Ojulari
1.0,Leonard Williams
1.0,Lorenzo Carter
1.9166666666666667,Dexter Lawrence
0.75,Azeez Ojulari
0.6538461538461539,Cameron Jordan
1.1923076923076923,Christian Ringo
1.6153846153846154,Carl Granderson
1.3846153846153846,Shy Tuttle
1.3076923076923077,Cameron Jordan
1.0,Albert Huggins
1.8076923076923077,Malcolm Roach
1.1538461538461535,Payton Turner
0.4230769230769231,DaQuan Jones
1.0,Morgan Fox
0.3076923076923077,Haason Reddick
1.0384615384615383,Brian Burns
3.076923076923077,Derrick Brown
1.8,DaQuan Jones
1.0,Haason Reddick
1.0,Brian Burns
1.0,Derrick Brown
0.9473684210526316,Cameron Jordan
1.0526315789473684,Christian Ringo
1.0,Carl Granderson
1.9473684210526316,Malcolm Roach
0.9230769230769232,Malcolm Jenkins
0.3846153846153846,Demario Davis
1.4230769230769231,Christian Ringo
0.6923076923076923,Jalyn Holmes
0.3076923076923077,Kaden Elliss
2.0,Carl Granderson
1.0,Malcolm Roach
1.3333333333333333,Christian Ringo
1.0,Jalyn Holmes
0.9047619047619048,Carl Granderson
0.8095238095238095,Zack Baun
0.5714285714285714,Malcolm Roach
1.0,Cameron Jordan
1.0,Christian Ringo
1.9615384615384617,Malcolm Roach
1.0,Payton Turner
1.8461538461538465,Shaq Thompson
1.1923076923076923,Derrick Brown
0.5769230769230769,Jeremy Chinn
0.3076923076923077,Bravvion Roy
0.5789473684210527,Haason Reddick
0.7894736842105263,Brian Burns
1.0,Derrick Brown
1.2105263157894737,Yetur Gross-Matos
1.0,Bravvion Roy
0.3125,Malcolm Jenkins
1.4375,Cameron Jordan
1.125,Malcolm Roach
1.6875,Payton Turner
0.5,Demario Davis
0.0,P.J. Williams
1.0384615384615383,Jalyn Holmes
0.9615384615384616,Shy Tuttle
1.3076923076923077,Albert Huggins
0.9615384615384616,Zack Baun
1.0384615384615383,Payton Turner
0.7142857142857143,Cameron Jordan
1.4285714285714286,Christian Ringo
1.0,Malcolm Roach
1.5238095238095235,Payton Turner
2.230769230769231,Cameron Jordan
1.0,Carl Granderson
1.9230769230769231,Shy Tuttle
1.0,Albert Huggins
1.2692307692307692,DaQuan Jones
1.3461538461538465,Shaq Thompson
0.9230769230769232,Brian Burns
1.0769230769230769,Daviyon Nixon
1.65,DaQuan Jones
1.2,Haason Reddick
1.7,Brian Burns
2.0,Daviyon Nixon
2.0,DaQuan Jones
1.0555555555555556,Morgan Fox
0.9444444444444444,Haason Reddick
0.6666666666666666,Brian Burns
0.5625,Cameron Jordan
1.4375,Christian Ringo
1.375,Carl Granderson
1.625,Shy Tuttle
1.2608695652173914,Cameron Jordan
0.8260869565217391,Carl Granderson
1.565217391304348,Andrew Dowell
1.826086956521739,Malcolm Roach
1.2307692307692308,Cameron Jordan
2.1153846153846154,Christian Ringo
1.0,Shy Tuttle
0.8076923076923077,Payton Turner
1.0,Cameron Jordan
1.0833333333333333,Christian Ringo
1.0833333333333333,Carl Granderson
1.5833333333333333,Shy Tuttle
1.0,Morgan Fox
1.6153846153846154,Haason Reddick
1.0,Marquis Haynes
1.1923076923076923,Derrick Brown
0.9411764705882352,Morgan Fox
1.0588235294117647,Haason Reddick
1.0,Brian Burns
1.0588235294117647,Derrick Brown
1.0,Morgan Fox
0.9230769230769232,Haason Reddick
1.0,Brian Burns
1.3461538461538465,Derrick Brown
0.0,Sean Chandler
1.4,Brian Burns
1.05,Derrick Brown
1.2,Yetur Gross-Matos
0.25,Jeremy Chinn
0.2272727272727272,Sean Chandler
0.3181818181818182,Brian Burns
1.4545454545454546,Derrick Brown
1.0,Yetur Gross-Matos
2.1818181818181817,Jeremy Chinn
0.5,Sean Chandler
1.05,Brian Burns
1.55,Derrick Brown
1.2,Yetur Gross-Matos
0.4,Jeremy Chinn
1.0,Cameron Jordan
1.5384615384615383,Christian Ringo
1.0,Malcolm Roach
1.4230769230769231,Payton Turner
1.4230769230769231,Cameron Jordan
1.1923076923076923,Demario Davis
1.6538461538461535,Malcolm Roach
0.8846153846153846,Payton Turner
0.8823529411764706,Cameron Jordan
0.8235294117647058,Carl Granderson
1.5294117647058822,Malcolm Roach
1.5384615384615383,DaQuan Jones
1.5384615384615383,Morgan Fox
0.8846153846153846,Haason Reddick
0.8846153846153846,Brian Burns
0.3076923076923077,Cameron Jordan
1.6923076923076923,Christian Ringo
1.2692307692307692,Carl Granderson
2.1153846153846154,Shy Tuttle
0.5882352941176471,Cameron Jordan
1.411764705882353,Demario Davis
0.0,Bradley Roby
0.8823529411764706,Carl Granderson
2.2941176470588234,Malcolm Roach
1.0,Cameron Jordan
1.0,Shy Tuttle
2.0384615384615383,Albert Huggins
0.8076923076923077,Payton Turner
1.6,Christian Ringo
0.68,Jalyn Holmes
0.68,Shy Tuttle
1.0,Payton Turner
0.8076923076923077,Malcolm Jenkins
1.4230769230769231,Cameron Jordan
0.3076923076923077,Bradley Roby
1.0,Carl Granderson
1.2692307692307692,Malcolm Roach
1.3461538461538465,DaQuan Jones
1.5,Morgan Fox
0.6538461538461539,Jeremy Chinn
1.0,Morgan Fox
0.6923076923076923,Haason Reddick
0.9230769230769232,Brian Burns
1.7307692307692308,Derrick Brown
0.9,Cameron Jordan
0.0,P.J. Williams
1.75,Christian Ringo
0.9,Carl Granderson
1.1,Malcolm Roach
0.8076923076923077,Haason Reddick
1.0,Brian Burns
1.0,Derrick Brown
1.0769230769230769,Yetur Gross-Matos
0.8846153846153846,Bravvion Roy
1.0769230769230769,Morgan Fox
0.9230769230769232,Haason Reddick
1.0,Brian Burns
1.1538461538461535,Derrick Brown
1.0,Cameron Jordan
1.4444444444444444,Christian Ringo
0.5555555555555556,Carl Granderson
2.0,Shy Tuttle
0.8181818181818182,Malcolm Jenkins
1.0,Cameron Jordan
0.7272727272727273,Carl Granderson
1.4545454545454546,Zack Baun
1.8636363636363635,Malcolm Roach
1.0,Cameron Jordan
1.0,Shy Tuttle
3.0,Albert Huggins
1.0,Payton Turner
0.4615384615384615,Malcolm Jenkins
1.2692307692307692,Cameron Jordan
0.6923076923076923,Bradley Roby
1.0384615384615383,Malcolm Roach
1.8461538461538465,Payton Turner
1.4166666666666667,DaQuan Jones
1.125,Morgan Fox
0.625,Marquis Haynes
1.5,Frankie Luvu
0.4166666666666667,Daviyon Nixon
1.0,Cameron Jordan
0.2692307692307692,Demario Davis
1.3076923076923077,Christian Ringo
1.0,Kaden Elliss
1.8461538461538465,Carl Granderson
1.4230769230769231,Shy Tuttle
1.0,Cameron Jordan
2.1904761904761907,Christian Ringo
1.0952380952380951,Shy Tuttle
1.5714285714285714,Payton Turner
1.0,Cameron Jordan
1.2,Demario Davis
0.9,Carl Granderson
0.95,Malcolm Roach
1.2,Cameron Jordan
1.0,Carl Granderson
1.35,Shy Tuttle
1.4,Albert Huggins
1.3043478260869563,Morgan Fox
0.9130434782608696,Marquis Haynes
1.0,Frankie Luvu
1.173913043478261,Derrick Brown
0.8421052631578947,Morgan Fox
0.9473684210526316,Sean Chandler
2.1578947368421053,Derrick Brown
1.3043478260869563,Morgan Fox
0.0,Brian Burns
2.4347826086956523,Derrick Brown
1.0,Jeremy Chinn
0.8461538461538461,Shaq Thompson
0.0769230769230769,Juston Burris
1.3076923076923077,Morgan Fox
1.1538461538461535,Haason Reddick
1.5384615384615383,Derrick Brown
1.0,Cameron Jordan
0.5882352941176471,Carl Granderson
2.235294117647059,Zack Baun
0.8823529411764706,Malcolm Roach
1.0476190476190477,DaQuan Jones
1.9523809523809523,Morgan Fox
0.9047619047619048,Marquis Haynes
0.8095238095238095,Frankie Luvu
1.8076923076923077,DaQuan Jones
1.0,Morgan Fox
1.0,Marquis Haynes
0.9230769230769232,Frankie Luvu
1.0,Larry Ogunjobi
1.0,Trey Hendrickson
1.0,Sam Hubbard
2.0,Cameron Sample
2.230769230769231,D.J. Reader
1.6153846153846154,Larry Ogunjobi
1.0384615384615383,Trey Hendrickson
1.0,Sam Hubbard
1.380952380952381,D.J. Reader
2.0,Larry Ogunjobi
1.5238095238095235,Sam Hubbard
2.0,Larry Ogunjobi
1.0,Josh Tupou
2.0,B.J. Hill
1.2,D.J. Reader
1.0,Trey Hendrickson
1.9333333333333331,B.J. Hill
0.8666666666666667,Sam Hubbard
0.9230769230769232,Robert Quinn
2.076923076923077,Akiem Hicks
0.6923076923076923,Khalil Mack
1.0,Bilal Nichols
0.9230769230769232,Akiem Hicks
1.0,Bilal Nichols
1.9230769230769231,Khyiris Tonga
0.3846153846153846,Robert Quinn
1.9230769230769231,Akiem Hicks
0.5384615384615384,Khalil Mack
1.6153846153846154,Bilal Nichols
1.5,Akiem Hicks
1.681818181818182,Khalil Mack
0.4090909090909091,Jeremiah Attaochu
1.318181818181818,Angelo Blackson
0.9285714285714286,Akiem Hicks
0.0,Khalil Mack
0.7857142857142857,Jeremiah Attaochu
1.2142857142857142,Angelo Blackson
1.9285714285714288,Khyiris Tonga
0.9230769230769232,Jeremiah Attaochu
1.8461538461538465,Angelo Blackson
1.0,Bilal Nichols
1.1923076923076923,Khyiris Tonga
1.4736842105263157,Robert Quinn
0.8421052631578947,Jeremiah Attaochu
1.1578947368421053,Angelo Blackson
1.4736842105263157,Bilal Nichols
0.7692307692307693,Robert Quinn
2.0,Akiem Hicks
1.2307692307692308,Khalil Mack
1.4615384615384617,Angelo Blackson
0.1818181818181818,Vonn Bell
2.090909090909091,D.J. Reader
1.9090909090909092,Larry Ogunjobi
0.8181818181818182,Trey Hendrickson
1.6923076923076923,D.J. Reader
2.1923076923076925,Larry Ogunjobi
1.6923076923076923,Trey Hendrickson
1.4230769230769231,Sam Hubbard
2.0,Josh Tupou
1.8846153846153848,B.J. Hill
1.0,Sam Hubbard
1.0,Wyatt Ray
1.0,Josh Tupou
1.4230769230769231,B.J. Hill
1.0,Sam Hubbard
1.3846153846153846,Wyatt Ray
1.0,Robert Quinn
2.0,Akiem Hicks
0.0,Khalil Mack
1.0,Roquan Smith
0.75,Bilal Nichols
1.4666666666666666,Akiem Hicks
0.3333333333333333,Khalil Mack
0.8666666666666667,Jeremiah Attaochu
2.0,Bilal Nichols
2.0,D.J. Reader
1.5384615384615383,Larry Ogunjobi
1.0,Josh Tupou
1.3846153846153846,D.J. Reader
1.1923076923076923,Larry Ogunjobi
1.2692307692307692,Trey Hendrickson
1.5,Cameron Sample
2.066666666666667,Larry Ogunjobi
0.8666666666666667,Trey Hendrickson
1.0666666666666669,Cameron Sample
1.2857142857142858,Robert Quinn
1.3571428571428572,Akiem Hicks
0.5714285714285714,Jeremiah Attaochu
1.2857142857142858,Angelo Blackson
1.0,Robert Quinn
2.0,Akiem Hicks
1.0,Khalil Mack
0.625,Khalil Mack
1.3125,Jeremiah Attaochu
1.9375,Angelo Blackson
0.8125,Bilal Nichols
1.0384615384615383,Larry Ogunjobi
0.4230769230769231,Trey Hendrickson
0.8846153846153846,Sam Hubbard
2.0,Cameron Sample
2.0952380952380953,Larry Ogunjobi
0.6190476190476191,Trey Hendrickson
1.4285714285714286,Sam Hubbard
1.3333333333333333,Cameron Sample
1.3076923076923077,Larry Ogunjobi
1.0,Trey Hendrickson
1.0,Sam Hubbard
0.7692307692307693,Logan Wilson
0.8461538461538461,Cameron Sample
1.5454545454545454,Larry Ogunjobi
1.0,Trey Hendrickson
1.0,Sam Hubbard
0.9545454545454546,Cameron Sample
1.5384615384615383,D.J. Reader
1.2692307692307692,Trey Hendrickson
1.1923076923076923,B.J. Hill
1.0,Sam Hubbard
0.8846153846153846,Logan Wilson
0.8076923076923077,Robert Quinn
1.3076923076923077,Khalil Mack
1.5384615384615383,Angelo Blackson
1.1923076923076923,Bilal Nichols
1.380952380952381,Robert Quinn
0.5714285714285714,Khalil Mack
0.9047619047619048,Angelo Blackson
1.7142857142857142,Bilal Nichols
1.2307692307692308,Akiem Hicks
1.0,Khalil Mack
1.2692307692307692,Jeremiah Attaochu
2.1153846153846154,Bilal Nichols
1.5769230769230769,Robert Quinn
1.0,Akiem Hicks
1.6538461538461535,Khalil Mack
1.8461538461538465,Bilal Nichols
1.4230769230769231,Robert Quinn
1.0769230769230769,Margus Hunt
2.0,Jeremiah Attaochu
1.7692307692307692,Angelo Blackson
1.2,Akiem Hicks
1.48,Christian Jones
1.6,Angelo Blackson
0.44,Roquan Smith
1.5,Robert Quinn
1.2222222222222223,Akiem Hicks
0.7777777777777778,Khalil Mack
1.5,Angelo Blackson
1.5769230769230769,D.J. Reader
1.0,Larry Ogunjobi
1.4230769230769231,Josh Tupou
0.2692307692307692,Vonn Bell
1.4230769230769231,Trey Hendrickson
2.1538461538461537,Josh Tupou
1.5769230769230769,B.J. Hill
1.0,Trey Hendrickson
1.2692307692307692,B.J. Hill
0.4230769230769231,Sam Hubbard
1.3076923076923077,Logan Wilson
1.4230769230769231,Cameron Sample
0.75,Khalil Mack
1.0,Jeremiah Attaochu
1.2916666666666667,Angelo Blackson
0.625,Roquan Smith
1.25,Bilal Nichols
1.3333333333333333,Larry Ogunjobi
1.3333333333333333,Trey Hendrickson
0.2222222222222222,Sam Hubbard
0.6666666666666666,Logan Wilson
1.4444444444444444,Cameron Sample
1.7692307692307692,D.J. Reader
1.0,Larry Ogunjobi
1.0,Trey Hendrickson
0.9615384615384616,Sam Hubbard
1.7692307692307692,D.J. Reader
1.8461538461538465,Larry Ogunjobi
1.2307692307692308,Trey Hendrickson
1.6111111111111112,D.J. Reader
1.3888888888888888,Larry Ogunjobi
0.8333333333333334,Trey Hendrickson
1.0,Sam Hubbard
0.3333333333333333,Logan Wilson
0.0,Akeem Davis-Gaither
1.7894736842105263,Robert Quinn
1.6842105263157894,Akiem Hicks
0.5789473684210527,Khalil Mack
1.0,Angelo Blackson
0.4375,Robert Quinn
1.8125,Akiem Hicks
0.9375,Khalil Mack
0.625,Bilal Nichols
1.0,Robert Quinn
2.1,Akiem Hicks
0.85,Jeremiah Attaochu
0.95,Bilal Nichols
1.4230769230769231,D.J. Reader
0.7692307692307693,Mike Hilton
1.5769230769230769,Larry Ogunjobi
1.0,Trey Hendrickson
1.3461538461538465,Sam Hubbard
2.0,Larry Ogunjobi
1.8846153846153848,Trey Hendrickson
1.2692307692307692,Sam Hubbard
2.1818181818181817,Akiem Hicks
0.2727272727272727,Alec Ogletree
0.7727272727272727,Khalil Mack
0.0,Jeremiah Attaochu
2.0,Angelo Blackson
1.0,Josh Tupou
2.0,B.J. Hill
1.0,Wyatt Ray
1.0,Cameron Sample
0.9230769230769232,Robert Quinn
1.3461538461538465,Akiem Hicks
0.4615384615384615,Khalil Mack
2.0,Bilal Nichols
1.826086956521739,Akiem Hicks
0.6521739130434783,Khalil Mack
1.6521739130434785,Jeremiah Attaochu
1.434782608695652,Bilal Nichols
0.782608695652174,Robert Quinn
1.2608695652173914,Akiem Hicks
1.1304347826086956,Khalil Mack
1.4782608695652173,Bilal Nichols
0.5454545454545454,Robert Quinn
1.681818181818182,Jeremiah Attaochu
1.4090909090909092,Angelo Blackson
1.181818181818182,Khyiris Tonga
1.0,Larry Ogunjobi
1.0,Trey Hendrickson
0.0,Jessie Bates
0.8333333333333334,Sam Hubbard
0.9444444444444444,Akeem Davis-Gaither
1.3333333333333333,Cameron Sample
1.0,Akiem Hicks
0.7368421052631579,Khalil Mack
1.0526315789473684,Jeremiah Attaochu
1.5789473684210529,Bilal Nichols
1.0,D.J. Reader
0.0,Mike Hilton
1.0,Larry Ogunjobi
1.625,Trey Hendrickson
1.0,Sam Hubbard
1.1153846153846154,Whitney Mercilus
1.4615384615384617,Maliek Collins
0.9230769230769232,Jacob Martin
1.6153846153846154,Charles Omenihu
1.608695652173913,Jordan Jenkins
0.782608695652174,Jaleel Johnson
0.8695652173913043,Jacob Martin
1.608695652173913,Ross Blacklock
1.0,Jordan Jenkins
1.9285714285714288,Jaleel Johnson
1.0,Jacob Martin
1.0,Ross Blacklock
2.0,Malik Jackson
2.0,Jadeveon Clowney
1.2692307692307692,Myles Garrett
1.7307692307692308,Malik McDowell
1.3846153846153846,Malik Jackson
1.9230769230769231,Jadeveon Clowney
1.1153846153846154,Myles Garrett
1.2692307692307692,Takkarist McKinley
2.0,Malik Jackson
0.0,Jadeveon Clowney
1.0,Myles Garrett
1.8461538461538465,Malik McDowell
2.0,Malik Jackson
0.6538461538461539,Jadeveon Clowney
0.9615384615384616,Takkarist McKinley
1.0,Jordan Elliott
0.8461538461538461,Whitney Mercilus
2.0384615384615383,Maliek Collins
0.6538461538461539,Charles Omenihu
2.3076923076923075,Roy Lopez
0.95,Jordan Jenkins
1.6,Jaleel Johnson
1.0,Jacob Martin
1.3,Ross Blacklock
1.2692307692307692,Jordan Jenkins
0.5,Kamu Grugier-Hill
1.5769230769230769,Jaleel Johnson
1.3076923076923077,Jacob Martin
1.0,Ross Blacklock
1.0,Jordan Jenkins
1.3888888888888888,Jaleel Johnson
1.0,Jacob Martin
1.2777777777777777,Ross Blacklock
1.0,Whitney Mercilus
1.5,Maliek Collins
1.5625,Charles Omenihu
0.9375,Roy Lopez
0.8333333333333334,Whitney Mercilus
1.7222222222222223,Maliek Collins
0.7777777777777778,Charles Omenihu
1.2222222222222223,Roy Lopez
0.9565217391304348,Whitney Mercilus
1.434782608695652,Jacob Martin
0.9565217391304348,Charles Omenihu
0.0,Malcolm Smith
1.9333333333333331,Malik Jackson
0.0,Troy Hill
0.7333333333333333,Takkarist McKinley
1.6666666666666667,Jordan Elliott
2.1875,Andrew Billings
0.6875,Myles Garrett
0.6875,Takkarist McKinley
1.3125,Malik McDowell
1.0,Whitney Mercilus
0.8846153846153846,Maliek Collins
2.1153846153846154,Charles Omenihu
1.0,Roy Lopez
0.6538461538461539,Whitney Mercilus
2.076923076923077,Maliek Collins
0.9230769230769232,Charles Omenihu
1.0,Roy Lopez
1.1333333333333333,Malik Jackson
0.8,Jadeveon Clowney
2.066666666666667,Myles Garrett
0.8,Takkarist McKinley
0.6470588235294118,Whitney Mercilus
1.1176470588235294,Maliek Collins
0.8823529411764706,Charles Omenihu
2.0,Roy Lopez
0.8823529411764706,Whitney Mercilus
0.0588235294117647,Christian Kirksey
1.0,Maliek Collins
0.8235294117647058,Desmond King
0.7647058823529411,Charles Omenihu
1.2352941176470589,Roy Lopez
0.9130434782608696,Malik Jackson
1.8695652173913044,Jadeveon Clowney
0.9130434782608696,Myles Garrett
1.5217391304347827,Malik McDowell
0.5769230769230769,Whitney Mercilus
1.8846153846153848,Maliek Collins
0.3846153846153846,Jaleel Johnson
1.6923076923076923,Charles Omenihu
2.0,Malik Jackson
1.4230769230769231,Jadeveon Clowney
1.5,Myles Garrett
1.2692307692307692,Malik McDowell
1.5263157894736843,Malik Jackson
0.6842105263157895,Jadeveon Clowney
1.3157894736842106,Myles Garrett
1.368421052631579,Takkarist McKinley
1.4782608695652173,Andrew Billings
1.1304347826086956,Takkarist McKinley
1.0,Joe Jackson
1.826086956521739,Jordan Elliott
1.0384615384615383,Malik Jackson
1.3076923076923077,Myles Garrett
1.1153846153846154,Takkarist McKinley
1.9230769230769231,Malik McDowell
0.7307692307692307,Jadeveon Clowney
1.3076923076923077,Malik McDowell
0.5384615384615384,Joe Jackson
1.6923076923076923,Jordan Elliott
0.7333333333333333,Jordan Jenkins
1.7333333333333334,Jaleel Johnson
1.0,Jacob Martin
1.4666666666666666,Ross Blacklock
0.5714285714285714,Jordan Jenkins
2.0,Jaleel Johnson
1.0,Jacob Martin
1.4285714285714286,Ross Blacklock
1.0,Jordan Jenkins
1.2608695652173914,Jaleel Johnson
0.6086956521739131,Jacob Martin
0.8260869565217391,Ross Blacklock
1.25,Malik Jackson
0.85,Myles Garrett
0.75,Takkarist McKinley
2.0,Malik McDowell
1.9230769230769231,Malik Jackson
1.2692307692307692,Jadeveon Clowney
1.4230769230769231,Myles Garrett
0.5769230769230769,Takkarist McKinley
0.3,Whitney Mercilus
1.0,Maliek Collins
0.8,Charles Omenihu
2.0,Roy Lopez
0.9545454545454546,Jadeveon Clowney
0.7272727272727273,Myles Garrett
1.9090909090909092,Malik McDowell
1.3636363636363635,Jordan Elliott
0.782608695652174,Jadeveon Clowney
1.2173913043478262,Myles Garrett
1.9130434782608696,Malik McDowell
1.0869565217391304,Jordan Elliott
2.0,Malik Jackson
1.3076923076923077,Jadeveon Clowney
0.9230769230769232,Myles Garrett
0.9615384615384616,Takkarist McKinley
1.8461538461538465,Malik Jackson
1.2692307692307692,Jadeveon Clowney
0.7307692307692307,Takkarist McKinley
1.2307692307692308,Joe Jackson
2.0,Malik Jackson
0.9615384615384616,Jadeveon Clowney
1.1538461538461535,Joe Jackson
1.2307692307692308,Jordan Elliott
1.55,Malik Jackson
1.35,Ronnie Harrison
0.0,Grant Delpit
1.8,Jordan Elliott
1.7083333333333333,Malik Jackson
0.4583333333333333,Jadeveon Clowney
1.6666666666666667,Myles Garrett
1.2916666666666667,Jordan Elliott
1.0,Aaron Donald
1.0,Leonard Floyd
1.8571428571428572,A'Shawn Robinson
1.1428571428571428,Sebastian Joseph
0.0,Justin Hollins
2.0,Aaron Donald
0.8666666666666667,Leonard Floyd
1.0,A'Shawn Robinson
1.0,Justin Hollins
1.0,DeForest Buckner
1.0,Grover Stewart
1.0,Al-Quadin Muhammad
1.0,Kwity Paye
0.8076923076923077,DeForest Buckner
0.6923076923076923,Grover Stewart
1.6538461538461535,Al-Quadin Muhammad
0.2307692307692307,Kenny Moore
1.2307692307692308,Kwity Paye
1.48,DeForest Buckner
0.8,Kemoko Turay
1.0,Tyquan Lewis
1.0,Taylor Stallworth
0.8846153846153846,A'Shawn Robinson
0.7692307692307693,Taylor Rapp
1.0,Greg Gaines
0.9615384615384616,Terrell Lewis
1.2692307692307692,Jonah Williams
0.9375,Justin Lawler
1.5,Greg Gaines
0.375,Terrell Lewis
1.3125,Jonah Williams
1.2307692307692308,Aaron Donald
0.9615384615384616,Leonard Floyd
2.0,Sebastian Joseph
0.3846153846153846,Justin Hollins
1.2666666666666666,Aaron Donald
1.0,A'Shawn Robinson
2.0,Greg Gaines
0.7333333333333333,Justin Hollins
1.25,Grover Stewart
1.0,Kemoko Turay
1.0,Tyquan Lewis
1.2083333333333333,Taylor Stallworth
1.5333333333333334,Aaron Donald
0.8666666666666667,Leonard Floyd
0.6666666666666666,A'Shawn Robinson
1.3333333333333333,Sebastian Joseph
0.4666666666666667,Justin Hollins
1.8846153846153848,DeForest Buckner
1.2692307692307692,Grover Stewart
1.6923076923076923,Al-Quadin Muhammad
1.1153846153846154,Tyquan Lewis
1.6470588235294117,DeForest Buckner
1.3529411764705883,Tyquan Lewis
1.0,Ben Banogu
0.7058823529411765,Kwity Paye
1.1153846153846154,Grover Stewart
1.5,Al-Quadin Muhammad
1.0,Taylor Stallworth
0.8846153846153846,Kwity Paye
1.5238095238095235,DeForest Buckner
0.9047619047619048,Shaquille Leonard
0.5238095238095238,Tyquan Lewis
0.6190476190476191,Ben Banogu
0.7142857142857143,Bobby Okereke
1.0952380952380951,Kwity Paye
1.2,DeForest Buckner
0.85,Grover Stewart
1.3,Kemoko Turay
0.65,Tyquan Lewis
0.7,Bobby Okereke
0.35,Khari Willis
1.1153846153846154,DeForest Buckner
0.6538461538461539,Tyquan Lewis
1.3846153846153846,Ben Banogu
0.8076923076923077,Kwity Paye
1.5714285714285714,DeForest Buckner
1.0952380952380951,Grover Stewart
0.7142857142857143,Al-Quadin Muhammad
1.4285714285714286,Tyquan Lewis
1.75,Aaron Donald
0.0,Jalen Ramsey
2.0,Sebastian Joseph
0.25,Troy Reeder
0.8,Jonah Williams
1.0384615384615383,Aaron Donald
0.9230769230769232,Leonard Floyd
1.3461538461538465,Sebastian Joseph
1.6538461538461535,Jonah Williams
0.9615384615384616,Aaron Donald
1.7692307692307692,Leonard Floyd
1.3076923076923077,Sebastian Joseph
0.9230769230769232,Justin Hollins
1.5384615384615383,Aaron Donald
0.8076923076923077,Leonard Floyd
0.1923076923076923,Taylor Rapp
1.8846153846153848,Greg Gaines
0.7692307692307693,Justin Hollins
0.9,Aaron Donald
1.55,Leonard Floyd
0.95,Kenny Young
1.15,Sebastian Joseph
0.3,Taylor Rapp
0.25,Nick Scott
0.6,Aaron Donald
0.7333333333333333,Leonard Floyd
1.9333333333333331,Sebastian Joseph
0.8666666666666667,Justin Hollins
2.0384615384615383,Aaron Donald
0.7692307692307693,Leonard Floyd
1.0769230769230769,Sebastian Joseph
1.1923076923076923,Justin Hollins
2.4210526315789473,Aaron Donald
0.5263157894736842,Leonard Floyd
1.105263157894737,Greg Gaines
0.8947368421052632,Justin Hollins
1.2,DeForest Buckner
0.35,Grover Stewart
0.8,Al-Quadin Muhammad
1.0,Kwity Paye
2.0625,Aaron Donald
1.0,Leonard Floyd
0.0,Kenny Young
1.0,Sebastian Joseph
0.875,Justin Hollins
1.1923076923076923,Aaron Donald
0.7307692307692307,Leonard Floyd
1.3076923076923077,Kenny Young
0.6923076923076923,Sebastian Joseph
1.1538461538461535,Justin Hollins
1.5,DeForest Buckner
0.5555555555555556,Grover Stewart
1.5555555555555556,Al-Quadin Muhammad
0.0,Kenny Moore
0.3888888888888889,Shaquille Leonard
1.3333333333333333,DeForest Buckner
1.0,Kemoko Turay
0.5,Tyquan Lewis
0.8888888888888888,Bobby Okereke
0.3888888888888889,Kwity Paye
1.52,Aaron Donald
0.84,Leonard Floyd
1.64,Sebastian Joseph
1.0,Michael Hoecht
1.5384615384615383,Aaron Donald
2.0,Greg Gaines
1.1153846153846154,Justin Hollins
1.0,Jonah Williams
2.0,Aaron Donald
2.0,Greg Gaines
0.0,Terrell Lewis
1.0,Jonah Williams
2.1923076923076925,Aaron Donald
1.3461538461538465,A'Shawn Robinson
1.2692307692307692,Sebastian Joseph
1.1153846153846154,Aaron Donald
0.5,Leonard Floyd
1.0,A'Shawn Robinson
1.8461538461538465,Sebastian Joseph
2.2941176470588234,Aaron Donald
0.7058823529411765,Leonard Floyd
1.0,Sebastian Joseph
0.7058823529411765,Terrell Lewis
1.0,DeForest Buckner
1.0,Grover Stewart
1.173913043478261,Al-Quadin Muhammad
1.0,Tyquan Lewis
1.0769230769230769,DeForest Buckner
1.0769230769230769,Al-Quadin Muhammad
1.0,Tyquan Lewis
1.3076923076923077,DeForest Buckner
0.8076923076923077,Tyquan Lewis
1.3461538461538465,Ben Banogu
0.8076923076923077,Kwity Paye
0.8,Leonard Floyd
1.05,Greg Gaines
0.9,Terrell Lewis
1.5,Jonah Williams
0.8846153846153846,Leonard Floyd
1.3846153846153846,A'Shawn Robinson
2.0384615384615383,Greg Gaines
1.0384615384615383,Jonah Williams
0.9615384615384616,Aaron Donald
1.6538461538461535,Sebastian Joseph
0.7307692307692307,Justin Hollins
1.3846153846153846,Ernest Jones
1.0,Aaron Donald
0.9166666666666666,Leonard Floyd
1.875,Sebastian Joseph
0.9583333333333334,Justin Hollins
0.1666666666666666,Troy Reeder
1.6923076923076923,DeForest Buckner
0.5384615384615384,Kemoko Turay
1.1538461538461535,Tyquan Lewis
0.8846153846153846,Kwity Paye
1.0769230769230769,DeForest Buckner
1.7692307692307692,Grover Stewart
1.0,Al-Quadin Muhammad
1.0,Kwity Paye
1.3636363636363635,DeForest Buckner
1.5454545454545454,Grover Stewart
0.8181818181818182,Al-Quadin Muhammad
0.6818181818181818,Tyquan Lewis
1.3076923076923077,Aaron Donald
0.6538461538461539,Sebastian Joseph
1.9230769230769231,Greg Gaines
1.0,Michael Hoecht
0.9230769230769232,Aaron Donald
1.9230769230769231,Greg Gaines
0.9230769230769232,Terrell Lewis
1.1538461538461535,Jonah Williams
1.3571428571428572,DeForest Buckner
2.0,Grover Stewart
1.0,Tyquan Lewis
0.6428571428571429,Kwity Paye
2.0833333333333335,Grover Stewart
1.0,Tyquan Lewis
1.2083333333333333,Kwity Paye
2.1538461538461537,DeForest Buckner
2.076923076923077,Grover Stewart
1.6153846153846154,Tyquan Lewis
0.9230769230769232,Kwity Paye
1.2857142857142858,Aaron Donald
1.3333333333333333,Leonard Floyd
1.380952380952381,Greg Gaines
0.7142857142857143,Justin Hollins
1.2307692307692308,Aaron Donald
0.8846153846153846,Leonard Floyd
2.0,Greg Gaines
0.6538461538461539,Justin Hollins
1.8461538461538465,Aaron Donald
1.3461538461538465,Leonard Floyd
1.5769230769230769,Sebastian Joseph
0.1153846153846153,Justin Hollins
1.9166666666666667,Aaron Donald
1.125,Leonard Floyd
1.0,Sebastian Joseph
0.625,Justin Hollins
1.2083333333333333,Von Miller
1.7916666666666667,Shelby Harris
0.5,Bryce Callahan
1.1666666666666667,Dre'Mont Jones
1.0,Von Miller
1.6666666666666667,Mike Purcell
2.0555555555555554,Shamar Stephen
0.1666666666666666,Justin Simmons
0.8888888888888888,Bradley Chubb
1.2307692307692308,Mike Purcell
0.4615384615384615,Bryce Callahan
1.0384615384615383,Dre'Mont Jones
1.2692307692307692,Malik Reed
0.8461538461538461,Jonathon Cooper
0.6086956521739131,Von Miller
2.0,Shelby Harris
0.6956521739130435,Bradley Chubb
1.391304347826087,Dre'Mont Jones
0.8095238095238095,Von Miller
2.047619047619047,Shelby Harris
1.238095238095238,Dre'Mont Jones
0.6190476190476191,Malik Reed
1.1153846153846154,Malcom Brown
1.3461538461538465,Adam Gotsis
1.0384615384615383,Dawuane Smoot
0.8846153846153846,Josh Allen
1.55,Malcom Brown
1.05,Jihad Ward
1.0,Adam Gotsis
1.05,Davon Hamilton
0.4615384615384615,Jihad Ward
1.2692307692307692,Roy Robertson-Harris
1.3076923076923077,Taven Bryan
2.076923076923077,Davon Hamilton
1.8076923076923077,Malcom Brown
1.4230769230769231,Roy Robertson-Harris
1.1538461538461535,Dawuane Smoot
0.5769230769230769,Josh Allen
2.2941176470588234,Malcom Brown
1.4705882352941178,Roy Robertson-Harris
0.9411764705882352,Dawuane Smoot
0.6470588235294118,Josh Allen
1.5217391304347827,Roy Robertson-Harris
1.173913043478261,Dawuane Smoot
1.391304347826087,Josh Allen
0.9230769230769232,Von Miller
2.0,Mike Purcell
1.0769230769230769,Shamar Stephen
1.5769230769230769,Dre'Mont Jones
2.5,Shamar Stephen
0.65,Bradley Chubb
1.25,Dre'Mont Jones
0.6538461538461539,Von Miller
1.3461538461538465,Shelby Harris
0.5769230769230769,Bradley Chubb
1.6923076923076923,Dre'Mont Jones
1.1153846153846154,Adam Gotsis
0.6538461538461539,Dawuane Smoot
1.1153846153846154,Josh Allen
1.6923076923076923,Davon Hamilton
1.5,Jihad Ward
1.1538461538461535,Adam Gotsis
1.0,Dawuane Smoot
1.0,Josh Allen
1.08,Mike Purcell
1.68,Shamar Stephen
0.76,Malik Reed
0.72,Jonathon Cooper
0.88,Von Miller
1.56,DeShawn Williams
0.56,Bradley Chubb
1.12,Dre'Mont Jones
1.0769230769230769,Malcom Brown
1.2307692307692308,Roy Robertson-Harris
1.2307692307692308,Taven Bryan
1.0,Josh Allen
1.7,Jihad Ward
1.4,Roy Robertson-Harris
1.1,Dawuane Smoot
0.15,Josh Allen
0.7894736842105263,Von Miller
1.4736842105263157,Shelby Harris
0.0,A.J. Johnson
1.9473684210526316,Dre'Mont Jones
1.0,Malik Reed
1.5384615384615383,Malcom Brown
0.8461538461538461,Dawuane Smoot
1.0769230769230769,Taven Bryan
0.8076923076923077,K'Lavon Chaisson
1.4230769230769231,Jihad Ward
1.5769230769230769,Roy Robertson-Harris
0.6923076923076923,Dawuane Smoot
0.8076923076923077,Rayshawn Jenkins
1.3461538461538465,Rudy Ford
0.6923076923076923,Myles Jack
0.7692307692307693,Jihad Ward
1.5,Adam Gotsis
1.3846153846153846,Davon Hamilton
1.8823529411764703,Malcom Brown
1.7647058823529411,Roy Robertson-Harris
0.9411764705882352,Dawuane Smoot
0.5882352941176471,K'Lavon Chaisson
0.75,Malcom Brown
1.6666666666666667,Roy Robertson-Harris
0.9166666666666666,Josh Allen
0.0,K'Lavon Chaisson
1.3333333333333333,Davon Hamilton
1.4090909090909092,Von Miller
1.181818181818182,Shelby Harris
0.6818181818181818,Bradley Chubb
1.4090909090909092,Dre'Mont Jones
0.625,Von Miller
1.4375,Shelby Harris
0.375,A.J. Johnson
2.3125,Dre'Mont Jones
1.9615384615384617,Shamar Stephen
1.0384615384615383,DeShawn Williams
0.3076923076923077,Malik Reed
1.0,Jonathon Cooper
0.4615384615384615,Von Miller
1.0384615384615383,Shelby Harris
0.9615384615384616,Bradley Chubb
2.1923076923076925,Dre'Mont Jones
0.7647058823529411,Von Miller
1.7647058823529411,DeShawn Williams
0.4117647058823529,Dre'Mont Jones
0.7058823529411765,Malik Reed
0.3846153846153846,Von Miller
1.8846153846153848,DeShawn Williams
0.8461538461538461,Dre'Mont Jones
0.4230769230769231,Malik Reed
0.9090909090909092,Von Miller
1.0,Shelby Harris
1.681818181818182,Dre'Mont Jones
1.0,Jonathon Cooper
0.7619047619047619,Von Miller
1.4761904761904765,Shelby Harris
1.4285714285714286,Dre'Mont Jones
0.8095238095238095,Malik Reed
0.4615384615384615,Von Miller
1.2307692307692308,Shelby Harris
1.5384615384615383,Dre'Mont Jones
1.1923076923076923,Malik Reed
1.0384615384615383,Jihad Ward
1.3461538461538465,Roy Robertson-Harris
1.1153846153846154,Dawuane Smoot
0.9615384615384616,Josh Allen
1.3846153846153846,Jihad Ward
1.2307692307692308,Roy Robertson-Harris
0.8846153846153846,Dawuane Smoot
1.5769230769230769,Josh Allen
1.3333333333333333,Jihad Ward
1.4166666666666667,Roy Robertson-Harris
0.9583333333333334,Dawuane Smoot
0.9166666666666666,Josh Allen
0.4230769230769231,Myles Jack
0.6538461538461539,Jihad Ward
1.3461538461538465,Roy Robertson-Harris
0.8461538461538461,Dawuane Smoot
1.8846153846153848,Josh Allen
1.4615384615384617,Malcom Brown
0.6923076923076923,Roy Robertson-Harris
1.3076923076923077,Dawuane Smoot
1.4615384615384617,Josh Allen
1.0,Malcom Brown
0.8666666666666667,Adam Gotsis
1.0,Josh Allen
0.6,K'Lavon Chaisson
1.5333333333333334,Davon Hamilton
0.2692307692307692,Von Miller
1.0,Shelby Harris
1.0384615384615383,A.J. Johnson
2.076923076923077,Dre'Mont Jones
0.9615384615384616,Malik Reed
1.04,Malcom Brown
1.24,Roy Robertson-Harris
0.76,Dawuane Smoot
1.2,Josh Allen
0.4,Andrew Wingard
0.3846153846153846,Damien Wilson
1.4230769230769231,Adam Gotsis
1.5769230769230769,Taven Bryan
0.6153846153846154,K'Lavon Chaisson
1.4230769230769231,Davon Hamilton
1.6538461538461535,Jihad Ward
1.2692307692307692,Roy Robertson-Harris
1.0,Dawuane Smoot
0.8846153846153846,Josh Allen
1.6,Malcom Brown
1.0,Jihad Ward
2.4,Adam Gotsis
0.4,K'Lavon Chaisson
1.5769230769230769,Malcom Brown
0.5769230769230769,Jihad Ward
1.4230769230769231,Adam Gotsis
1.3076923076923077,K'Lavon Chaisson
1.0384615384615383,Myles Jack
1.8076923076923077,Roy Robertson-Harris
0.7307692307692307,Josh Allen
1.7692307692307692,Davon Hamilton
1.4,Jihad Ward
1.4,Roy Robertson-Harris
0.95,Dawuane Smoot
0.65,Josh Allen
2.0,Shelby Harris
0.7272727272727273,A.J. Johnson
1.818181818181818,Dre'Mont Jones
0.0,Malik Reed
0.7727272727272727,Von Miller
0.9090909090909092,Shelby Harris
1.1363636363636365,A.J. Johnson
1.0909090909090908,Dre'Mont Jones
1.0,Malik Reed
0.4615384615384615,Von Miller
0.6923076923076923,Shelby Harris
1.0384615384615383,A.J. Johnson
1.2692307692307692,Dre'Mont Jones
0.2692307692307692,Malik Reed
1.5,Von Miller
1.2083333333333333,Shamar Stephen
1.5416666666666667,DeShawn Williams
0.5,Malik Reed
0.8076923076923077,Von Miller
1.1923076923076923,Shamar Stephen
1.4615384615384617,DeShawn Williams
0.9615384615384616,Malik Reed
1.5384615384615383,Mike Purcell
1.4230769230769231,Shamar Stephen
1.1153846153846154,DeShawn Williams
0.0,Malik Reed
1.1153846153846154,Jonathon Cooper
2.730769230769231,Mike Purcell
1.8461538461538465,DeShawn Williams
0.4615384615384615,Jonathon Cooper
1.0,Andre Mintze
0.782608695652174,Von Miller
1.2173913043478262,Shelby Harris
1.2608695652173914,Dre'Mont Jones
0.6521739130434783,Malik Reed
0.7391304347826086,Justin Strnad
2.0833333333333335,Adam Gotsis
0.8333333333333334,Dawuane Smoot
1.4166666666666667,Taven Bryan
0.7916666666666666,Josh Allen
0.9166666666666666,Jihad Ward
1.75,Adam Gotsis
0.8333333333333334,Dawuane Smoot
1.0416666666666667,Josh Allen
1.0,Jerry Hughes
1.0384615384615383,Star Lotulelei
0.0,Taron Johnson
2.1538461538461537,Ed Oliver
1.7307692307692308,Gregory Rousseau
1.0,Jerry Hughes
0.1153846153846153,Micah Hyde
2.0,Vernon Butler
1.4615384615384617,Matt Milano
0.8846153846153846,Ed Oliver
0.8888888888888888,Emmanuel Ogbah
1.4444444444444444,Adam Butler
0.6666666666666666,Christian Wilkins
1.0,Jerry Hughes
1.5555555555555556,Vernon Butler
1.5555555555555556,Justin Zimmer
0.8888888888888888,A.J. Epenesa
0.6923076923076923,Emmanuel Ogbah
2.0,Adam Butler
0.3076923076923077,Christian Wilkins
0.9230769230769232,Andrew Van Ginkel
1.0,Emmanuel Ogbah
1.1923076923076923,Adam Butler
1.8461538461538465,Christian Wilkins
0.9615384615384616,Andrew Van Ginkel
2.8461538461538463,John Jenkins
1.0769230769230769,Brennan Scarlett
1.8076923076923077,Zach Sieler
1.2307692307692308,Christian Wilkins
0.0,Emmanuel Ogbah
2.0384615384615383,Adam Butler
2.1923076923076925,Zach Sieler
0.5769230769230769,Andrew Van Ginkel
1.1153846153846154,Jerry Hughes
1.3461538461538465,Vernon Butler
0.4615384615384615,Matt Milano
1.2692307692307692,Ed Oliver
1.25,Emmanuel Ogbah
1.5,Adam Butler
2.0,Christian Wilkins
0.25,Andrew Van Ginkel
1.0,Mario Addison
1.2307692307692308,Star Lotulelei
1.0769230769230769,Justin Zimmer
1.3076923076923077,Matt Milano
0.6153846153846154,Taron Johnson
0.4615384615384615,Gregory Rousseau
1.0,Mario Addison
0.8636363636363636,Vernon Butler
0.9545454545454546,Taron Johnson
1.318181818181818,Ed Oliver
1.5,A.J. Epenesa
1.3461538461538465,Emmanuel Ogbah
1.2307692307692308,Sam Eguavoen
1.0,Adam Butler
1.0,Jerome Baker
1.0,Jaelan Phillips
1.0,Emmanuel Ogbah
0.4347826086956521,Sam Eguavoen
2.1739130434782608,Adam Butler
1.2608695652173914,Jaelan Phillips
0.9090909090909092,Jerry Hughes
1.4545454545454546,Star Lotulelei
1.6363636363636365,Ed Oliver
1.0,A.J. Epenesa
0.8461538461538461,Jerry Hughes
1.1153846153846154,Mario Addison
1.6923076923076923,Ed Oliver
0.8846153846153846,A.J. Epenesa
1.0,Mario Addison
1.5384615384615383,Vernon Butler
1.0,Justin Zimmer
0.5384615384615384,Taron Johnson
1.4615384615384617,A.J. Epenesa
1.5909090909090908,Mario Addison
0.9545454545454546,Vernon Butler
1.4090909090909092,Justin Zimmer
1.0454545454545454,A.J. Epenesa
2.0,Star Lotulelei
2.0,Justin Zimmer
0.7619047619047619,Matt Milano
0.8571428571428571,Tremaine Edmunds
1.3846153846153846,Jerry Hughes
1.4230769230769231,Star Lotulelei
1.1153846153846154,Ed Oliver
0.6153846153846154,Gregory Rousseau
1.0,Jerry Hughes
1.4,Mario Addison
1.0,Vernon Butler
1.5333333333333334,Ed Oliver
1.2941176470588236,Star Lotulelei
1.9411764705882353,Justin Zimmer
1.0,A.J. Epenesa
0.7647058823529411,Gregory Rousseau
0.5,Emmanuel Ogbah
1.4444444444444444,Adam Butler
0.8888888888888888,Jerome Baker
1.5,Christian Wilkins
0.8888888888888888,Andrew Van Ginkel
1.0,Brennan Scarlett
1.48,Adam Butler
1.44,Christian Wilkins
0.56,Andrew Van Ginkel
1.4285714285714286,Brennan Scarlett
0.7142857142857143,Adam Butler
0.7619047619047619,Zach Sieler
0.2857142857142857,Andrew Van Ginkel
1.1538461538461535,Jerry Hughes
0.2692307692307692,Star Lotulelei
0.1923076923076923,Matt Milano
0.5384615384615384,Tremaine Edmunds
1.0769230769230769,Ed Oliver
1.7692307692307692,Gregory Rousseau
0.7692307692307693,Mario Addison
2.0,Justin Zimmer
1.2307692307692308,Ed Oliver
0.6923076923076923,Gregory Rousseau
0.9375,Jerry Hughes
1.5625,Star Lotulelei
1.625,Vernon Butler
0.75,A.J. Epenesa
1.0,Jerry Hughes
1.2307692307692308,Star Lotulelei
1.7692307692307692,Vernon Butler
1.0,A.J. Epenesa
1.9615384615384617,Mario Addison
1.7692307692307692,Justin Zimmer
0.3076923076923077,Matt Milano
1.3846153846153846,Ed Oliver
1.0,Mario Addison
1.391304347826087,Justin Zimmer
1.7391304347826086,Ed Oliver
0.8695652173913043,Gregory Rousseau
1.0,Mario Addison
1.5,Justin Zimmer
1.3076923076923077,Ed Oliver
1.5,Gregory Rousseau
0.5,Mario Addison
1.0,Justin Zimmer
0.7222222222222222,Matt Milano
0.7777777777777778,Tremaine Edmunds
1.5,Ed Oliver
1.2222222222222223,Gregory Rousseau
0.15,Jerry Hughes
1.1,Star Lotulelei
2.5,Vernon Butler
0.95,A.J. Epenesa
2.4615384615384617,Star Lotulelei
1.3846153846153846,Vernon Butler
0.7307692307692307,Matt Milano
1.0,A.J. Epenesa
1.0,Emmanuel Ogbah
1.4230769230769231,Adam Butler
1.1538461538461535,Christian Wilkins
0.8461538461538461,Jaelan Phillips
1.0,Emmanuel Ogbah
1.0769230769230769,Adam Butler
1.1153846153846154,Zach Sieler
1.3461538461538465,Andrew Van Ginkel
0.96,Emmanuel Ogbah
1.32,Adam Butler
1.04,Zach Sieler
1.0,Andrew Van Ginkel
0.5454545454545454,Emmanuel Ogbah
1.0,Adam Butler
1.4545454545454546,Zach Sieler
1.4545454545454546,Jaelan Phillips
1.0,Emmanuel Ogbah
1.56,Adam Butler
1.0,Christian Wilkins
1.0,Andrew Van Ginkel
1.0,Emmanuel Ogbah
1.826086956521739,Adam Butler
1.0,Christian Wilkins
0.9130434782608696,Andrew Van Ginkel
2.0,Emmanuel Ogbah
1.0,Adam Butler
1.0384615384615383,Christian Wilkins
0.9615384615384616,Andrew Van Ginkel
1.0,Emmanuel Ogbah
1.0,Sam Eguavoen
1.5238095238095235,Adam Butler
1.0,Jaelan Phillips
0.5454545454545454,Emmanuel Ogbah
2.409090909090909,Adam Butler
1.318181818181818,Christian Wilkins
1.0,Jerry Hughes
1.5714285714285714,Star Lotulelei
0.0,
1.8571428571428572,Ed Oliver
0.5714285714285714,Gregory Rousseau
0.8888888888888888,Jerry Hughes
1.6111111111111112,Mario Addison
0.4444444444444444,Matt Milano
1.3333333333333333,Ed Oliver
0.8888888888888888,Gregory Rousseau
0.5714285714285714,Mario Addison
1.0,A.J. Klein
1.2857142857142858,Vernon Butler
1.4285714285714286,Justin Zimmer
0.7142857142857143,A.J. Epenesa
1.08,Emmanuel Ogbah
1.0,Adam Butler
1.32,Jerome Baker
0.84,Christian Wilkins
0.88,Andrew Van Ginkel
0.36,Jevon Holland
1.1153846153846154,Emmanuel Ogbah
0.8076923076923077,Adam Butler
0.8076923076923077,Zach Sieler
1.1538461538461535,Andrew Van Ginkel
1.1153846153846154,Star Lotulelei
2.0,Vernon Butler
1.0,A.J. Epenesa
0.8461538461538461,Gregory Rousseau
2.0,Star Lotulelei
0.4117647058823529,Micah Hyde
0.9411764705882352,Vernon Butler
1.0,A.J. Epenesa
0.9411764705882352,Gregory Rousseau
2.076923076923077,Star Lotulelei
1.4230769230769231,Vernon Butler
0.9230769230769232,Matt Milano
0.9615384615384616,A.J. Epenesa
0.8571428571428571,Jerry Hughes
1.0,Mario Addison
1.3333333333333333,Justin Zimmer
1.761904761904762,Ed Oliver
1.0,Jerry Hughes
1.3461538461538465,Mario Addison
1.6153846153846154,Justin Zimmer
0.3461538461538461,Ed Oliver
0.4,Jerry Hughes
0.1333333333333333,Mario Addison
1.4,Justin Zimmer
2.2666666666666666,Ed Oliver
1.0,Emmanuel Ogbah
1.5384615384615383,Adam Butler
1.4615384615384617,Zach Sieler
1.0,Andrew Van Ginkel
0.0,Brandon Jones
2.1153846153846154,John Jenkins
1.0,Elandon Roberts
0.9615384615384616,Brennan Scarlett
0.9230769230769232,Zach Sieler
1.0,Christian Wilkins
1.1923076923076923,Star Lotulelei
0.3461538461538461,A.J. Klein
2.923076923076923,Justin Zimmer
0.9230769230769232,A.J. Epenesa
1.4615384615384617,Star Lotulelei
1.0,Justin Zimmer
1.0,A.J. Epenesa
1.5384615384615383,Gregory Rousseau
1.5,Star Lotulelei
1.4230769230769231,Justin Zimmer
0.9230769230769232,A.J. Epenesa
0.8461538461538461,Gregory Rousseau
1.5769230769230769,John Jenkins
0.5384615384615384,Eric Rowe
0.6153846153846154,Zach Sieler
1.5,Christian Wilkins
1.3846153846153846,Jaelan Phillips
1.6428571428571428,Emmanuel Ogbah
1.3571428571428572,Adam Butler
1.2857142857142858,Zach Sieler
0.7142857142857143,Jaelan Phillips
0.875,Emmanuel Ogbah
0.8333333333333334,Sam Eguavoen
1.0833333333333333,Adam Butler
1.9166666666666667,Andrew Van Ginkel
0.4347826086956521,Mario Addison
1.391304347826087,Justin Zimmer
1.565217391304348,Ed Oliver
1.2608695652173914,Gregory Rousseau
1.1923076923076923,Vernon Butler
1.7692307692307692,Justin Zimmer
0.9230769230769232,A.J. Epenesa
0.9615384615384616,Gregory Rousseau
2.0,Vernon Butler
1.181818181818182,Justin Zimmer
1.0,A.J. Epenesa
0.8181818181818182,Gregory Rousseau
1.2307692307692308,Vernon Butler
1.6153846153846154,Justin Zimmer
1.0,A.J. Epenesa
0.9230769230769232,Gregory Rousseau
0.68,John Franklin-Myers
2.2,Folorunso Fatukasi
1.08,Quinnen Williams
1.0,Bryce Huff
1.0384615384615383,John Franklin-Myers
2.576923076923077,Folorunso Fatukasi
1.1538461538461535,Quinnen Williams
1.1923076923076923,Bryce Huff
1.24,Sheldon Rankins
0.76,John Franklin-Myers
1.64,Quinnen Williams
1.0,Bryce Huff
2.0384615384615383,Sheldon Rankins
1.2692307692307692,Shaq Lawson
1.0,Nathan Shepherd
0.8076923076923077,Tim Ward
1.8421052631578947,Sheldon Rankins
1.0,Shaq Lawson
1.0,Nathan Shepherd
0.8421052631578947,Tim Ward
0.0526315789473684,Michael Carter
1.7307692307692308,Sheldon Rankins
0.7307692307692307,Marcus Maye
0.8076923076923077,John Franklin-Myers
0.5,Quinnen Williams
1.1153846153846154,Bryce Huff
1.96,Lawrence Guy
0.76,Matt Judon
1.08,Deatrich Wise
0.56,Davon Godchaux
0.0,Ja'Whaun Bentley
1.3333333333333333,Dont'a Hightower
1.4583333333333333,Carl Davis
1.75,Deatrich Wise
1.0833333333333333,Christian Barmore
1.1923076923076923,Sheldon Rankins
2.1538461538461537,Shaq Lawson
0.9615384615384616,John Franklin-Myers
1.0,Folorunso Fatukasi
1.4615384615384617,Sheldon Rankins
0.6538461538461539,Shaq Lawson
1.0,John Franklin-Myers
1.3461538461538465,Quinnen Williams
1.608695652173913,Deatrich Wise
1.2173913043478262,Ja'Whaun Bentley
0.8695652173913043,Chase Winovich
1.0,Christian Barmore
1.2857142857142858,Nathan Shepherd
1.0,Quinnen Williams
0.7857142857142857,Tim Ward
1.0,Bryce Huff
1.0,C.J. Mosley
0.6875,Sheldon Rankins
0.9375,Adrian Colbert
0.5,John Franklin-Myers
2.0,Quinnen Williams
0.0,Quincy Williams
1.4444444444444444,Deatrich Wise
1.1111111111111112,Ja'Whaun Bentley
2.3333333333333335,Christian Barmore
0.1764705882352941,Dont'a Hightower
1.0,Matt Judon
2.0,Deatrich Wise
1.8235294117647056,Christian Barmore
1.0,C.J. Mosley
1.0,Sheldon Rankins
1.2777777777777777,John Franklin-Myers
1.0,Quinnen Williams
0.7222222222222222,Bryce Huff
1.5625,Sheldon Rankins
1.5625,Nathan Shepherd
0.4375,John Franklin-Myers
1.4375,Bryce Huff
1.3461538461538465,Sheldon Rankins
1.4615384615384617,Nathan Shepherd
0.7307692307692307,John Franklin-Myers
1.1923076923076923,Bryce Huff
1.8461538461538465,Shaq Lawson
2.1923076923076925,Folorunso Fatukasi
1.0384615384615383,Quinnen Williams
0.8076923076923077,Bryce Huff
0.5714285714285714,Shaq Lawson
1.7142857142857142,Folorunso Fatukasi
0.9285714285714286,Quinnen Williams
1.0,Bryce Huff
1.6538461538461535,Sheldon Rankins
1.3076923076923077,John Franklin-Myers
0.9230769230769232,Quinnen Williams
1.1923076923076923,Bryce Huff
1.3461538461538465,Lawrence Guy
1.7307692307692308,Matt Judon
1.4615384615384617,Deatrich Wise
0.5,Davon Godchaux
0.0,Lawrence Guy
1.3846153846153846,Dont'a Hightower
1.4615384615384617,Deatrich Wise
1.5769230769230769,Davon Godchaux
0.8846153846153846,Dont'a Hightower
0.8461538461538461,Henry Anderson
0.5769230769230769,Chase Winovich
1.0,Josh Uche
1.3076923076923077,Christian Barmore
2.3076923076923075,Henry Anderson
1.0,Chase Winovich
1.8846153846153848,Christian Barmore
1.1923076923076923,John Franklin-Myers
1.1923076923076923,Folorunso Fatukasi
1.9230769230769231,Quinnen Williams
1.0769230769230769,Bryce Huff
0.5769230769230769,Devin McCourty
1.3461538461538465,Matt Judon
0.5769230769230769,J.C. Jackson
1.0769230769230769,Chase Winovich
1.1923076923076923,Christian Barmore
1.9375,Lawrence Guy
1.25,Carl Davis
0.8125,Deatrich Wise
1.0,Tashawn Bower
1.1538461538461535,Carl Davis
0.3846153846153846,Matt Judon
0.9230769230769232,Josh Uche
1.3461538461538465,Christian Barmore
2.0,Sheldon Rankins
0.6842105263157895,Shaq Lawson
1.0526315789473684,Nathan Shepherd
0.4736842105263157,Tim Ward
1.6842105263157894,Sheldon Rankins
0.8421052631578947,Shaq Lawson
2.1578947368421053,Nathan Shepherd
0.2631578947368421,Tim Ward
0.631578947368421,John Franklin-Myers
1.894736842105263,Folorunso Fatukasi
1.3157894736842106,Quinnen Williams
1.0,Bryce Huff
2.0625,C.J. Mosley
0.625,Sheldon Rankins
1.4375,Quinnen Williams
0.3125,Quincy Williams
1.0,Lawrence Guy
0.5384615384615384,Matt Judon
1.0384615384615383,Deatrich Wise
2.0,Davon Godchaux
2.0,Tashawn Bower
2.0,Deatrich Wise
1.0,Ja'Whaun Bentley
1.0,Christian Barmore
1.0,Matt Judon
2.0,Deatrich Wise
0.7692307692307693,Josh Uche
1.8461538461538465,Christian Barmore
0.7307692307692307,Matt Judon
2.269230769230769,Chase Winovich
0.7692307692307693,Kyle Dugger
1.0769230769230769,Josh Uche
1.1538461538461535,Christian Barmore
1.5555555555555556,Deatrich Wise
1.3333333333333333,Ja'Whaun Bentley
1.6666666666666667,Christian Barmore
1.1923076923076923,C.J. Mosley
1.6153846153846154,Sheldon Rankins
0.5769230769230769,Shaq Lawson
0.7692307692307693,John Franklin-Myers
1.6153846153846154,Quinnen Williams
1.3076923076923077,Carl Davis
2.1153846153846154,Henry Anderson
0.9615384615384616,Matt Judon
1.3461538461538465,Josh Uche
0.8636363636363636,Matt Judon
0.6818181818181818,Chase Winovich
1.181818181818182,Josh Uche
1.9545454545454544,Christian Barmore
1.3333333333333333,Lawrence Guy
1.0,Dont'a Hightower
1.7222222222222223,Henry Anderson
1.7222222222222223,Davon Godchaux
0.2222222222222222,Joejuan Williams
1.0,Matt Judon
1.2307692307692308,Ja'Whaun Bentley
0.8846153846153846,Chase Winovich
0.3846153846153846,Josh Uche
1.5,Christian Barmore
2.0,Sheldon Rankins
1.3125,Nathan Shepherd
0.25,John Franklin-Myers
1.5,Tim Ward
1.5714285714285714,C.J. Mosley
0.8571428571428571,Sheldon Rankins
0.8095238095238095,John Franklin-Myers
1.1904761904761905,Quinnen Williams
0.0,Javelin Guidry
1.3333333333333333,Bryce Huff
1.44,Matt Judon
1.24,Deatrich Wise
0.76,Josh Uche
1.08,Christian Barmore
1.2307692307692308,Matt Judon
1.3461538461538465,Deatrich Wise
0.2692307692307692,Josh Uche
1.0769230769230769,Christian Barmore
1.4,Dont'a Hightower
1.9,Deatrich Wise
0.15,Ja'Whaun Bentley
1.5,Christian Barmore
0.92,Dont'a Hightower
1.6,Deatrich Wise
2.0,Christian Barmore
0.9375,Dont'a Hightower
1.0,Chase Winovich
0.6875,Josh Uche
2.0625,Christian Barmore
1.5384615384615383,Dont'a Hightower
1.5,Chase Winovich
0.7307692307692307,Josh Uche
1.2307692307692308,Christian Barmore
0.9230769230769232,Dont'a Hightower
1.0,Chase Winovich
1.0,Josh Uche
1.8846153846153848,Christian Barmore
0.3461538461538461,Dont'a Hightower
1.3076923076923077,Chase Winovich
1.3076923076923077,Josh Uche
1.1538461538461535,Christian Barmore
0.8846153846153846,Dont'a Hightower
1.2692307692307692,Henry Anderson
0.9230769230769232,Chase Winovich
1.4615384615384617,Josh Uche
2.04,Henry Anderson
1.32,Deatrich Wise
1.16,Chase Winovich
0.32,Josh Uche
1.0,Henry Anderson
2.9545454545454546,Deatrich Wise
0.8636363636363636,Chase Winovich
0.0,Josh Uche
1.0,Brandon Graham
2.0,Fletcher Cox
1.1578947368421053,Javon Hargrave
0.8421052631578947,Derek Barnett
0.9565217391304348,Brandon Graham
1.4782608695652173,Fletcher Cox
1.0,Javon Hargrave
0.9565217391304348,Derek Barnett
0.95,Samson Ebukam
2.05,D.J. Jones
0.8,Arden Key
1.1,Javon Kinlaw
0.6875,Samson Ebukam
2.0,D.J. Jones
0.8125,Arden Key
1.3125,Javon Kinlaw
0.8,Dee Ford
1.08,Arik Armstead
1.12,Fred Warner
0.8,Nick Bosa
1.12,Kevin Givens
1.5,Ryan Kerrigan
1.5,Hassan Ridgeway
0.8125,Josh Sweat
1.0,Milton Williams
2.0,Ryan Kerrigan
1.0,Hassan Ridgeway
1.0,Josh Sweat
2.0,Milton Williams
0.9615384615384616,Ryan Kerrigan
2.3846153846153846,Fletcher Cox
1.0384615384615383,Javon Hargrave
1.2307692307692308,Josh Sweat
0.7647058823529411,Arik Armstead
2.0,D.J. Jones
1.0,Nick Bosa
1.0588235294117647,Javon Kinlaw
0.8695652173913043,Dee Ford
1.173913043478261,Arik Armstead
0.5652173913043478,Fred Warner
0.8695652173913043,Nick Bosa
1.391304347826087,Javon Kinlaw
0.7307692307692307,Dee Ford
1.0769230769230769,Arik Armstead
1.7307692307692308,Kentavius Street
1.0,Nick Bosa
0.0,Dee Ford
1.6538461538461535,Arik Armstead
0.8461538461538461,Nick Bosa
0.3076923076923077,Azeez Al-Shaair
1.6923076923076923,Javon Kinlaw
0.7727272727272727,Samson Ebukam
1.318181818181818,D.J. Jones
1.2272727272727273,Arden Key
0.6818181818181818,Azeez Al-Shaair
1.0,Javon Kinlaw
1.1904761904761905,Brandon Graham
1.0952380952380951,Fletcher Cox
1.2857142857142858,Javon Hargrave
0.9047619047619048,Derek Barnett
1.0476190476190477,Brandon Graham
1.1904761904761905,Fletcher Cox
2.0,Javon Hargrave
0.8095238095238095,Derek Barnett
1.4375,Ryan Kerrigan
1.5625,Hassan Ridgeway
0.875,Josh Sweat
1.0,Milton Williams
1.0,Brandon Graham
2.0,Fletcher Cox
1.0,Javon Hargrave
0.9230769230769232,Derek Barnett
1.24,Brandon Graham
2.08,Fletcher Cox
1.0,Javon Hargrave
0.44,Derek Barnett
1.0,Arik Armstead
1.0952380952380951,Kentavius Street
0.7619047619047619,Nick Bosa
1.0,Azeez Al-Shaair
1.1428571428571428,Javon Kinlaw
0.9285714285714286,Ryan Kerrigan
2.0714285714285716,Hassan Ridgeway
1.0,Josh Sweat
1.0,Milton Williams
1.1904761904761905,Ryan Kerrigan
1.5238095238095235,Fletcher Cox
1.0,Javon Hargrave
0.9047619047619048,Derek Barnett
1.5294117647058822,Fletcher Cox
1.0588235294117647,Hassan Ridgeway
1.411764705882353,Josh Sweat
0.9411764705882352,Tarron Jackson
2.136363636363636,Fletcher Cox
1.0,Hassan Ridgeway
0.8636363636363636,Josh Sweat
1.0,Tarron Jackson
2.0,Arik Armstead
1.0,D.J. Jones
1.0,Nick Bosa
0.8461538461538461,Azeez Al-Shaair
1.0384615384615383,Javon Kinlaw
2.1923076923076925,Dee Ford
0.0,K'Waun Williams
1.0,Arik Armstead
1.1538461538461535,Samson Ebukam
0.6153846153846154,Nick Bosa
0.0,Azeez Al-Shaair
1.0,Ryan Kerrigan
1.0,Fletcher Cox
2.0,Javon Hargrave
0.9285714285714286,Derek Barnett
1.0769230769230769,Ryan Kerrigan
1.6153846153846154,Fletcher Cox
2.1923076923076925,Javon Hargrave
1.1923076923076923,Derek Barnett
0.8888888888888888,Ryan Kerrigan
1.1111111111111112,Fletcher Cox
0.9444444444444444,Alex Singleton
1.6111111111111112,Javon Hargrave
0.8888888888888888,Derek Barnett
0.3888888888888889,Eric Wilson
0.5769230769230769,Arik Armstead
1.4230769230769231,Kentavius Street
1.0,Nick Bosa
2.0,Javon Kinlaw
0.9047619047619048,Dee Ford
1.9047619047619049,Arik Armstead
0.4285714285714285,Nick Bosa
1.4761904761904765,Javon Kinlaw
0.8181818181818182,Jimmie Ward
1.0,Arik Armstead
0.7727272727272727,Samson Ebukam
1.0,D.J. Jones
1.4090909090909092,Kentavius Street
0.5238095238095238,Dee Ford
1.238095238095238,Arden Key
0.9047619047619048,Nick Bosa
0.6190476190476191,Azeez Al-Shaair
1.0952380952380951,Javon Kinlaw
1.0,Hassan Ridgeway
1.0,Josh Sweat
2.0,Milton Williams
2.0,Tarron Jackson
2.0,Hassan Ridgeway
0.8461538461538461,Josh Sweat
1.1538461538461535,Milton Williams
1.0,Tarron Jackson
1.0,Ryan Kerrigan
1.6666666666666667,Fletcher Cox
1.3888888888888888,Javon Hargrave
0.9444444444444444,Derek Barnett
1.0,Ryan Kerrigan
1.7307692307692308,Fletcher Cox
1.2692307692307692,Javon Hargrave
0.9230769230769232,Derek Barnett
0.5,Genard Avery
0.9615384615384616,Samson Ebukam
0.9615384615384616,Arden Key
2.0,Kentavius Street
1.0,Javon Kinlaw
2.0,Samson Ebukam
1.4230769230769231,D.J. Jones
0.9230769230769232,Arden Key
2.0,Javon Kinlaw
1.0769230769230769,D.J. Jones
0.9230769230769232,Arden Key
1.0,Nick Bosa
2.0,Javon Kinlaw
0.8846153846153846,Dee Ford
1.5384615384615383,Arik Armstead
0.9615384615384616,Kentavius Street
0.9615384615384616,Nick Bosa
0.7307692307692307,Dee Ford
1.0,Arik Armstead
1.2307692307692308,Nick Bosa
1.5,Javon Kinlaw
1.0,Dee Ford
1.608695652173913,Arik Armstead
0.8260869565217391,Nick Bosa
1.3478260869565215,Javon Kinlaw
1.0,Dee Ford
0.1363636363636363,K'Waun Williams
1.681818181818182,Arik Armstead
0.5909090909090909,Nick Bosa
0.5454545454545454,Azeez Al-Shaair
1.2272727272727273,Javon Kinlaw
0.6666666666666666,Dee Ford
1.375,Arden Key
1.0833333333333333,Nick Bosa
1.4583333333333333,Javon Kinlaw
1.0,Fletcher Cox
2.0,Javon Hargrave
0.5652173913043478,Derek Barnett
1.0434782608695652,Milton Williams
1.0,Johnathan Hankins
1.0,Yannick Ngakoue
1.818181818181818,Quinton Jefferson
1.0909090909090908,Maxx Crosby
1.2,Johnathan Hankins
0.9333333333333332,Yannick Ngakoue
2.2666666666666666,Quinton Jefferson
0.5333333333333333,Maxx Crosby
1.5,Tyson Alualu
1.8461538461538465,Cameron Heyward
1.5,Chris Wormley
0.0,Alex Highsmith
1.0526315789473684,Tyson Alualu
1.5789473684210529,Cameron Heyward
1.0,Chris Wormley
0.7894736842105263,Alex Highsmith
1.6470588235294117,Cameron Heyward
2.235294117647059,Chris Wormley
0.3529411764705882,Minkah Fitzpatrick
0.1764705882352941,Alex Highsmith
1.375,Johnathan Hankins
1.5416666666666667,Carl Nassib
1.8333333333333333,Solomon Thomas
1.0,Maxx Crosby
1.1538461538461535,Johnathan Hankins
1.2692307692307692,Yannick Ngakoue
1.1923076923076923,Quinton Jefferson
0.8076923076923077,Maxx Crosby
1.5,Darius Philon
1.6153846153846154,Yannick Ngakoue
1.9230769230769231,Quinton Jefferson
0.6538461538461539,Maxx Crosby
2.0,Cameron Heyward
0.5789473684210527,Melvin Ingram
0.7894736842105263,T.J. Watt
1.0,Chris Wormley
1.0769230769230769,Cameron Heyward
0.8076923076923077,Melvin Ingram
0.6153846153846154,T.J. Watt
2.076923076923077,Chris Wormley
0.8888888888888888,Cameron Heyward
1.1111111111111112,Melvin Ingram
0.8333333333333334,T.J. Watt
2.0,Isaiah Buggs
1.7857142857142858,Johnathan Hankins
1.2142857142857142,Carl Nassib
1.5,Quinton Jefferson
0.5,Clelin Ferrell
1.6923076923076923,Johnathan Hankins
0.0,Carl Nassib
2.0,Quinton Jefferson
1.2307692307692308,Clelin Ferrell
1.1153846153846154,Johnathan Hankins
1.2307692307692308,Solomon Thomas
1.8076923076923077,Clelin Ferrell
0.5769230769230769,Maxx Crosby
1.7647058823529411,Johnathan Hankins
1.3529411764705883,Solomon Thomas
0.9411764705882352,Clelin Ferrell
0.6470588235294118,Maxx Crosby
1.95,Darius Philon
1.0,Yannick Ngakoue
1.8,Quinton Jefferson
0.55,Maxx Crosby
1.0,Darius Philon
1.0,Yannick Ngakoue
2.0,Quinton Jefferson
1.0,Maxx Crosby
0.7894736842105263,Melvin Ingram
1.7894736842105263,Chris Wormley
0.9473684210526316,Alex Highsmith
1.2105263157894737,Isaiahh Loudermilk
1.8125,Cameron Heyward
0.8125,T.J. Watt
1.375,Chris Wormley
0.8125,Alex Highsmith
1.0,Johnathan Hankins
0.6923076923076923,Carl Nassib
2.076923076923077,Solomon Thomas
1.0,Maxx Crosby
0.8461538461538461,Darius Philon
1.4230769230769231,Yannick Ngakoue
1.3846153846153846,Quinton Jefferson
0.8461538461538461,Maxx Crosby
1.5294117647058822,Cameron Heyward
0.4705882352941176,Melvin Ingram
0.7647058823529411,T.J. Watt
1.411764705882353,Chris Wormley
1.5384615384615383,Cameron Heyward
0.9230769230769232,Joe Schobert
1.0,T.J. Watt
1.4230769230769231,Chris Wormley
0.7727272727272727,Melvin Ingram
1.6363636363636365,Chris Wormley
0.4545454545454545,Minkah Fitzpatrick
0.3636363636363636,Robert Spillane
1.0454545454545454,Isaiah Buggs
0.7272727272727273,Alex Highsmith
1.28,Cameron Heyward
1.0,Melvin Ingram
2.0,Chris Wormley
2.0,Isaiah Buggs
0.0,Alex Highsmith
1.3076923076923077,Cameron Heyward
1.0,Melvin Ingram
0.5769230769230769,Joe Schobert
2.0,Isaiah Buggs
1.0,Cameron Heyward
2.0588235294117645,Isaiah Buggs
0.8235294117647058,Alex Highsmith
1.2941176470588236,Jamir Jones
1.625,Cameron Heyward
0.6875,Melvin Ingram
1.3125,Chris Wormley
0.6875,Alex Highsmith
1.1176470588235294,Cameron Heyward
0.8823529411764706,Melvin Ingram
2.235294117647059,Chris Wormley
0.6470588235294118,Alex Highsmith
1.4090909090909092,Cameron Heyward
0.9545454545454546,Melvin Ingram
1.818181818181818,Isaiah Buggs
0.5454545454545454,Alex Highsmith
2.0,Cameron Heyward
0.8181818181818182,Melvin Ingram
1.181818181818182,Chris Wormley
0.8636363636363636,Alex Highsmith
1.8125,Cameron Heyward
1.0,Melvin Ingram
1.0,Chris Wormley
0.375,Alex Highsmith
0.8947368421052632,Melvin Ingram
1.631578947368421,Chris Wormley
1.2105263157894737,Isaiah Buggs
1.0,Jamir Jones
1.3076923076923077,Cameron Heyward
1.1538461538461535,Melvin Ingram
1.0769230769230769,Alex Highsmith
1.1153846153846154,Isaiahh Loudermilk
1.2857142857142858,Johnathan Hankins
1.6666666666666667,Carl Nassib
1.0476190476190477,Quinton Jefferson
1.5238095238095235,Maxx Crosby
1.5238095238095235,Darius Philon
0.7619047619047619,Yannick Ngakoue
1.5238095238095235,Quinton Jefferson
1.0,Johnathan Abram
0.5714285714285714,Maxx Crosby
1.1153846153846154,Johnathan Hankins
1.8076923076923077,Solomon Thomas
0.9615384615384616,Clelin Ferrell
1.4615384615384617,Maxx Crosby
0.2857142857142857,Yannick Ngakoue
2.380952380952381,Quinton Jefferson
1.8571428571428572,Solomon Thomas
0.1428571428571428,Maxx Crosby
1.7894736842105263,Cameron Heyward
1.368421052631579,Melvin Ingram
1.0,Joe Schobert
0.7368421052631579,Alex Highsmith
1.3157894736842106,Isaiahh Loudermilk
1.380952380952381,Cameron Heyward
0.6666666666666666,Melvin Ingram
0.5714285714285714,Alex Highsmith
1.7142857142857142,Isaiahh Loudermilk
1.2692307692307692,Cameron Heyward
1.0,Melvin Ingram
0.8076923076923077,Alex Highsmith
1.8846153846153848,Isaiahh Loudermilk
1.0,Tre Norwood
1.0416666666666667,Cameron Heyward
0.8333333333333334,Melvin Ingram
1.1666666666666667,Alex Highsmith
1.8333333333333333,Isaiahh Loudermilk
0.85,Melvin Ingram
1.0,Chris Wormley
0.5,Jamir Jones
1.75,Isaiahh Loudermilk
0.7894736842105263,Melvin Ingram
1.105263157894737,Chris Wormley
1.7894736842105263,Isaiah Buggs
0.8947368421052632,Jamir Jones
2.2941176470588234,Johnathan Hankins
1.0,Solomon Thomas
0.7058823529411765,Clelin Ferrell
0.7647058823529411,Maxx Crosby
1.0,Johnathan Hankins
0.7222222222222222,Carl Nassib
2.0,Quinton Jefferson
1.0,Maxx Crosby
2.0,Johnathan Hankins
1.0,Yannick Ngakoue
1.7777777777777777,Quinton Jefferson
0.2222222222222222,Maxx Crosby
1.4545454545454546,Darius Philon
0.9090909090909092,Yannick Ngakoue
1.3636363636363635,Quinton Jefferson
1.2727272727272727,Maxx Crosby
1.1176470588235294,Cameron Heyward
1.9411764705882353,Chris Wormley
1.6470588235294117,Isaiah Buggs
1.2941176470588236,Jamir Jones
1.7307692307692308,Cameron Heyward
0.5384615384615384,Joe Schobert
1.0384615384615383,Chris Wormley
1.3076923076923077,Jamir Jones
2.0833333333333335,Cameron Heyward
1.0,Melvin Ingram
0.5833333333333334,Joe Schobert
1.6666666666666667,Chris Wormley
0.9166666666666666,Isaiah Buggs
1.4,Cameron Heyward
0.8,Melvin Ingram
2.1333333333333333,Chris Wormley
0.9333333333333332,Alex Highsmith
1.1111111111111112,Cameron Heyward
1.0,Melvin Ingram
1.2222222222222223,Chris Wormley
1.0,Alex Highsmith
1.9047619047619049,Johnathan Hankins
1.5714285714285714,Carl Nassib
1.0952380952380951,Quinton Jefferson
1.0,Maxx Crosby
1.0434782608695652,Johnathan Hankins
1.7391304347826086,Yannick Ngakoue
2.652173913043478,Solomon Thomas
0.2608695652173913,Maxx Crosby
1.0526315789473684,Darius Philon
0.9473684210526316,Yannick Ngakoue
1.4736842105263157,Quinton Jefferson
1.368421052631579,Maxx Crosby
1.0,Cameron Heyward
1.0,Melvin Ingram
0.5833333333333334,Jamir Jones
2.0833333333333335,Isaiahh Loudermilk
1.35,Cameron Heyward
0.65,Melvin Ingram
0.75,Jamir Jones
2.1,Isaiahh Loudermilk
1.5416666666666667,Cameron Heyward
1.7916666666666667,Melvin Ingram
0.7083333333333334,Jamir Jones
1.2916666666666667,Isaiahh Loudermilk
1.5294117647058822,Cameron Heyward
0.8235294117647058,Melvin Ingram
1.7647058823529411,Chris Wormley
0.8823529411764706,Alex Highsmith
1.0,Cameron Heyward
0.5384615384615384,Melvin Ingram
0.6153846153846154,Joe Schobert
1.4615384615384617,Chris Wormley
1.5,Alex Highsmith
0.0,Tre Norwood
1.2666666666666666,Johnathan Hankins
1.6,Yannick Ngakoue
1.2,Solomon Thomas
0.8,Maxx Crosby
1.4,Darius Philon
1.0,Yannick Ngakoue
1.7,Quinton Jefferson
0.3,Maxx Crosby
2.0,Johnathan Hankins
1.0,Yannick Ngakoue
0.5625,Quinton Jefferson
1.25,Maxx Crosby
1.3333333333333333,Johnathan Hankins
1.1111111111111112,Yannick Ngakoue
1.7777777777777777,Quinton Jefferson
0.2222222222222222,Maxx Crosby
0.9285714285714286,Yannick Ngakoue
1.5714285714285714,Quinton Jefferson
1.0714285714285714,Solomon Thomas
1.0,Maxx Crosby
2.0,Darius Philon
1.0,Yannick Ngakoue
1.2692307692307692,Solomon Thomas
0.7307692307692307,Maxx Crosby
1.105263157894737,Darius Philon
1.4736842105263157,Yannick Ngakoue
2.0526315789473686,Quinton Jefferson
0.9473684210526316,Maxx Crosby
1.5238095238095235,Cameron Heyward
1.0,Melvin Ingram
1.5714285714285714,Chris Wormley
0.6666666666666666,Terrell Edmunds
1.0,Alex Highsmith
2.0,Corey Peters
0.9230769230769232,J.J. Watt
0.8461538461538461,Chandler Jones
1.3846153846153846,Zach Allen
0.4615384615384615,Danielle Hunter
1.5,Michael Pierce
1.4230769230769231,Dalvin Tomlinson
1.3846153846153846,D.J. Wonnum
1.1176470588235294,J.J. Watt
0.7647058823529411,Chandler Jones
1.2352941176470589,Zach Allen
0.7647058823529411,Isaiah Simmons
1.0,Rashard Lawrence
0.9090909090909092,J.J. Watt
1.0,Chandler Jones
1.0,Zach Allen
0.8636363636363636,Isaiah Simmons
1.2272727272727273,Rashard Lawrence
0.92,Danielle Hunter
1.24,Michael Pierce
2.36,Dalvin Tomlinson
1.44,D.J. Wonnum
0.75,Danielle Hunter
1.0,Michael Pierce
2.05,Dalvin Tomlinson
1.0,D.J. Wonnum
1.8076923076923077,Sheldon Richardson
0.7692307692307693,Danielle Hunter
0.8076923076923077,Nick Vigil
0.8846153846153846,Stephen Weatherly
1.3461538461538465,D.J. Wonnum
0.7692307692307693,Eric Kendricks
0.0384615384615384,Danielle Hunter
1.0,Dalvin Tomlinson
2.0,Armon Watts
1.0,D.J. Wonnum
1.4615384615384617,Sheldon Richardson
0.5769230769230769,Danielle Hunter
1.0384615384615383,Stephen Weatherly
1.4230769230769231,D.J. Wonnum
1.0,J.J. Watt
1.3076923076923077,Chandler Jones
0.7692307692307693,Zach Allen
2.0,Rashard Lawrence
1.1538461538461535,Chandler Jones
1.7692307692307692,Michael Dogbe
0.1923076923076923,Isaiah Simmons
1.1923076923076923,Leki Fotu
1.8823529411764703,J.J. Watt
0.8823529411764706,Chandler Jones
0.5882352941176471,Markus Golden
1.0,Rashard Lawrence
1.0,Corey Peters
1.9615384615384617,J.J. Watt
0.8846153846153846,Chandler Jones
0.8461538461538461,Markus Golden
0.9230769230769232,J.J. Watt
1.0,Chandler Jones
1.0,Markus Golden
1.1923076923076923,Zach Allen
1.6153846153846154,Leki Fotu
1.0,Stephen Weatherly
1.8461538461538465,Dalvin Tomlinson
2.1538461538461537,Armon Watts
1.0,D.J. Wonnum
0.8846153846153846,Stephen Weatherly
1.1153846153846154,Dalvin Tomlinson
1.9615384615384617,Armon Watts
1.0384615384615383,D.J. Wonnum
1.0,Stephen Weatherly
1.6428571428571428,Dalvin Tomlinson
1.0,Armon Watts
1.0,D.J. Wonnum
2.0384615384615383,Sheldon Richardson
1.0769230769230769,Danielle Hunter
1.1538461538461535,Stephen Weatherly
1.2692307692307692,Sheldon Richardson
0.7307692307692307,Eric Kendricks
0.9615384615384616,Danielle Hunter
0.0,Stephen Weatherly
1.0769230769230769,D.J. Wonnum
1.5714285714285714,Corey Peters
1.3571428571428572,J.J. Watt
1.4285714285714286,Chandler Jones
0.6428571428571429,Markus Golden
1.4230769230769231,Corey Peters
1.5769230769230769,J.J. Watt
1.4615384615384617,Chandler Jones
0.3846153846153846,Markus Golden
1.3461538461538465,J.J. Watt
0.9230769230769232,Chandler Jones
1.3846153846153846,Markus Golden
1.2692307692307692,Jordan Hicks
1.5769230769230769,Zach Allen
1.1538461538461535,Chandler Jones
1.0,Markus Golden
1.4615384615384617,Zach Allen
1.9615384615384617,Rashard Lawrence
1.9545454545454544,J.J. Watt
1.1363636363636365,Chandler Jones
1.2727272727272727,Markus Golden
1.7727272727272727,Zach Allen
1.0769230769230769,Sheldon Richardson
1.5,Danielle Hunter
1.4615384615384617,Stephen Weatherly
0.8076923076923077,D.J. Wonnum
0.9090909090909092,Danielle Hunter
1.5,Michael Pierce
1.3636363636363635,Dalvin Tomlinson
1.0,D.J. Wonnum
0.9166666666666666,Danielle Hunter
1.7916666666666667,Michael Pierce
1.0833333333333333,Dalvin Tomlinson
1.5833333333333333,D.J. Wonnum
0.875,Danielle Hunter
2.0,Michael Pierce
1.125,Dalvin Tomlinson
1.0,D.J. Wonnum
2.136363636363636,Sheldon Richardson
1.0,Danielle Hunter
1.0,Armon Watts
0.4545454545454545,D.J. Wonnum
2.0,J.J. Watt
0.7368421052631579,Jordan Hicks
1.1578947368421053,Zach Allen
1.0526315789473684,Rashard Lawrence
0.7894736842105263,Zaven Collins
0.7307692307692307,Danielle Hunter
2.0384615384615383,Stephen Weatherly
1.1153846153846154,Michael Pierce
1.6153846153846154,Dalvin Tomlinson
0.9375,Danielle Hunter
0.9375,Stephen Weatherly
2.0,Michael Pierce
1.0625,Dalvin Tomlinson
2.6153846153846154,Sheldon Richardson
0.0,Danielle Hunter
1.0769230769230769,Stephen Weatherly
1.1923076923076923,Michael Pierce
1.0,Corey Peters
1.0,J.J. Watt
1.7142857142857142,Chandler Jones
0.2857142857142857,Budda Baker
1.0,Zach Allen
1.7391304347826086,J.J. Watt
0.5217391304347826,Chandler Jones
0.8695652173913043,Markus Golden
0.782608695652174,Jordan Hicks
1.0,Zach Allen
1.0,Markus Golden
0.0,Antonio Hamilton
0.0,Budda Baker
1.1428571428571428,Michael Dogbe
2.2142857142857144,Rashard Lawrence
1.6470588235294117,J.J. Watt
0.9411764705882352,Chandler Jones
0.8235294117647058,Markus Golden
2.0588235294117645,Zach Allen
0.1176470588235294,Isaiah Simmons
2.6153846153846154,Sheldon Richardson
0.9615384615384616,Stephen Weatherly
1.0,Armon Watts
1.0384615384615383,D.J. Wonnum
1.3461538461538465,Sheldon Richardson
1.8846153846153848,Stephen Weatherly
1.1153846153846154,Armon Watts
0.6538461538461539,D.J. Wonnum
1.2307692307692308,Danielle Hunter
1.5384615384615383,Stephen Weatherly
1.6538461538461535,Michael Pierce
1.1923076923076923,Dalvin Tomlinson
1.2,J.J. Watt
1.0,Chandler Jones
1.0,Zach Allen
1.0,Rashard Lawrence
1.318181818181818,Corey Peters
1.5454545454545454,J.J. Watt
1.2272727272727273,Jordan Hicks
1.4545454545454546,Zach Allen
0.8888888888888888,Danielle Hunter
0.5,Mackensie Alexander
1.0,Michael Pierce
1.1666666666666667,Dalvin Tomlinson
1.1111111111111112,D.J. Wonnum
0.8095238095238095,Danielle Hunter
2.0,Michael Pierce
1.0952380952380951,Dalvin Tomlinson
1.0,D.J. Wonnum
1.0,Danielle Hunter
1.0384615384615383,Michael Pierce
1.3076923076923077,Dalvin Tomlinson
1.7692307692307692,D.J. Wonnum
2.0,Sheldon Richardson
1.5769230769230769,Danielle Hunter
1.0769230769230769,Stephen Weatherly
1.0,D.J. Wonnum
0.0,Harrison Smith
1.0,Sheldon Richardson
0.5714285714285714,Eric Kendricks
0.0952380952380952,Danielle Hunter
0.7142857142857143,Nick Vigil
1.2857142857142858,Stephen Weatherly
1.8571428571428572,D.J. Wonnum
1.0,Danielle Hunter
1.0,Michael Pierce
1.0909090909090908,Dalvin Tomlinson
0.9090909090909092,D.J. Wonnum
1.9545454545454544,Sheldon Richardson
0.0909090909090909,Eric Kendricks
0.9545454545454546,Danielle Hunter
1.6363636363636365,Stephen Weatherly
0.5909090909090909,D.J. Wonnum
1.2307692307692308,Corey Peters
1.7692307692307692,J.J. Watt
1.4230769230769231,Chandler Jones
0.6153846153846154,Jordan Hicks
0.8846153846153846,Antonio Hamilton
1.1666666666666667,Markus Golden
0.5,Antonio Hamilton
0.5,Budda Baker
2.0,Kylie Fitts
0.9615384615384616,Danielle Hunter
1.0,Michael Pierce
1.0384615384615383,Dalvin Tomlinson
1.3846153846153846,D.J. Wonnum
1.5384615384615383,Sheldon Richardson
1.3846153846153846,Danielle Hunter
0.9615384615384616,Stephen Weatherly
0.8461538461538461,D.J. Wonnum
1.818181818181818,Corey Peters
0.9090909090909092,J.J. Watt
1.0,Chandler Jones
1.0454545454545454,Markus Golden
1.0,J.J. Watt
1.0,Chandler Jones
1.0,Jordan Hicks
0.3846153846153846,Antonio Hamilton
1.0,Zach Allen
1.894736842105263,J.J. Watt
1.0,Chandler Jones
0.7894736842105263,Markus Golden
1.0,Zach Allen
1.0384615384615383,J.J. Watt
1.0,Chandler Jones
0.7692307692307693,Markus Golden
0.7307692307692307,Jordan Hicks
1.3846153846153846,Zach Allen
1.0,Dante Fowler
1.0,Grady Jarrett
1.8076923076923077,Tyeler Davison
1.1923076923076923,Jonathan Bullard
0.9,Dante Fowler
0.8,Grady Jarrett
1.0,Tyeler Davison
1.7,Jonathan Bullard
0.3157894736842105,Steven Means
1.4736842105263157,Grady Jarrett
1.1578947368421053,Tyeler Davison
0.7894736842105263,Deion Jones
1.2105263157894737,Steven Means
0.8421052631578947,Dante Fowler
1.4736842105263157,Grady Jarrett
0.0,Isaiah Oliver
1.6153846153846154,Ndamukong Suh
2.0,William Gholston
1.1153846153846154,Shaquil Barrett
1.0,Vita Vea
1.0833333333333333,Ndamukong Suh
1.0,Jason Pierre-Paul
1.9166666666666667,Vita Vea
1.0,Devin White
2.0,Grady Jarrett
1.0,Tyeler Davison
0.8235294117647058,Deion Jones
0.2941176470588235,Foyesade Oluokun
0.7647058823529411,Steven Means
1.0,Jonathan Bullard
2.1176470588235294,Marlon Davidson
0.8823529411764706,Adetokunbo Ogundeji
1.0,Dante Fowler
1.0,Jonathan Bullard
1.0,Jacob Tuioti-Mariner
2.5,Marlon Davidson
1.0,Dante Fowler
2.0,Grady Jarrett
0.625,Jacob Tuioti-Mariner
1.4230769230769231,Steven Means
1.0,Dante Fowler
2.0,Grady Jarrett
1.9,Ndamukong Suh
1.15,Jason Pierre-Paul
1.25,William Gholston
0.1,Shaquil Barrett
1.0,Vita Vea
1.2727272727272727,Ndamukong Suh
1.4545454545454546,Jason Pierre-Paul
0.8181818181818182,Shaquil Barrett
1.181818181818182,Vita Vea
1.9230769230769231,Ndamukong Suh
1.0,Jason Pierre-Paul
1.5384615384615383,Shaquil Barrett
1.0,Vita Vea
1.1153846153846154,Ndamukong Suh
0.6153846153846154,Jason Pierre-Paul
1.1538461538461535,William Gholston
0.8846153846153846,Shaquil Barrett
0.8333333333333334,Dante Fowler
0.25,Foyesade Oluokun
1.75,Marlon Davidson
2.0,Ta'Quon Graham
1.1666666666666667,Steven Means
1.3333333333333333,Dante Fowler
0.9166666666666666,Grady Jarrett
1.3333333333333333,Marlon Davidson
1.263157894736842,Steve McLendon
0.7368421052631579,Jason Pierre-Paul
1.105263157894737,Shaquil Barrett
1.631578947368421,Rakeem Nunez-Roches
0.9230769230769232,Ndamukong Suh
1.0769230769230769,Jason Pierre-Paul
1.1538461538461535,Shaquil Barrett
1.8461538461538465,Vita Vea
0.7647058823529411,Steven Means
1.0,Dante Fowler
2.176470588235294,Grady Jarrett
0.4117647058823529,Isaiah Oliver
1.0,Steve McLendon
1.0714285714285714,William Gholston
1.9285714285714288,Rakeem Nunez-Roches
1.0,Joe Tryon
1.1923076923076923,Steve McLendon
0.1538461538461538,Jason Pierre-Paul
1.8076923076923077,William Gholston
1.6538461538461535,Rakeem Nunez-Roches
0.6538461538461539,Joe Tryon
0.8,William Gholston
1.3333333333333333,Rakeem Nunez-Roches
1.2,Vita Vea
1.0,Anthony Nelson
0.6666666666666666,Joe Tryon
1.0,Dante Fowler
1.5384615384615383,Jonathan Bullard
2.0,Marlon Davidson
1.2307692307692308,Ta'Quon Graham
1.1666666666666667,Steven Means
1.0,Dante Fowler
1.0,Marlon Davidson
2.0,Grady Jarrett
1.4210526315789471,Tyeler Davison
0.5789473684210527,Foyesade Oluokun
0.7894736842105263,Jacob Tuioti-Mariner
1.5,Grady Jarrett
2.0714285714285716,Tyeler Davison
0.0714285714285714,Deion Jones
0.8571428571428571,Jacob Tuioti-Mariner
0.6111111111111112,Steven Means
0.7777777777777778,Dante Fowler
1.6666666666666667,Grady Jarrett
1.1538461538461535,Ndamukong Suh
1.4615384615384617,William Gholston
0.8461538461538461,Shaquil Barrett
1.0,Vita Vea
1.75,Ndamukong Suh
0.8125,Jason Pierre-Paul
1.0,Shaquil Barrett
1.1875,Vita Vea
1.375,Ndamukong Suh
0.9375,Jason Pierre-Paul
1.0,Shaquil Barrett
1.5,Vita Vea
1.8076923076923077,Ndamukong Suh
0.7692307692307693,Shaquil Barrett
1.1538461538461535,Vita Vea
0.5,Joe Tryon
1.1578947368421053,Ndamukong Suh
0.8421052631578947,Jason Pierre-Paul
1.6842105263157894,William Gholston
1.263157894736842,Rakeem Nunez-Roches
1.5,Ndamukong Suh
2.076923076923077,Jason Pierre-Paul
1.0769230769230769,William Gholston
0.5,Shaquil Barrett
0.0,Foyesade Oluokun
0.8947368421052632,Jacob Tuioti-Mariner
1.0,Marlon Davidson
2.0,Ta'Quon Graham
0.9473684210526316,Adetokunbo Ogundeji
1.0,Dante Fowler
0.1739130434782608,Deion Jones
2.130434782608696,Marlon Davidson
2.0,Ta'Quon Graham
1.0,Dante Fowler
1.7826086956521738,Grady Jarrett
1.0,Tyeler Davison
0.5217391304347826,Jonathan Bullard
0.631578947368421,Dante Fowler
1.0526315789473684,Grady Jarrett
1.4210526315789471,Tyeler Davison
1.6842105263157894,Jonathan Bullard
2.857142857142857,Jason Pierre-Paul
0.2142857142857142,Ross Cockrell
1.2142857142857142,Shaquil Barrett
0.0,
1.1428571428571428,Ndamukong Suh
0.5714285714285714,Jason Pierre-Paul
0.8571428571428571,Shaquil Barrett
2.4285714285714284,Vita Vea
0.9523809523809524,Jason Pierre-Paul
1.8571428571428572,William Gholston
0.8095238095238095,Shaquil Barrett
1.1428571428571428,Vita Vea
0.4285714285714285,Devin White
1.5,Ndamukong Suh
0.5,Jason Pierre-Paul
1.0714285714285714,William Gholston
0.7857142857142857,Shaquil Barrett
1.1428571428571428,Vita Vea
1.238095238095238,Steven Means
1.0,Dante Fowler
1.9047619047619049,Grady Jarrett
1.0952380952380951,Tyeler Davison
0.2352941176470588,Dante Fowler
1.6470588235294117,Grady Jarrett
1.588235294117647,Tyeler Davison
1.0,Jonathan Bullard
0.8461538461538461,Dante Fowler
0.8846153846153846,Grady Jarrett
1.7307692307692308,Tyeler Davison
1.1923076923076923,Jonathan Bullard
2.0,Steve McLendon
1.0,Jason Pierre-Paul
1.0434782608695652,William Gholston
0.9565217391304348,Shaquil Barrett
1.0,Rakeem Nunez-Roches
2.0,Steve McLendon
1.1428571428571428,William Gholston
0.5714285714285714,Shaquil Barrett
1.0,Rakeem Nunez-Roches
1.2777777777777777,Steve McLendon
1.2777777777777777,Jason Pierre-Paul
0.7222222222222222,Shaquil Barrett
1.5555555555555556,Rakeem Nunez-Roches
1.4761904761904765,Ndamukong Suh
1.1904761904761905,Jason Pierre-Paul
0.8571428571428571,Shaquil Barrett
1.1428571428571428,Vita Vea
2.0,Ndamukong Suh
1.2352941176470589,William Gholston
1.7058823529411764,Vita Vea
1.3461538461538465,Ndamukong Suh
0.6153846153846154,Jason Pierre-Paul
2.1538461538461537,Vita Vea
0.0,Devin White
0.6538461538461539,Anthony Nelson
1.1904761904761905,Steve McLendon
1.9047619047619049,William Gholston
1.380952380952381,Rakeem Nunez-Roches
1.0,Ndamukong Suh
0.2727272727272727,Jason Pierre-Paul
1.0,Shaquil Barrett
2.727272727272727,Vita Vea
1.2142857142857142,Ndamukong Suh
0.6428571428571429,Jason Pierre-Paul
1.0,Shaquil Barrett
1.6428571428571428,Vita Vea
0.0714285714285714,Jordan Whitehead
0.1428571428571428,Devin White
0.6428571428571429,Antoine Winfield
1.1666666666666667,Grady Jarrett
1.8333333333333333,Tyeler Davison
0.7083333333333334,Foyesade Oluokun
0.8333333333333334,Adetokunbo Ogundeji
0.7307692307692307,Steven Means
1.5384615384615383,Dante Fowler
1.9615384615384617,Grady Jarrett
0.8461538461538461,Marlon Davidson
1.6,Steve McLendon
1.6,Jason Pierre-Paul
0.4,Shaquil Barrett
1.4,Rakeem Nunez-Roches
0.9,Ndamukong Suh
1.1,Jason Pierre-Paul
1.0,Shaquil Barrett
2.25,Vita Vea
0.2,Devin White
1.5,Ndamukong Suh
1.2857142857142858,Jason Pierre-Paul
0.7142857142857143,Lavonte David
0.5,Shaquil Barrett
1.0,Vita Vea
0.0,Devin White
1.0,Ndamukong Suh
1.1538461538461535,Jason Pierre-Paul
1.0,Shaquil Barrett
1.5384615384615383,Vita Vea
0.8181818181818182,Dante Fowler
0.7272727272727273,Jonathan Bullard
1.7272727272727273,Marlon Davidson
1.0,Adetokunbo Ogundeji
2.0,Dante Fowler
0.6111111111111112,Grady Jarrett
1.6111111111111112,Tyeler Davison
1.6666666666666667,Jonathan Bullard
0.96,Dante Fowler
1.92,Grady Jarrett
1.8,Tyeler Davison
0.28,Deion Jones
1.28,Steve McLendon
0.72,Jason Pierre-Paul
1.8,William Gholston
0.72,Shaquil Barrett
1.0,Rakeem Nunez-Roches
1.411764705882353,Steve McLendon
1.8823529411764703,Jason Pierre-Paul
0.5294117647058824,Shaquil Barrett
1.1764705882352942,Rakeem Nunez-Roches
1.0,Dante Fowler
1.5384615384615383,Grady Jarrett
1.4615384615384617,Tyeler Davison
1.2692307692307692,Jonathan Bullard
1.0,Steven Means
0.9090909090909092,Dante Fowler
1.0909090909090908,Grady Jarrett
1.3636363636363635,Tyeler Davison
0.8,Steven Means
0.95,Dante Fowler
1.35,Grady Jarrett
0.95,Tyeler Davison
1.8695652173913044,Jason Pierre-Paul
1.173913043478261,William Gholston
1.8695652173913044,Shaquil Barrett
1.6521739130434785,Rakeem Nunez-Roches
0.6875,Jason Pierre-Paul
1.0625,William Gholston
0.875,Shaquil Barrett
2.0,Rakeem Nunez-Roches
1.0625,Devin White
1.8571428571428572,Ndamukong Suh
0.1428571428571428,Lavonte David
2.0,Vita Vea
1.0,Joe Tryon
1.0,Ndamukong Suh
0.7142857142857143,Lavonte David
1.8571428571428572,Vita Vea
1.1428571428571428,Devin White
1.4615384615384617,Ndamukong Suh
2.1153846153846154,Vita Vea
0.5384615384615384,Devin White
0.9230769230769232,Joe Tryon
1.0666666666666669,Ndamukong Suh
0.2666666666666666,Jason Pierre-Paul
0.9333333333333332,Shaquil Barrett
2.6666666666666665,Vita Vea
0.0666666666666666,Devin White
0.6666666666666666,Jonathan Bullard
2.0,Marlon Davidson
1.0,Ta'Quon Graham
1.0,Adetokunbo Ogundeji
0.95,Steven Means
0.95,Dante Fowler
1.3,Grady Jarrett
1.8,Marlon Davidson
0.9375,Jason Pierre-Paul
1.4375,Shaquil Barrett
0.125,Carlton Davis
0.0625,Mike Edwards
1.4705882352941178,William Gholston
0.0,Jordan Whitehead
0.5294117647058824,Mike Edwards
1.5294117647058822,Anthony Nelson
1.411764705882353,Joe Tryon
0.6666666666666666,Linval Joseph
1.25,Christian Covington
0.75,Joey Bosa
1.8333333333333333,Jerry Tillery
1.0,Linval Joseph
0.7368421052631579,Joey Bosa
1.263157894736842,Jerry Tillery
1.4210526315789471,Joe Gaziano
1.48,Christian Covington
1.6,Joey Bosa
0.52,Kyler Fackrell
1.48,Joe Gaziano
2.4444444444444446,Linval Joseph
0.5,Joey Bosa
0.5555555555555556,Jerry Tillery
2.0,Joe Gaziano
1.5,Christian Covington
1.0,Joey Bosa
0.9285714285714286,Uchenna Nwosu
1.0,Jerry Tillery
1.0,Carlos Watkins
1.4230769230769231,Dorance Armstrong
1.0,Micah Parsons
1.5,Osa Odighizuwa
2.269230769230769,Carlos Watkins
1.0,Dorance Armstrong
0.5384615384615384,Micah Parsons
1.0,Osa Odighizuwa
1.5384615384615383,Linval Joseph
1.4615384615384617,Christian Covington
1.4615384615384617,Jerry Tillery
1.4230769230769231,Linval Joseph
1.1153846153846154,Christian Covington
0.6923076923076923,Kyler Fackrell
1.8461538461538465,Uchenna Nwosu
1.1538461538461535,Jerry Tillery
1.2,Linval Joseph
0.6,Joey Bosa
1.8,Jerry Tillery
1.2,Eric Banks
2.0,Linval Joseph
0.6666666666666666,Joey Bosa
1.0,Jerry Tillery
1.3333333333333333,Eric Banks
1.52,Linval Joseph
0.76,Joey Bosa
1.24,Jerry Tillery
1.28,Eric Banks
1.8461538461538465,Carlos Watkins
0.0,Dorance Armstrong
0.6923076923076923,Micah Parsons
2.3076923076923075,Osa Odighizuwa
0.8461538461538461,Keanu Neal
0.0384615384615384,Jayron Kearse
1.1153846153846154,Dorance Armstrong
0.9615384615384616,Micah Parsons
1.6538461538461535,Osa Odighizuwa
0.7272727272727273,Tarell Basham
1.818181818181818,Carlos Watkins
0.1818181818181818,Dorance Armstrong
1.818181818181818,Osa Odighizuwa
0.8333333333333334,Tarell Basham
1.625,Dorance Armstrong
1.0,Micah Parsons
1.375,Osa Odighizuwa
1.6428571428571428,Linval Joseph
0.1428571428571428,Joey Bosa
0.7857142857142857,Kyler Fackrell
1.9285714285714288,Jerry Tillery
2.1153846153846154,Linval Joseph
1.7307692307692308,Christian Covington
0.8461538461538461,Joey Bosa
1.2692307692307692,Jerry Tillery
1.5769230769230769,Christian Covington
1.4230769230769231,Joey Bosa
0.8846153846153846,Uchenna Nwosu
0.9615384615384616,Jerry Tillery
1.72,Christian Covington
0.92,Joey Bosa
0.92,Uchenna Nwosu
1.32,Jerry Tillery
1.1,Brent Urban
1.55,Tarell Basham
0.95,Bradlee Anae
1.15,Quinton Bohanna
1.8695652173913044,Carlos Watkins
1.0,Dorance Armstrong
1.0,Micah Parsons
1.0,Osa Odighizuwa
0.8076923076923077,Keanu Neal
0.5,Tarell Basham
1.1538461538461535,Leighton Vander Esch
1.5,Dorance Armstrong
0.9615384615384616,Micah Parsons
0.8846153846153846,Osa Odighizuwa
1.263157894736842,Carlos Watkins
1.368421052631579,Dorance Armstrong
1.5789473684210529,Micah Parsons
0.631578947368421,Osa Odighizuwa
0.6,Jaylon Smith
1.2,Carlos Watkins
1.4,Dorance Armstrong
0.8,Micah Parsons
1.0,Osa Odighizuwa
1.3846153846153846,Carlos Watkins
1.4615384615384617,Dorance Armstrong
1.0,Micah Parsons
0.9615384615384616,Osa Odighizuwa
1.6153846153846154,Brent Urban
1.1923076923076923,Tarell Basham
0.7692307692307693,Bradlee Anae
1.0769230769230769,Quinton Bohanna
1.5384615384615383,Tarell Basham
1.4230769230769231,Dorance Armstrong
0.9615384615384616,Micah Parsons
1.0,Osa Odighizuwa
1.2777777777777777,Tarell Basham
1.8333333333333333,Dorance Armstrong
1.0,Micah Parsons
1.0,Osa Odighizuwa
1.7692307692307692,Carlos Watkins
1.0,Dorance Armstrong
0.8461538461538461,Micah Parsons
1.0,Osa Odighizuwa
0.6521739130434783,Tarell Basham
1.3478260869565215,Dorance Armstrong
1.2608695652173914,Micah Parsons
1.6521739130434785,Osa Odighizuwa
1.4230769230769231,Tarell Basham
1.5,Dorance Armstrong
2.0,Micah Parsons
1.0769230769230769,Osa Odighizuwa
1.0,Brent Urban
1.0,Tarell Basham
1.1923076923076923,Bradlee Anae
1.7692307692307692,Quinton Bohanna
1.0588235294117647,Brent Urban
0.9411764705882352,Dorance Armstrong
0.8235294117647058,Bradlee Anae
1.588235294117647,Quinton Bohanna
1.0909090909090908,Carlos Watkins
1.2727272727272727,Dorance Armstrong
0.9090909090909092,Micah Parsons
1.7272727272727273,Osa Odighizuwa
1.3636363636363635,Linval Joseph
1.181818181818182,Christian Covington
0.2727272727272727,Joey Bosa
0.4545454545454545,Uchenna Nwosu
1.7272727272727273,Jerry Tillery
1.4615384615384617,Christian Covington
0.7692307692307693,Joey Bosa
1.1153846153846154,Derwin James
0.9230769230769232,Uchenna Nwosu
0.5769230769230769,Jerry Tillery
0.8076923076923077,Kenneth Murray
1.125,Brent Urban
1.0,Jayron Kearse
1.0,Tarell Basham
1.4583333333333333,Carlos Watkins
0.9583333333333334,Bradlee Anae
0.375,Keanu Neal
0.2916666666666667,Jourdan Lewis
1.0416666666666667,Leighton Vander Esch
1.625,Dorance Armstrong
1.7083333333333333,Osa Odighizuwa
1.52,Brent Urban
1.2,Tarell Basham
1.0,Carlos Watkins
0.76,Bradlee Anae
0.8823529411764706,Tarell Basham
1.6470588235294117,Carlos Watkins
0.8235294117647058,Dorance Armstrong
1.4705882352941178,Osa Odighizuwa
1.2857142857142858,Tarell Basham
1.3333333333333333,Carlos Watkins
1.0,Micah Parsons
0.8095238095238095,Osa Odighizuwa
0.8571428571428571,Christian Covington
1.1428571428571428,Joey Bosa
0.7619047619047619,Uchenna Nwosu
0.9047619047619048,Jerry Tillery
1.3333333333333333,Kenneth Murray
1.3043478260869563,Linval Joseph
0.782608695652174,Kyler Fackrell
0.9565217391304348,Uchenna Nwosu
1.608695652173913,Joe Gaziano
1.1363636363636365,Christian Covington
1.2272727272727273,Joey Bosa
0.8636363636363636,Kyler Fackrell
1.5454545454545454,Jerry Tillery
2.0384615384615383,Carlos Watkins
1.3846153846153846,Dorance Armstrong
0.8461538461538461,Bradlee Anae
1.0384615384615383,Osa Odighizuwa
0.85,Tarell Basham
1.35,Carlos Watkins
1.1,Bradlee Anae
1.1,Osa Odighizuwa
2.0,Brent Urban
1.0,Jayron Kearse
0.6923076923076923,Malik Hooker
1.0,Tarell Basham
1.3076923076923077,Carlos Watkins
0.8846153846153846,Azur Kamara
1.1875,Brent Urban
0.6875,Tarell Basham
1.5625,Micah Parsons
1.1875,Osa Odighizuwa
2.269230769230769,Brent Urban
1.0,Tarell Basham
0.6538461538461539,Micah Parsons
1.0769230769230769,Osa Odighizuwa
0.65,Tarell Basham
1.0,Carlos Watkins
0.65,Micah Parsons
1.5,Osa Odighizuwa
1.2307692307692308,Christian Covington
0.0769230769230769,Joey Bosa
0.3076923076923077,Kyzir White
2.8461538461538463,Jerry Tillery
1.6428571428571428,Christian Covington
0.3571428571428571,Joey Bosa
0.5714285714285714,Uchenna Nwosu
1.4285714285714286,Jerry Tillery
1.0,Linval Joseph
1.95,Christian Covington
0.7,Joey Bosa
0.8,Kyler Fackrell
1.5714285714285714,Linval Joseph
1.5,Christian Covington
0.6428571428571429,Joey Bosa
0.4285714285714285,Kyler Fackrell
0.8125,Bud Dupree
1.1875,Jeffery Simmons
1.0,Larrell Murchison
1.75,Teair Tart
1.48,Denico Autry
1.36,Bud Dupree
0.6,Harold Landry
0.92,Jeffery Simmons
0.631578947368421,Carlos Dunlap
1.0,Benson Mayowa
1.1578947368421053,Kerry Hyder
1.8421052631578947,Rasheem Green
1.0,Bud Dupree
0.6538461538461539,Jeffery Simmons
1.9230769230769231,Larrell Murchison
2.0384615384615383,Teair Tart
1.0,Denico Autry
0.8947368421052632,Bud Dupree
1.0,Harold Landry
1.736842105263158,Jeffery Simmons
0.9230769230769232,Carlos Dunlap
1.7692307692307692,Al Woods
1.0,Kerry Hyder
1.3076923076923077,Poona Ford
1.0769230769230769,Al Woods
1.6153846153846154,Kerry Hyder
0.7692307692307693,Jamal Adams
1.6538461538461535,Poona Ford
1.3461538461538465,Darrell Taylor
1.1538461538461535,Carlos Dunlap
1.0769230769230769,Kerry Hyder
1.6923076923076923,Rasheem Green
1.0,Darrell Taylor
1.0,Al Woods
1.0,Kerry Hyder
1.4375,Rasheem Green
2.0625,Poona Ford
1.1578947368421053,Al Woods
0.0,Bobby Wagner
1.894736842105263,Robert Nkemdiche
0.7368421052631579,Rasheem Green
0.8947368421052632,L.J. Collier
0.4,Benson Mayowa
2.32,Kerry Hyder
1.4,Rasheem Green
0.6,Jordyn Brooks
1.4230769230769231,Robert Nkemdiche
0.6538461538461539,Rasheem Green
1.5384615384615383,Poona Ford
1.3461538461538465,L.J. Collier
1.5333333333333334,Carlos Dunlap
1.6,Bobby Wagner
0.8666666666666667,Benson Mayowa
0.4,Kerry Hyder
1.5333333333333334,Jamal Adams
0.5333333333333333,Rasheem Green
0.7894736842105263,Denico Autry
1.0,Bud Dupree
0.7894736842105263,Harold Landry
1.5263157894736843,Jeffery Simmons
0.8461538461538461,Denico Autry
0.9230769230769232,Harold Landry
1.9230769230769231,Jeffery Simmons
1.0,Teair Tart
1.5714285714285714,Denico Autry
1.9285714285714288,Olasunkanmi Adeniyi
1.6428571428571428,Jeffery Simmons
0.4285714285714285,David Long
1.4615384615384617,Denico Autry
1.0,Harold Landry
2.0,Jeffery Simmons
2.0,Teair Tart
1.1153846153846154,Denico Autry
1.4615384615384617,Bud Dupree
0.6923076923076923,Harold Landry
1.0,Jeffery Simmons
2.2777777777777777,Al Woods
1.2777777777777777,Robert Nkemdiche
1.3333333333333333,L.J. Collier
0.6666666666666666,Darrell Taylor
0.9615384615384616,Robert Nkemdiche
0.8076923076923077,Jamal Adams
0.7307692307692307,Rasheem Green
2.0,Poona Ford
0.8846153846153846,L.J. Collier
0.3,Bobby Wagner
0.95,Robert Nkemdiche
0.75,Rasheem Green
0.95,Poona Ford
1.25,L.J. Collier
0.0,Denico Autry
1.52,Bud Dupree
0.56,Larrell Murchison
2.44,Teair Tart
1.3076923076923077,Kerry Hyder
0.0,Jamal Adams
1.3076923076923077,Rasheem Green
2.1538461538461537,Poona Ford
0.1538461538461538,Alton Robinson
2.0,Al Woods
1.105263157894737,Kerry Hyder
0.5263157894736842,Jamal Adams
1.0,Rasheem Green
1.0,Alton Robinson
1.5,Al Woods
1.4090909090909092,Kerry Hyder
0.9545454545454546,Poona Ford
1.0,Darrell Taylor
1.1578947368421053,Denico Autry
1.0,Bud Dupree
0.9473684210526316,Harold Landry
1.2105263157894737,Jeffery Simmons
1.4,Denico Autry
1.0,Bud Dupree
0.8666666666666667,Harold Landry
1.7333333333333334,Jeffery Simmons
0.2666666666666666,David Long
1.6428571428571428,Denico Autry
0.7857142857142857,Bud Dupree
0.7142857142857143,Harold Landry
1.2142857142857142,Jeffery Simmons
1.0,Denico Autry
1.0,Bud Dupree
1.0,Harold Landry
2.0,Jeffery Simmons
1.1428571428571428,Al Woods
1.0,Kerry Hyder
0.7142857142857143,Rasheem Green
1.7857142857142858,Poona Ford
1.608695652173913,Al Woods
1.434782608695652,Kerry Hyder
1.826086956521739,Poona Ford
1.1666666666666667,Al Woods
0.7916666666666666,Benson Mayowa
0.9583333333333334,Kerry Hyder
1.5,Poona Ford
0.9,Bud Dupree
0.65,Harold Landry
1.3,Jeffery Simmons
0.9,David Long
1.15,Teair Tart
1.0,Bud Dupree
0.5384615384615384,Harold Landry
2.0,Jeffery Simmons
1.0384615384615383,Teair Tart
2.4444444444444446,Denico Autry
0.3333333333333333,Bud Dupree
0.6111111111111112,Harold Landry
1.2777777777777777,Jeffery Simmons
2.0,Al Woods
1.1428571428571428,Robert Nkemdiche
1.5238095238095235,Poona Ford
0.7619047619047619,Alton Robinson
1.181818181818182,Al Woods
1.9090909090909092,Robert Nkemdiche
0.6818181818181818,Rasheem Green
1.1363636363636365,Poona Ford
0.0555555555555555,Carlos Dunlap
2.111111111111111,Al Woods
1.2777777777777777,Kerry Hyder
1.0,L.J. Collier
1.0,Carlos Dunlap
1.0,Kerry Hyder
1.7058823529411764,Poona Ford
1.1764705882352942,L.J. Collier
0.8823529411764706,Carlos Dunlap
0.7647058823529411,Jamal Adams
1.1176470588235294,Rasheem Green
1.0,Darrell Taylor
1.0,Carlos Dunlap
1.736842105263158,Al Woods
1.7894736842105263,Poona Ford
1.0,Carlos Dunlap
1.0384615384615383,Al Woods
1.0,Kerry Hyder
1.9230769230769231,Poona Ford
2.0,Denico Autry
0.9230769230769232,Bud Dupree
0.6923076923076923,Harold Landry
1.0769230769230769,Jeffery Simmons
1.8076923076923077,Denico Autry
1.1538461538461535,Bud Dupree
0.6538461538461539,Harold Landry
1.7307692307692308,Jeffery Simmons
1.0,Al Woods
1.2352941176470589,Kerry Hyder
0.9411764705882352,Jamal Adams
0.1176470588235294,Rasheem Green
1.8823529411764703,Poona Ford
1.3529411764705883,Denico Autry
0.9411764705882352,Bud Dupree
0.6470588235294118,Harold Landry
1.6470588235294117,Jeffery Simmons
1.1153846153846154,Al Woods
1.4615384615384617,Kerry Hyder
1.0,Rasheem Green
1.0769230769230769,L.J. Collier
0.4615384615384615,Bobby Wagner
0.3846153846153846,Benson Mayowa
0.6923076923076923,Kerry Hyder
0.6923076923076923,Rasheem Green
1.3461538461538465,Poona Ford
1.3461538461538465,L.J. Collier
0.8461538461538461,Carlos Dunlap
1.1538461538461535,Al Woods
1.0,Kerry Hyder
2.0,Poona Ford
0.9230769230769232,Carlos Dunlap
0.8076923076923077,Benson Mayowa
1.1153846153846154,Kerry Hyder
1.3076923076923077,Rasheem Green
1.3846153846153846,Carlos Dunlap
1.1923076923076923,Benson Mayowa
1.3076923076923077,Kerry Hyder
1.3076923076923077,Rasheem Green
0.0833333333333333,Denico Autry
0.8333333333333334,Harold Landry
1.6666666666666667,Teair Tart
1.4,Denico Autry
1.32,Bud Dupree
1.96,Jeffery Simmons
0.92,David Long
0.0,Chris Jackson
0.2352941176470588,Carlos Dunlap
1.9411764705882353,Al Woods
1.0588235294117647,Kerry Hyder
1.1764705882352942,Poona Ford
1.2,Carlos Dunlap
0.92,Kerry Hyder
0.96,Rasheem Green
1.48,Poona Ford
1.0,Carlos Dunlap
0.9130434782608696,Kerry Hyder
1.565217391304348,Rasheem Green
1.173913043478261,Poona Ford
1.2307692307692308,Carlos Dunlap
0.8846153846153846,Al Woods
1.3461538461538465,Kerry Hyder
1.1538461538461535,Rasheem Green
0.782608695652174,Benson Mayowa
1.9130434782608696,Robert Nkemdiche
1.2173913043478262,L.J. Collier
1.0,Darrell Taylor
1.0,Benson Mayowa
1.85,Robert Nkemdiche
1.0,L.J. Collier
0.8,Darrell Taylor
0.6538461538461539,Denico Autry
1.6153846153846154,Bud Dupree
1.0384615384615383,Harold Landry
1.7307692307692308,Jeffery Simmons
1.1923076923076923,Denico Autry
1.1153846153846154,Bud Dupree
0.7307692307692307,Harold Landry
1.3076923076923077,Jeffery Simmons
1.9615384615384617,Al Woods
1.0769230769230769,Robert Nkemdiche
1.0,Rasheem Green
1.0,Poona Ford
1.826086956521739,Carlos Dunlap
0.6521739130434783,Benson Mayowa
1.6521739130434785,Rasheem Green
1.6956521739130437,Darrell Taylor
1.8846153846153848,Denico Autry
2.0,Harold Landry
1.3846153846153846,Jeffery Simmons
1.3846153846153846,Teair Tart
1.0,Denico Autry
1.0,Bud Dupree
0.7,Harold Landry
2.0,Jeffery Simmons
1.6923076923076923,Denico Autry
1.0,Bud Dupree
0.9230769230769232,Harold Landry
0.0384615384615384,Olasunkanmi Adeniyi
1.1153846153846154,Jeffery Simmons
0.4230769230769231,Frank Clark
0.8076923076923077,Chris Jones
1.8461538461538465,Jarran Reed
2.269230769230769,Derrick Nnadi
0.4210526315789473,Frank Clark
1.3157894736842106,Chris Jones
1.5789473684210529,Jarran Reed
0.6842105263157895,Michael Danna
1.9615384615384617,Calais Campbell
1.1923076923076923,Brandon Williams
1.0,Tyus Bowser
0.7307692307692307,Odafe Oweh
0.9230769230769232,Justin Houston
1.0,Brandon Williams
1.2692307692307692,Justin Ellis
1.4230769230769231,Justin Madubuike
0.5217391304347826,Alex Okafor
1.391304347826087,Frank Clark
1.1304347826086956,Derrick Nnadi
2.608695652173913,Khalen Saunders
0.5217391304347826,Nick Bolton
1.2222222222222223,Alex Okafor
1.0,Chris Jones
1.3333333333333333,Jarran Reed
0.0,Ben Niemann
1.3888888888888888,Khalen Saunders
0.3888888888888889,Nick Bolton
0.35,Daniel Sorensen
1.2,Frank Clark
1.05,Chris Jones
0.55,L'Jarius Sneed
2.272727272727273,Calais Campbell
0.5454545454545454,Justin Houston
0.8181818181818182,Odafe Oweh
0.1666666666666666,Anthony Hitchens
1.0,Frank Clark
1.0,Jarran Reed
1.0833333333333333,Derrick Nnadi
0.0,Michael Danna
1.75,Nick Bolton
1.1666666666666667,Calais Campbell
0.6111111111111112,Justin Houston
1.3333333333333333,Justin Ellis
0.7777777777777778,Tyus Bowser
0.9545454545454546,Calais Campbell
0.8181818181818182,Tyus Bowser
1.0,Odafe Oweh
1.28,Justin Houston
1.64,Pernell McPhee
1.0,Odafe Oweh
0.08,Brandon Stephens
0.7307692307692307,Justin Houston
2.1153846153846154,Pernell McPhee
1.1538461538461535,Odafe Oweh
1.0,Alex Okafor
1.0,Chris Jones
0.7692307692307693,Khalen Saunders
1.5384615384615383,Tershawn Wharton
0.8076923076923077,Alex Okafor
1.9615384615384617,Chris Jones
1.9230769230769231,Khalen Saunders
1.1923076923076923,Tershawn Wharton
1.0384615384615383,Frank Clark
1.1923076923076923,Chris Jones
1.4230769230769231,Jarran Reed
1.4230769230769231,Derrick Nnadi
0.6923076923076923,Nick Bolton
0.9333333333333332,Frank Clark
1.0,Chris Jones
1.0,Jarran Reed
1.5333333333333334,Derrick Nnadi
0.9615384615384616,Frank Clark
1.4615384615384617,Chris Jones
1.0384615384615383,Jarran Reed
1.6923076923076923,Derrick Nnadi
1.105263157894737,Brandon Williams
0.8947368421052632,Tyus Bowser
1.263157894736842,Justin Madubuike
0.6842105263157895,Odafe Oweh
1.7272727272727273,Calais Campbell
0.8181818181818182,Justin Houston
2.0,Brandon Williams
0.2727272727272727,Odafe Oweh
0.3333333333333333,Frank Clark
1.4,Chris Jones
0.4,Michael Danna
1.6,Tershawn Wharton
0.8461538461538461,Frank Clark
1.2692307692307692,Chris Jones
0.7692307692307693,Michael Danna
1.2307692307692308,Tershawn Wharton
0.0,Tyrann Mathieu
0.5833333333333334,Alex Okafor
0.75,Daniel Sorensen
0.6666666666666666,Frank Clark
1.4166666666666667,Chris Jones
1.3333333333333333,Jarran Reed
0.9615384615384616,Frank Clark
1.3461538461538465,Chris Jones
1.6923076923076923,Jarran Reed
1.0384615384615383,Derrick Nnadi
1.3076923076923077,Frank Clark
0.4615384615384615,Chris Jones
1.5384615384615383,Jarran Reed
1.2692307692307692,Derrick Nnadi
0.0,L'Jarius Sneed
0.2692307692307692,Nick Bolton
1.6666666666666667,Calais Campbell
0.5333333333333333,Justin Houston
0.7333333333333333,Odafe Oweh
1.0,Calais Campbell
1.36,Justin Houston
1.64,Odafe Oweh
1.7692307692307692,Calais Campbell
1.0,Pernell McPhee
1.5769230769230769,Justin Ellis
1.2307692307692308,Justin Madubuike
1.5769230769230769,Justin Ellis
0.9615384615384616,Tyus Bowser
0.5384615384615384,Patrick Queen
1.4230769230769231,Justin Madubuike
0.3461538461538461,Alex Okafor
0.6923076923076923,Daniel Sorensen
0.5384615384615384,Frank Clark
1.1538461538461535,Chris Jones
1.1153846153846154,Tershawn Wharton
2.0,Calais Campbell
0.4736842105263157,Justin Houston
1.3157894736842106,Patrick Queen
0.6842105263157895,Odafe Oweh
1.2692307692307692,Calais Campbell
0.6153846153846154,Justin Houston
1.0769230769230769,Tyus Bowser
0.1153846153846153,Odafe Oweh
1.0,Alex Okafor
1.3846153846153846,Frank Clark
1.3461538461538465,Jarran Reed
1.2692307692307692,Derrick Nnadi
0.7692307692307693,Frank Clark
1.0,Chris Jones
1.0,Jarran Reed
1.5384615384615383,Derrick Nnadi
0.5769230769230769,Charvarius Ward
0.5,Frank Clark
1.0,Chris Jones
1.1538461538461535,Jarran Reed
2.0,Khalen Saunders
1.0,Justin Ellis
0.6666666666666666,Tyus Bowser
2.0,Justin Madubuike
0.0,Odafe Oweh
2.0,Calais Campbell
0.3636363636363636,Justin Houston
0.7272727272727273,Tyus Bowser
2.076923076923077,Calais Campbell
1.0,Justin Houston
0.8461538461538461,Tyus Bowser
1.1363636363636365,Alex Okafor
0.5454545454545454,Anthony Hitchens
0.1818181818181818,Chris Jones
1.4545454545454546,Jarran Reed
1.2727272727272727,Derrick Nnadi
0.6818181818181818,Ben Niemann
0.8181818181818182,Nick Bolton
0.6153846153846154,Frank Clark
1.7692307692307692,Jarran Reed
0.5,Ben Niemann
1.4230769230769231,Khalen Saunders
1.0769230769230769,Michael Danna
0.8421052631578947,Justin Ellis
0.6842105263157895,Tyus Bowser
1.6842105263157894,Justin Madubuike
0.5263157894736842,Odafe Oweh
1.1904761904761905,Justin Ellis
0.8571428571428571,Tyus Bowser
1.7142857142857142,Justin Madubuike
0.5714285714285714,Odafe Oweh
1.0454545454545454,Frank Clark
1.6363636363636365,Chris Jones
1.1363636363636365,Jarran Reed
0.7727272727272727,Michael Danna
0.8666666666666667,Preston Smith
1.0,Kenny Clark
1.1333333333333333,Dean Lowry
0.6666666666666666,Rashan Gary
1.3333333333333333,Kingsley Keke
1.1153846153846154,Kenny Clark
0.3076923076923077,De'Vondre Campbell
1.0,Dean Lowry
1.1923076923076923,Rashan Gary
2.0,Kingsley Keke
0.9230769230769232,Preston Smith
1.0769230769230769,Kenny Clark
1.7692307692307692,Dean Lowry
1.2307692307692308,Tyler Lancaster
1.625,Michael Brockers
1.875,Nicholas Williams
0.375,Trey Flowers
1.875,Romeo Okwara
1.6538461538461535,Michael Brockers
1.0,Romeo Okwara
0.7692307692307693,Charles Harris
1.15,Kenny Clark
1.95,Dean Lowry
1.0,Tyler Lancaster
0.85,Rashan Gary
1.0,Preston Smith
1.1666666666666667,Kenny Clark
1.0,Dean Lowry
1.0,Tyler Lancaster
0.8333333333333334,Rashan Gary
1.0,Kenny Clark
1.8846153846153848,Kingsley Keke
1.0,Jonathan Garvin
0.7307692307692307,Chauncey Rivers
0.6153846153846154,Preston Smith
1.6538461538461535,Kenny Clark
0.7692307692307693,Rashan Gary
1.5384615384615383,Kingsley Keke
2.142857142857143,Michael Brockers
0.8571428571428571,Nicholas Williams
0.8095238095238095,Trey Flowers
1.3333333333333333,Alim McNeill
1.4166666666666667,Michael Brockers
1.0833333333333333,Nicholas Williams
1.6666666666666667,Romeo Okwara
1.0,Nicholas Williams
1.3461538461538465,Trey Flowers
0.9615384615384616,Romeo Okwara
2.076923076923077,Alex Anzalone
1.2307692307692308,Kenny Clark
1.3846153846153846,Dean Lowry
1.4615384615384617,Chauncey Rivers
2.1923076923076925,Tedarrell Slaton
0.6538461538461539,Preston Smith
2.0,Kenny Clark
1.7307692307692308,Dean Lowry
0.6153846153846154,Rashan Gary
0.5769230769230769,Krys Barnes
0.8571428571428571,Preston Smith
1.0952380952380951,Kenny Clark
1.380952380952381,Dean Lowry
1.0476190476190477,Rashan Gary
0.24,Jamie Collins
0.76,Trey Flowers
1.4,John Penisini
1.0,Levi Onwuzurike
1.52,Alim McNeill
1.0416666666666667,Preston Smith
2.0,Kenny Clark
0.8333333333333334,Rashan Gary
1.9583333333333333,Kingsley Keke
0.8333333333333334,Preston Smith
0.0,Adrian Amos
1.25,Dean Lowry
0.9166666666666666,Rashan Gary
1.5,Kingsley Keke
0.9230769230769232,Preston Smith
1.0,Kenny Clark
1.0769230769230769,De'Vondre Campbell
0.9230769230769232,Dean Lowry
0.8076923076923077,Rashan Gary
0.2857142857142857,Preston Smith
1.7142857142857142,Kenny Clark
1.4285714285714286,Rashan Gary
1.3333333333333333,Kingsley Keke
1.4615384615384617,Michael Brockers
1.0384615384615383,Nicholas Williams
0.8461538461538461,Trey Flowers
1.0769230769230769,Romeo Okwara
1.1923076923076923,Nicholas Williams
2.6538461538461537,Trey Flowers
1.2307692307692308,Romeo Okwara
0.1538461538461538,Julian Okwara
1.7894736842105263,Nicholas Williams
1.0526315789473684,Trey Flowers
0.9473684210526316,Romeo Okwara
0.8421052631578947,Julian Okwara
1.8333333333333333,Preston Smith
1.125,Kenny Clark
1.0833333333333333,Dean Lowry
1.9583333333333333,Tyler Lancaster
0.8333333333333334,Rashan Gary
1.3529411764705883,Preston Smith
1.2352941176470589,Kenny Clark
1.1176470588235294,Dean Lowry
0.9411764705882352,Tyler Lancaster
0.7058823529411765,Rashan Gary
1.4615384615384617,Kenny Clark
0.8846153846153846,Dean Lowry
1.8846153846153848,Kingsley Keke
1.6538461538461535,Jonathan Garvin
0.8846153846153846,Chauncey Rivers
1.238095238095238,Preston Smith
1.2857142857142858,Kenny Clark
0.0476190476190476,Kevin King
0.8571428571428571,Rashan Gary
1.1428571428571428,Kingsley Keke
0.7894736842105263,Preston Smith
1.5263157894736843,Kenny Clark
0.8947368421052632,De'Vondre Campbell
0.7894736842105263,Rashan Gary
0.7894736842105263,Kingsley Keke
1.818181818181818,Michael Brockers
1.0454545454545454,Nicholas Williams
0.9545454545454546,Romeo Okwara
1.0,Charles Harris
1.6153846153846154,Michael Brockers
1.0384615384615383,Nicholas Williams
1.1538461538461535,Romeo Okwara
0.9615384615384616,Charles Harris
1.7307692307692308,Trey Flowers
1.0769230769230769,Romeo Okwara
1.3076923076923077,Levi Onwuzurike
1.2692307692307692,Alim McNeill
1.3478260869565215,Nicholas Williams
0.4782608695652174,Trey Flowers
1.0,Romeo Okwara
1.0434782608695652,Charles Harris
1.3076923076923077,Michael Brockers
1.0769230769230769,Nicholas Williams
0.8461538461538461,Romeo Okwara
1.1538461538461535,John Penisini
1.0,Nicholas Williams
1.0,Romeo Okwara
1.0769230769230769,Charles Harris
1.8461538461538465,Alim McNeill
2.0,Michael Brockers
1.0,Charles Harris
1.263157894736842,Julian Okwara
1.0,John Penisini
0.875,Preston Smith
1.0,Kenny Clark
0.875,Rashan Gary
2.0,Kingsley Keke
1.0,Preston Smith
1.0,Kenny Clark
0.7142857142857143,Rashan Gary
1.7857142857142858,Kingsley Keke
1.7777777777777777,Kenny Clark
0.7222222222222222,De'Vondre Campbell
1.5555555555555556,Dean Lowry
0.0,Chauncey Rivers
1.5,Kenny Clark
1.6153846153846154,Dean Lowry
1.3461538461538465,Jonathan Garvin
0.7692307692307693,Chauncey Rivers
2.0,Michael Brockers
0.9615384615384616,Romeo Okwara
0.8076923076923077,Charles Harris
2.0384615384615383,Alim McNeill
1.8461538461538465,Michael Brockers
1.0769230769230769,Jamie Collins
1.0,Trey Flowers
0.9230769230769232,Charles Harris
0.2692307692307692,Will Harris
0.8076923076923077,Preston Smith
1.5,Kenny Clark
1.0,Rashan Gary
1.0769230769230769,Kingsley Keke
1.2307692307692308,Preston Smith
1.4230769230769231,Kenny Clark
0.8076923076923077,Rashan Gary
1.0,Kingsley Keke
1.3846153846153846,Kenny Clark
1.2307692307692308,Kingsley Keke
0.9615384615384616,Jonathan Garvin
0.7692307692307693,Chauncey Rivers
0.9565217391304348,Michael Brockers
2.652173913043478,Jamie Collins
0.6521739130434783,Trey Flowers
1.0,Romeo Okwara
0.5652173913043478,Alex Anzalone
1.173913043478261,Alim McNeill
0.96,Preston Smith
2.0,Kenny Clark
1.04,Dean Lowry
0.8,Rashan Gary
0.8947368421052632,Preston Smith
1.4736842105263157,Kenny Clark
1.105263157894737,Dean Lowry
1.0526315789473684,Rashan Gary
0.9090909090909092,Preston Smith
1.2727272727272727,Kenny Clark
0.7727272727272727,De'Vondre Campbell
1.2272727272727273,Dean Lowry
0.7272727272727273,Jonathan Garvin
0.875,Preston Smith
1.1666666666666667,Tyler Lancaster
2.0833333333333335,Kingsley Keke
0.6666666666666666,Jonathan Garvin
1.55,Tyler Lancaster
1.15,Kingsley Keke
0.85,Jonathan Garvin
0.85,Chauncey Rivers
1.0909090909090908,Kenny Clark
1.0,De'Vondre Campbell
0.9545454545454546,Kingsley Keke
0.9545454545454546,Jonathan Garvin
0.8181818181818182,Chauncey Rivers
0.9615384615384616,Preston Smith
1.0,Kenny Clark
1.4230769230769231,Oren Burks
0.6538461538461539,Rashan Gary
0.9615384615384616,Kingsley Keke
0.7692307692307693,Preston Smith
1.1538461538461535,Kenny Clark
0.2692307692307692,Oren Burks
0.8846153846153846,Rashan Gary
1.0769230769230769,Kingsley Keke
0.8,Christian Kirksey
1.5333333333333334,Maliek Collins
1.1333333333333333,Jacob Martin
1.3333333333333333,Jonathan Greenard
1.8666666666666667,Roy Lopez
1.631578947368421,Maliek Collins
0.8947368421052632,Jacob Martin
1.0,Jonathan Greenard
1.368421052631579,Roy Lopez
0.7647058823529411,Maliek Collins
1.1764705882352942,Jacob Martin
0.9411764705882352,Jonathan Greenard
2.0,Roy Lopez
1.4615384615384617,Whitney Mercilus
1.0,DeMarcus Walker
1.4615384615384617,Jaleel Johnson
1.0,Ross Blacklock
1.1923076923076923,Whitney Mercilus
1.0,DeMarcus Walker
1.7307692307692308,Charles Omenihu
1.1923076923076923,Ross Blacklock
1.2,Maliek Collins
1.76,Jacob Martin
1.0,Jonathan Greenard
1.04,Roy Lopez
1.0,DaQuan Jones
0.7647058823529411,Haason Reddick
1.3529411764705883,Brian Burns
2.0588235294117645,Derrick Brown
0.6153846153846154,Shaq Thompson
0.5384615384615384,Juston Burris
1.3076923076923077,Haason Reddick
1.5769230769230769,Brian Burns
0.3181818181818182,Christian Kirksey
1.181818181818182,Maliek Collins
0.8181818181818182,Jacob Martin
1.0454545454545454,Jonathan Greenard
1.4545454545454546,Roy Lopez
1.9230769230769231,Whitney Mercilus
2.076923076923077,DeMarcus Walker
0.8461538461538461,Jaleel Johnson
1.2307692307692308,Ross Blacklock
1.9230769230769231,Maliek Collins
1.0,Jacob Martin
1.0,Jonathan Greenard
2.0,Roy Lopez
1.4230769230769231,Whitney Mercilus
1.0384615384615383,Jaleel Johnson
0.8461538461538461,Charles Omenihu
0.9230769230769232,Ross Blacklock
1.125,Whitney Mercilus
1.4375,DeMarcus Walker
0.5625,Charles Omenihu
1.4375,Ross Blacklock
1.4230769230769231,Maliek Collins
1.9615384615384617,Jacob Martin
0.6538461538461539,Jonathan Greenard
1.2307692307692308,Roy Lopez
1.05,Maliek Collins
1.0,Jacob Martin
0.95,Jonathan Greenard
2.0,Roy Lopez
1.8461538461538465,DaQuan Jones
1.0,Shaq Thompson
0.0,Brian Burns
2.0,Daviyon Nixon
1.0769230769230769,DaQuan Jones
1.3461538461538465,Morgan Fox
1.8461538461538465,Haason Reddick
0.6538461538461539,Brian Burns
1.0,Whitney Mercilus
0.8,Jaleel Johnson
1.64,Charles Omenihu
1.2,Ross Blacklock
0.9523809523809524,Whitney Mercilus
1.0,Jaleel Johnson
1.619047619047619,Charles Omenihu
0.9047619047619048,Ross Blacklock
1.9375,Morgan Fox
0.625,Haason Reddick
0.0625,Brian Burns
1.8125,Derrick Brown
1.6956521739130437,Morgan Fox
1.2608695652173914,Haason Reddick
0.8260869565217391,Brian Burns
1.6521739130434785,Derrick Brown
1.2222222222222223,Shaq Thompson
1.3888888888888888,Morgan Fox
0.8333333333333334,Haason Reddick
1.2777777777777777,Derrick Brown
0.6111111111111112,Jaycee Horn
1.25,DaQuan Jones
1.0,Haason Reddick
0.75,Brian Burns
1.9166666666666667,Derrick Brown
1.1764705882352942,DaQuan Jones
0.4705882352941176,Haason Reddick
0.4117647058823529,Brian Burns
1.7058823529411764,Derrick Brown
2.0,Maliek Collins
1.0,Jacob Martin
1.08,Ross Blacklock
0.88,Jonathan Greenard
1.2307692307692308,Maliek Collins
1.7692307692307692,Jacob Martin
1.0384615384615383,Ross Blacklock
1.3461538461538465,Jonathan Greenard
0.7916666666666666,DaQuan Jones
1.25,Morgan Fox
0.4166666666666667,Haason Reddick
0.7083333333333334,Brian Burns
2.0416666666666665,Derrick Brown
1.2307692307692308,DaQuan Jones
0.8461538461538461,Juston Burris
0.5384615384615384,Haason Reddick
2.0,Derrick Brown
1.7272727272727273,DaQuan Jones
0.7272727272727273,Haason Reddick
0.4545454545454545,Brian Burns
1.4545454545454546,Derrick Brown
1.3125,Morgan Fox
0.75,Haason Reddick
0.6875,Brian Burns
1.0,Derrick Brown
1.0,Bravvion Roy
1.8461538461538465,DaQuan Jones
1.0,Marquis Haynes
1.6538461538461535,Frankie Luvu
1.8461538461538465,Derrick Brown
0.8846153846153846,Shaq Thompson
1.1153846153846154,Morgan Fox
0.8461538461538461,Haason Reddick
1.0384615384615383,Frankie Luvu
0.8846153846153846,Brian Burns
1.1153846153846154,Darryl Johnson
2.3076923076923075,Maliek Collins
1.6153846153846154,Jacob Martin
0.6153846153846154,Jonathan Greenard
0.9230769230769232,Roy Lopez
1.4230769230769231,Maliek Collins
0.8461538461538461,Jacob Martin
1.5,Jonathan Greenard
1.0769230769230769,Roy Lopez
1.0,Whitney Mercilus
1.0,DeMarcus Walker
1.0,Jaleel Johnson
2.0,Ross Blacklock
0.1904761904761904,Morgan Fox
1.0,Haason Reddick
0.9523809523809524,Frankie Luvu
1.0952380952380951,Brian Burns
1.761904761904762,Darryl Johnson
1.0,Whitney Mercilus
1.4545454545454546,DeMarcus Walker
1.0,Jaleel Johnson
1.4545454545454546,Charles Omenihu
1.1578947368421053,Maliek Collins
0.3684210526315789,DeMarcus Walker
1.631578947368421,Zach Cunningham
1.0,Desmond King
0.9473684210526316,Charles Omenihu
2.1538461538461537,Maliek Collins
1.1538461538461535,Jaleel Johnson
1.0,Jacob Martin
0.6923076923076923,Jonathan Greenard
1.0,Maliek Collins
0.5714285714285714,Zach Cunningham
1.2857142857142858,Jaleel Johnson
1.5714285714285714,Jacob Martin
0.0,Jonathan Greenard
1.5555555555555556,Maliek Collins
0.7777777777777778,Jacob Martin
1.2222222222222223,Ross Blacklock
0.9444444444444444,Jonathan Greenard
1.0952380952380951,DaQuan Jones
1.0,Haason Reddick
0.8571428571428571,Brian Burns
1.8095238095238095,Derrick Brown
1.0,DaQuan Jones
0.7777777777777778,Haason Reddick
0.9444444444444444,Brian Burns
1.7777777777777777,Derrick Brown
1.0,Haason Reddick
1.3846153846153846,Brian Burns
1.1153846153846154,Derrick Brown
2.0,Bravvion Roy
1.0,Shaq Thompson
1.0,Morgan Fox
0.5833333333333334,Haason Reddick
0.0,Brian Burns
1.4166666666666667,Derrick Brown
1.3333333333333333,Morgan Fox
0.4,Haason Reddick
0.6666666666666666,Brian Burns
2.1333333333333333,Derrick Brown
1.4230769230769231,DaQuan Jones
1.5384615384615383,Morgan Fox
0.0,Haason Reddick
1.3846153846153846,Jermaine Carter
0.8846153846153846,Jeremy Chinn
1.1153846153846154,Shaq Thompson
1.8846153846153848,Morgan Fox
0.3846153846153846,Haason Reddick
0.7307692307692307,Frankie Luvu
0.8846153846153846,Brian Burns
1.1153846153846154,Darryl Johnson
1.181818181818182,Whitney Mercilus
0.0,Desmond King
1.4545454545454546,Charles Omenihu
1.5454545454545454,Ross Blacklock
0.8181818181818182,Roy Lopez
1.5769230769230769,Maliek Collins
1.3846153846153846,Jaleel Johnson
1.4230769230769231,Jacob Martin
2.0384615384615383,Jonathan Greenard
1.4230769230769231,Maliek Collins
1.5,DeMarcus Walker
1.3846153846153846,Jacob Martin
0.8076923076923077,Jonathan Greenard
1.5769230769230769,Christian Kirksey
1.4230769230769231,Maliek Collins
0.6923076923076923,Jaleel Johnson
2.076923076923077,Jacob Martin
1.0,Charles Omenihu
1.9444444444444444,DaQuan Jones
1.1666666666666667,Morgan Fox
0.8888888888888888,Haason Reddick
0.7777777777777778,Brian Burns
1.0,DaQuan Jones
0.7692307692307693,Shaq Thompson
1.9615384615384617,Morgan Fox
0.6538461538461539,Haason Reddick
0.9230769230769232,Jermaine Carter
0.0,Brian Burns
0.7692307692307693,DaQuan Jones
0.7692307692307693,Morgan Fox
1.3461538461538465,Haason Reddick
1.7692307692307692,Brian Burns
1.2692307692307692,Morgan Fox
0.6538461538461539,Haason Reddick
0.8846153846153846,Jermaine Carter
1.1153846153846154,Brian Burns
1.0,Derrick Brown
1.4666666666666666,Jonathan Allen
2.066666666666667,Daron Payne
0.5333333333333333,Montez Sweat
0.8666666666666667,Chase Young
1.5769230769230769,Jonathan Allen
1.0,Daron Payne
1.1923076923076923,Montez Sweat
1.0,Chase Young
2.0,Jonathan Allen
1.0,Daron Payne
1.0,Montez Sweat
1.0,Chase Young
1.7857142857142858,Jonathan Allen
1.2142857142857142,Daron Payne
0.7142857142857143,Chase Young
0.6428571428571429,James Smith-Williams
1.4782608695652173,Jonathan Allen
1.0869565217391304,Daron Payne
0.9130434782608696,Chase Young
1.1304347826086956,James Smith-Williams
0.68,Kendall Fuller
1.32,Jonathan Allen
1.32,Tim Settle
1.92,Montez Sweat
1.24,James Smith-Williams
1.0,Jerry Hughes
1.875,Star Lotulelei
1.5416666666666667,Ed Oliver
0.375,Gregory Rousseau
1.2222222222222223,Jonathan Allen
1.7777777777777777,Daron Payne
1.0,Montez Sweat
0.9444444444444444,Chase Young
1.7826086956521738,Jonathan Allen
1.1304347826086956,Daron Payne
0.9130434782608696,Montez Sweat
0.4782608695652174,Chase Young
2.0,Jonathan Allen
1.1923076923076923,Daron Payne
0.8846153846153846,Montez Sweat
0.8076923076923077,Chase Young
1.0,Daron Payne
1.5,Tim Settle
1.0,James Smith-Williams
1.0,Casey Toohill
1.1923076923076923,Daron Payne
1.4615384615384617,Tim Settle
0.8076923076923077,James Smith-Williams
1.4615384615384617,Casey Toohill
0.8260869565217391,Jerry Hughes
1.9130434782608696,Star Lotulelei
1.0869565217391304,Ed Oliver
0.8695652173913043,Gregory Rousseau
1.0,Jerry Hughes
1.5,Star Lotulelei
1.0769230769230769,Ed Oliver
0.3846153846153846,Gregory Rousseau
1.0,Jonathan Allen
1.411764705882353,Daron Payne
1.588235294117647,Chase Young
1.0,James Smith-Williams
1.4615384615384617,Jonathan Allen
1.3076923076923077,Daron Payne
0.6923076923076923,Chase Young
1.0,James Smith-Williams
1.6923076923076923,Jonathan Allen
1.0,Daron Payne
1.0384615384615383,Montez Sweat
1.0,Chase Young
1.0769230769230769,Mario Addison
0.6538461538461539,Jordan Poyer
1.4615384615384617,Vernon Butler
2.1538461538461537,Justin Zimmer
0.0,Tremaine Edmunds
1.0,A.J. Epenesa
0.0384615384615384,Mario Addison
1.3846153846153846,Vernon Butler
1.1923076923076923,Justin Zimmer
0.8076923076923077,A.J. Epenesa
1.7307692307692308,Jonathan Allen
1.4230769230769231,Daron Payne
1.0,Montez Sweat
0.5769230769230769,Chase Young
1.6666666666666667,Jonathan Allen
1.8888888888888888,Daron Payne
0.5555555555555556,Montez Sweat
0.7222222222222222,Chase Young
0.8636363636363636,Jerry Hughes
1.318181818181818,Star Lotulelei
1.681818181818182,Ed Oliver
0.7727272727272727,Gregory Rousseau
0.7692307692307693,Mario Addison
1.7307692307692308,Vernon Butler
1.2307692307692308,Justin Zimmer
1.2692307692307692,A.J. Epenesa
2.0,Jonathan Allen
1.0,Tim Settle
1.0,Montez Sweat
1.0,Chase Young
0.0,Kendall Fuller
1.6923076923076923,Jonathan Allen
1.2307692307692308,Tim Settle
1.7692307692307692,Montez Sweat
0.2307692307692307,Chase Young
1.2272727272727273,Jonathan Allen
1.7272727272727273,Daron Payne
0.7727272727272727,Montez Sweat
0.6363636363636364,Chase Young
1.0,Mario Addison
2.0384615384615383,Star Lotulelei
1.1923076923076923,Justin Zimmer
2.1153846153846154,Gregory Rousseau
0.875,Jerry Hughes
0.7916666666666666,Mario Addison
1.3333333333333333,Justin Zimmer
1.0416666666666667,Ed Oliver
0.6818181818181818,Jon Bostic
1.0,Jonathan Allen
1.0909090909090908,Daron Payne
1.318181818181818,Montez Sweat
1.318181818181818,Chase Young
1.0,Jonathan Allen
1.8846153846153848,Daron Payne
0.6923076923076923,Montez Sweat
0.8461538461538461,Chase Young
0.0,Jerry Hughes
0.0714285714285714,Mario Addison
2.0,Star Lotulelei
1.9285714285714288,Ed Oliver
1.681818181818182,Jerry Hughes
0.8181818181818182,Mario Addison
1.0909090909090908,Star Lotulelei
1.181818181818182,Ed Oliver
0.75,Jerry Hughes
0.4583333333333333,Mario Addison
1.7916666666666667,Justin Zimmer
1.5416666666666667,Ed Oliver
2.0,Jonathan Allen
1.56,Daron Payne
1.0,Montez Sweat
0.44,Chase Young
0.6153846153846154,Jonathan Allen
1.8846153846153848,Daron Payne
1.9615384615384617,Montez Sweat
0.8846153846153846,Chase Young
2.0,Jonathan Allen
1.625,Daron Payne
0.6666666666666666,Montez Sweat
0.375,Chase Young
1.7272727272727273,Jonathan Allen
1.0909090909090908,Daron Payne
0.5454545454545454,Montez Sweat
0.9090909090909092,Chase Young
1.6923076923076923,Mario Addison
1.2307692307692308,Vernon Butler
1.2692307692307692,Justin Zimmer
0.5769230769230769,A.J. Epenesa
1.2272727272727273,Jonathan Allen
0.9545454545454546,Daron Payne
1.0454545454545454,Tim Settle
1.0909090909090908,Montez Sweat
0.7272727272727273,Chase Young
1.75,Jonathan Allen
1.9166666666666667,Daron Payne
1.0,Tim Settle
0.25,Montez Sweat
0.25,Chase Young
1.875,Jonathan Allen
1.125,Daron Payne
0.8125,Tim Settle
0.125,Montez Sweat
0.875,Chase Young
1.238095238095238,Tim Settle
1.0952380952380951,Daniel Wise
1.0,James Smith-Williams
0.9047619047619048,Casey Toohill
1.0,Daron Payne
2.0555555555555554,Tim Settle
1.1666666666666667,Cole Holcomb
0.0,Kamren Curl
0.0555555555555555,James Smith-Williams
1.4285714285714286,Daron Payne
1.238095238095238,Tim Settle
1.0,Chase Young
0.6666666666666666,Casey Toohill
1.4583333333333333,Jonathan Allen
1.4583333333333333,Daniel Wise
0.875,Chase Young
1.0,Casey Toohill
0.8461538461538461,Jerry Hughes
0.5769230769230769,Mario Addison
1.0,Justin Zimmer
1.6923076923076923,Ed Oliver
2.0,Jonathan Allen
1.4230769230769231,Daron Payne
1.0,Montez Sweat
1.2307692307692308,Chase Young
1.0,Jonathan Allen
1.6363636363636365,Daron Payne
1.0,Montez Sweat
1.0,Chase Young
1.4615384615384617,Star Lotulelei
1.5384615384615383,Vernon Butler
1.0,A.J. Epenesa
0.4615384615384615,Gregory Rousseau
0.75,Jerry Hughes
1.1,Mario Addison
1.1,Star Lotulelei
1.3,Vernon Butler
1.6923076923076923,Jonathan Allen
0.7692307692307693,Daron Payne
1.3846153846153846,Montez Sweat
0.8461538461538461,Cole Holcomb
1.0,Chase Young
2.3461538461538463,Jonathan Allen
1.0,Daron Payne
0.6538461538461539,Montez Sweat
1.0,Chase Young
1.5384615384615383,Justin Zimmer
0.7692307692307693,Ed Oliver
1.0,A.J. Epenesa
1.0,Gregory Rousseau
1.5238095238095235,Justin Zimmer
0.8095238095238095,Ed Oliver
1.0,A.J. Epenesa
1.0,Gregory Rousseau
1.826086956521739,Justin Zimmer
1.0,Ed Oliver
0.7391304347826086,A.J. Epenesa
1.0,Gregory Rousseau
1.5,Justin Zimmer
0.0,Tremaine Edmunds
1.25,Ed Oliver
1.0,A.J. Epenesa
0.75,Gregory Rousseau
0.8076923076923077,Jerry Hughes
1.6538461538461535,Mario Addison
1.2307692307692308,Star Lotulelei
1.1923076923076923,Vernon Butler
1.1333333333333333,Daron Payne
1.0,Tim Settle
1.0,Montez Sweat
1.8666666666666667,Chase Young
0.9615384615384616,Daron Payne
1.0384615384615383,Tim Settle
2.0,Montez Sweat
1.0,Chase Young
1.7647058823529411,Jerry Hughes
0.9411764705882352,Mario Addison
1.6470588235294117,Star Lotulelei
0.5882352941176471,Vernon Butler
1.0714285714285714,Justin Zimmer
1.3571428571428572,Ed Oliver
1.3571428571428572,A.J. Epenesa
0.9285714285714286,Gregory Rousseau
1.5,Justin Zimmer
1.3461538461538465,Ed Oliver
1.2307692307692308,A.J. Epenesa
0.6538461538461539,Gregory Rousseau
1.3076923076923077,Justin Zimmer
1.4230769230769231,Ed Oliver
1.0384615384615383,A.J. Epenesa
1.0,Gregory Rousseau
1.0555555555555556,Justin Zimmer
2.111111111111111,Ed Oliver
0.8333333333333334,A.J. Epenesa
0.9444444444444444,Gregory Rousseau
1.75,Jonathan Allen
0.9166666666666666,Daron Payne
0.0,Chase Young
1.0833333333333333,James Smith-Williams
1.8846153846153848,Jonathan Allen
1.3076923076923077,Daron Payne
1.2692307692307692,Chase Young
1.0384615384615383,James Smith-Williams
1.0,Akiem Hicks
1.0,Khalil Mack
1.0,Bilal Nichols
2.0,Khyiris Tonga
0.9615384615384616,Robert Quinn
1.4230769230769231,Akiem Hicks
0.2692307692307692,Khalil Mack
1.3461538461538465,Roquan Smith
0.9615384615384616,Bilal Nichols
1.75,Akiem Hicks
0.0,Khalil Mack
1.0,Bilal Nichols
1.625,Khyiris Tonga
0.8461538461538461,Robert Quinn
2.0,Akiem Hicks
1.4230769230769231,Khalil Mack
0.5384615384615384,Bilal Nichols
0.9583333333333334,Robert Quinn
1.3333333333333333,Khalil Mack
1.1666666666666667,Angelo Blackson
1.6666666666666667,Bilal Nichols
0.0,Robert Quinn
2.52,Khalil Mack
1.0,Angelo Blackson
1.0,Bilal Nichols
1.1923076923076923,Malik Jackson
0.8076923076923077,Jadeveon Clowney
0.8461538461538461,Myles Garrett
1.8461538461538465,Malik McDowell
0.9473684210526316,Robert Quinn
1.5263157894736843,Akiem Hicks
1.4736842105263157,Jeremiah Attaochu
1.0526315789473684,Bilal Nichols
1.6153846153846154,Akiem Hicks
1.5384615384615383,Khalil Mack
1.4615384615384617,Bilal Nichols
0.3846153846153846,Trevis Gipson
1.6470588235294117,Akiem Hicks
1.0,Khalil Mack
2.0,Bilal Nichols
0.3529411764705882,Trevis Gipson
1.9230769230769231,Akiem Hicks
0.0,Khalil Mack
0.6538461538461539,Jeremiah Attaochu
0.1923076923076923,Bilal Nichols
1.4230769230769231,Khyiris Tonga
1.4230769230769231,Malik Jackson
1.0,Jadeveon Clowney
0.8846153846153846,Myles Garrett
1.0,Malik McDowell
1.8,Malik Jackson
1.5333333333333334,Jadeveon Clowney
0.6666666666666666,Myles Garrett
0.5333333333333333,Takkarist McKinley
1.0769230769230769,Jeremiah Attaochu
1.1538461538461535,Mario Edwards
1.1923076923076923,Angelo Blackson
1.0,Khyiris Tonga
1.3333333333333333,Akiem Hicks
1.4285714285714286,Jeremiah Attaochu
2.0,Bilal Nichols
0.3809523809523809,Trevis Gipson
2.0,Robert Quinn
0.8076923076923077,Jeremiah Attaochu
1.8076923076923077,Bilal Nichols
1.0,Myles Garrett
1.6153846153846154,Takkarist McKinley
1.3846153846153846,Malik McDowell
1.9230769230769231,Jordan Elliott
0.0,Jeremiah Owusu-Koramoah
1.0769230769230769,Malik Jackson
2.1538461538461537,Jadeveon Clowney
0.9230769230769232,Myles Garrett
0.5384615384615384,Takkarist McKinley
0.9411764705882352,Robert Quinn
0.1764705882352941,Alec Ogletree
1.588235294117647,Angelo Blackson
1.0,Bilal Nichols
1.1764705882352942,Khyiris Tonga
0.8846153846153846,Robert Quinn
1.0769230769230769,Jeremiah Attaochu
1.1923076923076923,Angelo Blackson
1.5,Bilal Nichols
1.6538461538461535,Robert Quinn
1.3076923076923077,Akiem Hicks
1.8846153846153848,Bilal Nichols
1.7692307692307692,Trevis Gipson
0.8846153846153846,Robert Quinn
0.8076923076923077,Jeremiah Attaochu
1.1153846153846154,Mario Edwards
1.4615384615384617,Bilal Nichols
1.3461538461538465,Malik Jackson
0.6923076923076923,Jadeveon Clowney
1.3461538461538465,Myles Garrett
0.8461538461538461,Takkarist McKinley
1.4,Akiem Hicks
0.65,Jeremiah Attaochu
1.85,Mario Edwards
0.6,Roquan Smith
1.0,Bilal Nichols
1.0,Robert Quinn
1.55,Akiem Hicks
0.8,Jeremiah Attaochu
1.45,Mario Edwards
0.6428571428571429,Robert Quinn
1.1428571428571428,Angelo Blackson
2.142857142857143,Bilal Nichols
0.8571428571428571,Trevis Gipson
0.5294117647058824,Robert Quinn
1.2941176470588236,Angelo Blackson
2.3529411764705883,Bilal Nichols
0.7058823529411765,Trevis Gipson
2.1538461538461537,Angelo Blackson
0.4615384615384615,DeAndre Houston-Carson
2.076923076923077,Bilal Nichols
0.0,Trevis Gipson
1.0555555555555556,Robert Quinn
1.0,Jeremiah Attaochu
0.8888888888888888,Angelo Blackson
1.4444444444444444,Bilal Nichols
1.5714285714285714,Malik Jackson
0.4285714285714285,Jadeveon Clowney
1.6428571428571428,Myles Garrett
1.3571428571428572,Malik McDowell
1.0,Malik Jackson
1.2352941176470589,Jadeveon Clowney
1.0,Myles Garrett
1.0,Malik McDowell
0.7647058823529411,Jeremiah Owusu-Koramoah
1.3076923076923077,Malik Jackson
1.3461538461538465,Jadeveon Clowney
1.6923076923076923,Myles Garrett
0.8461538461538461,Takkarist McKinley
1.0,Robert Quinn
1.4782608695652173,Akiem Hicks
0.8260869565217391,Khalil Mack
1.0,Bilal Nichols
1.1304347826086956,Robert Quinn
1.9565217391304348,Akiem Hicks
0.1739130434782608,Alec Ogletree
0.6521739130434783,Khalil Mack
0.4347826086956521,Roquan Smith
0.9130434782608696,Bilal Nichols
1.0,Robert Quinn
1.0,Akiem Hicks
1.0,Khalil Mack
2.0,Bilal Nichols
0.4615384615384615,Robert Quinn
1.6923076923076923,Akiem Hicks
1.5384615384615383,Khalil Mack
1.3461538461538465,Bilal Nichols
0.8846153846153846,Malcolm Smith
1.5384615384615383,Malik Jackson
0.6923076923076923,Jadeveon Clowney
1.0,Myles Garrett
0.5384615384615384,Takkarist McKinley
0.6923076923076923,Robert Quinn
1.6538461538461535,Khalil Mack
0.7692307692307693,Mario Edwards
1.2692307692307692,Angelo Blackson
0.0,Myles Garrett
1.7307692307692308,Takkarist McKinley
1.0,Malik McDowell
2.230769230769231,Jordan Elliott
1.7142857142857142,Malcolm Smith
2.0,Malik Jackson
0.2857142857142857,Jadeveon Clowney
0.0,Troy Hill
1.2857142857142858,Myles Garrett
1.5714285714285714,Malik Jackson
0.9047619047619048,Jadeveon Clowney
1.0,Takkarist McKinley
1.35,Malik Jackson
0.7,Jadeveon Clowney
0.85,Myles Garrett
0.8,Takkarist McKinley
1.5,Robert Quinn
1.4375,Akiem Hicks
0.4375,Khalil Mack
1.0,Bilal Nichols
1.0625,Khyiris Tonga
0.88,Robert Quinn
1.32,Akiem Hicks
1.28,Khalil Mack
1.04,Bilal Nichols
2.0,Malik Jackson
1.8823529411764703,Jadeveon Clowney
0.8823529411764706,Myles Garrett
0.8823529411764706,Malik McDowell
1.0,Malik Jackson
0.7333333333333333,Jadeveon Clowney
0.8,Myles Garrett
1.9333333333333331,Malik McDowell
1.0666666666666669,Malik Jackson
1.0,Jadeveon Clowney
1.2666666666666666,Myles Garrett
0.8666666666666667,Takkarist McKinley
1.1923076923076923,Akiem Hicks
1.7307692307692308,Angelo Blackson
0.8461538461538461,Bilal Nichols
1.0384615384615383,Khyiris Tonga
0.8125,Takkarist McKinley
1.75,Malik McDowell
0.875,Joe Jackson
1.125,Jordan Elliott
1.3636363636363635,Malik Jackson
1.0909090909090908,Jadeveon Clowney
0.5909090909090909,Myles Garrett
1.0909090909090908,Takkarist McKinley
0.1818181818181818,Jeremiah Owusu-Koramoah
1.4615384615384617,Malik Jackson
1.3846153846153846,Jadeveon Clowney
0.8846153846153846,Myles Garrett
1.0,Malik McDowell
1.0454545454545454,Malik Jackson
1.4090909090909092,Jadeveon Clowney
1.4545454545454546,Myles Garrett
1.181818181818182,Takkarist McKinley
1.3846153846153846,Malik Jackson
0.8846153846153846,Jadeveon Clowney
0.8461538461538461,Myles Garrett
1.2692307692307692,Malik McDowell
1.1538461538461535,Elijah Lee
1.3846153846153846,Calais Campbell
1.5769230769230769,Justin Ellis
2.0384615384615383,Broderick Washington
0.9615384615384616,Odafe Oweh
1.2857142857142858,Justin Ellis
0.7857142857142857,Tyus Bowser
1.0,Reginald McKenzie
1.2142857142857142,Broderick Washington
0.7142857142857143,Odafe Oweh
0.8947368421052632,Calais Campbell
1.0,Tyus Bowser
0.5263157894736842,Chuck Clark
0.0,Patrick Queen
1.368421052631579,Odafe Oweh
1.4210526315789471,Daelin Hayes
1.2142857142857142,Michael Brockers
1.5714285714285714,Nicholas Williams
0.7857142857142857,Charles Harris
1.4285714285714286,Alim McNeill
0.9230769230769232,Calais Campbell
1.9615384615384617,Tyus Bowser
0.0,Chuck Clark
0.0,DeShon Elliott
2.4615384615384617,Odafe Oweh
1.761904761904762,Michael Brockers
1.4285714285714286,Nicholas Williams
0.8095238095238095,Charles Harris
1.1904761904761905,Alim McNeill
2.0,Michael Brockers
1.2692307692307692,Nicholas Williams
1.5769230769230769,Romeo Okwara
1.9615384615384617,Alim McNeill
2.0384615384615383,Calais Campbell
0.7307692307692307,Tyus Bowser
1.6153846153846154,Odafe Oweh
1.0384615384615383,Daelin Hayes
1.1538461538461535,Michael Brockers
1.6538461538461535,Nicholas Williams
0.6923076923076923,Charles Harris
1.9230769230769231,John Penisini
1.6153846153846154,Michael Brockers
1.0,Nicholas Williams
1.0,Romeo Okwara
1.0,Charles Harris
0.0,A.J. Parker
1.0588235294117647,Nicholas Williams
0.9411764705882352,Romeo Okwara
0.9411764705882352,Charles Harris
1.7647058823529411,Levi Onwuzurike
1.2307692307692308,Nicholas Williams
0.9230769230769232,Romeo Okwara
0.9230769230769232,Charles Harris
1.0,Julian Okwara
1.2692307692307692,Pernell McPhee
1.9615384615384617,Justin Ellis
0.7692307692307693,Tyus Bowser
1.3076923076923077,Reginald McKenzie
1.1923076923076923,Broderick Washington
2.0,Calais Campbell
1.0,Tyus Bowser
0.8846153846153846,Odafe Oweh
0.9230769230769232,Daelin Hayes
1.5,Michael Brockers
0.9615384615384616,Austin Bryant
1.7692307692307692,Levi Onwuzurike
1.6153846153846154,Alim McNeill
1.0,Michael Brockers
1.12,Romeo Okwara
1.0,Austin Bryant
2.32,Levi Onwuzurike
1.1923076923076923,Michael Brockers
0.7307692307692307,Romeo Okwara
1.0,Austin Bryant
2.076923076923077,Levi Onwuzurike
1.4666666666666666,Justin Ellis
1.3333333333333333,Tyus Bowser
1.0666666666666669,Broderick Washington
0.9333333333333332,Odafe Oweh
1.1538461538461535,Calais Campbell
0.8461538461538461,Pernell McPhee
1.1538461538461535,Justin Ellis
0.8846153846153846,Patrick Queen
2.0,Broderick Washington
2.076923076923077,Calais Campbell
1.0,Pernell McPhee
0.0,Tavon Young
1.5384615384615383,Odafe Oweh
2.0,Michael Brockers
1.0,Nicholas Williams
1.0,Romeo Okwara
1.5,John Penisini
1.0769230769230769,Michael Brockers
1.5,Nicholas Williams
1.3846153846153846,Romeo Okwara
0.9230769230769232,Austin Bryant
1.8846153846153848,Michael Brockers
1.0769230769230769,Nicholas Williams
0.9230769230769232,Romeo Okwara
0.7307692307692307,Charles Harris
1.3076923076923077,Michael Brockers
0.8846153846153846,Romeo Okwara
1.2692307692307692,Charles Harris
1.0,Julian Okwara
1.1875,Calais Campbell
1.625,Pernell McPhee
1.3125,Justin Ellis
0.8125,Odafe Oweh
1.9333333333333331,Calais Campbell
0.8666666666666667,Pernell McPhee
1.2,Odafe Oweh
1.2083333333333333,Michael Brockers
1.8333333333333333,Nicholas Williams
0.875,Romeo Okwara
1.0,Charles Harris
1.2307692307692308,Michael Brockers
1.8846153846153848,Nicholas Williams
0.7307692307692307,Romeo Okwara
0.9615384615384616,Charles Harris
1.5769230769230769,Michael Brockers
1.4230769230769231,Nicholas Williams
0.8076923076923077,Charles Harris
0.6923076923076923,Jalen Reeves-Maybin
1.1153846153846154,Michael Brockers
1.5,Nicholas Williams
1.2692307692307692,Romeo Okwara
0.8846153846153846,Charles Harris
0.8260869565217391,Calais Campbell
1.3043478260869563,Pernell McPhee
1.0869565217391304,Tyus Bowser
1.3478260869565215,Odafe Oweh
1.3461538461538465,Calais Campbell
1.5769230769230769,Pernell McPhee
1.1538461538461535,Tyus Bowser
1.2692307692307692,Odafe Oweh
1.7692307692307692,Calais Campbell
1.0769230769230769,Pernell McPhee
0.8461538461538461,Tyus Bowser
1.8461538461538465,Odafe Oweh
1.5384615384615383,Michael Brockers
1.7307692307692308,Nicholas Williams
0.7307692307692307,Romeo Okwara
1.0,Charles Harris
1.7272727272727273,Michael Brockers
1.0,Romeo Okwara
1.0,Levi Onwuzurike
1.2272727272727273,Alim McNeill
2.0,Michael Brockers
0.8076923076923077,Romeo Okwara
1.0,Charles Harris
1.1923076923076923,Julian Okwara
0.0,A.J. Parker
1.0,Calais Campbell
1.0,Pernell McPhee
1.5454545454545454,Justin Ellis
0.8636363636363636,Odafe Oweh
1.1428571428571428,Calais Campbell
1.0,Pernell McPhee
1.8571428571428572,Josh Bynes
1.0,Odafe Oweh
2.0,Calais Campbell
0.5833333333333334,Josh Bynes
1.0833333333333333,Justin Ellis
0.4583333333333333,DeShon Elliott
1.375,Odafe Oweh
0.9583333333333334,Pernell McPhee
1.8333333333333333,Justin Ellis
1.0,Broderick Washington
0.8333333333333334,Kristian Welch
1.3888888888888888,Pernell McPhee
1.2222222222222223,Reginald McKenzie
1.1666666666666667,Broderick Washington
0.8333333333333334,Odafe Oweh
1.96,Michael Brockers
1.44,Nicholas Williams
0.6,Romeo Okwara
1.32,Charles Harris
1.0769230769230769,Michael Brockers
2.1153846153846154,Nicholas Williams
0.9230769230769232,Romeo Okwara
0.9230769230769232,Charles Harris
1.2272727272727273,Romeo Okwara
0.0454545454545454,Will Harris
1.0454545454545454,Austin Bryant
1.181818181818182,John Penisini
1.2727272727272727,Levi Onwuzurike
0.5,A.J. Parker
1.4285714285714286,Michael Brockers
0.9523809523809524,Romeo Okwara
1.4761904761904765,Austin Bryant
1.0476190476190477,Levi Onwuzurike
1.2692307692307692,Michael Brockers
0.6923076923076923,Romeo Okwara
1.6538461538461535,Charles Harris
1.0,Julian Okwara
1.3846153846153846,Calais Campbell
1.8076923076923077,Pernell McPhee
0.7307692307692307,Justin Ellis
1.5769230769230769,Odafe Oweh
1.9444444444444444,Calais Campbell
0.8333333333333334,Pernell McPhee
0.0,Tavon Young
0.7777777777777778,Patrick Queen
1.3333333333333333,Odafe Oweh
1.8571428571428572,Calais Campbell
0.1428571428571428,Pernell McPhee
1.0,Justin Ellis
1.9285714285714288,Broderick Washington
2.0,Michael Brockers
1.3076923076923077,Nicholas Williams
1.1153846153846154,Alim McNeill
1.6153846153846154,Michael Brockers
1.5384615384615383,Nicholas Williams
0.8461538461538461,Romeo Okwara
1.0,Charles Harris
0.0,Alex Anzalone
1.0,Nicholas Williams
0.8076923076923077,Romeo Okwara
1.0,Charles Harris
1.0,Alex Anzalone
1.1923076923076923,Julian Okwara
1.1363636363636365,Calais Campbell
1.4090909090909092,Justin Ellis
0.4090909090909091,Chuck Clark
1.2727272727272727,Broderick Washington
0.8636363636363636,Odafe Oweh
1.6153846153846154,Nicholas Williams
0.8846153846153846,Romeo Okwara
1.2307692307692308,Charles Harris
1.6153846153846154,Julian Okwara
1.0,Nicholas Williams
0.6363636363636364,Romeo Okwara
1.3636363636363635,Charles Harris
1.3636363636363635,Julian Okwara
1.0,Nicholas Williams
0.6538461538461539,Romeo Okwara
1.8076923076923077,Charles Harris
1.3461538461538465,Julian Okwara
1.1153846153846154,Nicholas Williams
1.8076923076923077,Romeo Okwara
1.6923076923076923,Austin Bryant
2.2142857142857144,Michael Brockers
1.411764705882353,J.J. Watt
0.6470588235294118,Chandler Jones
1.3529411764705883,Zach Allen
1.5294117647058822,Rashard Lawrence
1.7727272727272727,J.J. Watt
1.0,Chandler Jones
1.0454545454545454,Markus Golden
1.125,Malcom Brown
1.9375,Adam Gotsis
0.75,Josh Allen
1.0,Davon Hamilton
1.0,Malcom Brown
0.8421052631578947,Myles Jack
2.0,Adam Gotsis
1.1578947368421053,Dawuane Smoot
1.1538461538461535,J.J. Watt
0.7307692307692307,Chandler Jones
1.6923076923076923,Markus Golden
2.0,Malcom Brown
1.15,Adam Gotsis
0.95,Dawuane Smoot
0.8,Josh Allen
1.5833333333333333,Malcom Brown
0.4166666666666667,Damien Wilson
1.0,Adam Gotsis
1.0,Dawuane Smoot
1.0,Josh Allen
1.5,Malcom Brown
0.7777777777777778,Myles Jack
1.1666666666666667,Adam Gotsis
1.0,Dawuane Smoot
0.8333333333333334,Chandler Jones
1.625,Michael Dogbe
1.875,Leki Fotu
1.25,Rashard Lawrence
1.0,J.J. Watt
1.0,Chandler Jones
0.9615384615384616,Markus Golden
2.0,Michael Dogbe
0.7894736842105263,J.J. Watt
1.0,Chandler Jones
1.6842105263157894,Markus Golden
0.5263157894736842,Byron Murphy
0.0,Isaiah Simmons
1.3478260869565215,Malcom Brown
1.0869565217391304,Adam Gotsis
0.8260869565217391,Dawuane Smoot
1.6521739130434785,Josh Allen
1.3333333333333333,Corey Peters
2.625,J.J. Watt
0.625,Chandler Jones
0.25,Devon Kennard
1.0,J.J. Watt
0.8695652173913043,Chandler Jones
1.0,Markus Golden
1.9565217391304348,Zach Allen
1.7307692307692308,Adam Gotsis
0.7692307692307693,Dawuane Smoot
1.2307692307692308,Taven Bryan
1.2692307692307692,K'Lavon Chaisson
1.72,Jihad Ward
2.0,Dawuane Smoot
1.36,K'Lavon Chaisson
1.4615384615384617,Damien Wilson
0.9230769230769232,Myles Jack
1.5384615384615383,Jihad Ward
1.3461538461538465,Dawuane Smoot
2.1923076923076925,J.J. Watt
1.4615384615384617,Markus Golden
0.4615384615384615,Byron Murphy
0.9230769230769232,Zaven Collins
1.0769230769230769,Malcom Brown
0.9230769230769232,Jihad Ward
2.0,Adam Gotsis
2.0,Davon Hamilton
2.04,Corey Peters
1.32,J.J. Watt
1.08,Chandler Jones
0.48,Byron Murphy
1.4761904761904765,J.J. Watt
0.6666666666666666,Chandler Jones
1.380952380952381,Markus Golden
1.3333333333333333,Zach Allen
1.4615384615384617,J.J. Watt
1.0,Chandler Jones
0.5384615384615384,Markus Golden
1.8461538461538465,Zach Allen
2.0,J.J. Watt
0.5294117647058824,Chandler Jones
1.0,Markus Golden
1.0,Zach Allen
1.6,J.J. Watt
0.96,Chandler Jones
1.0,Markus Golden
0.12,Jordan Hicks
1.88,Zach Allen
0.72,Jihad Ward
1.6,Dawuane Smoot
1.68,Josh Allen
1.28,K'Lavon Chaisson
1.4230769230769231,Jihad Ward
1.3846153846153846,Dawuane Smoot
0.7307692307692307,Josh Allen
1.0,K'Lavon Chaisson
1.1666666666666667,Malcom Brown
1.8333333333333333,Adam Gotsis
0.9166666666666666,Dawuane Smoot
1.0,Josh Allen
2.0,Malcom Brown
1.0384615384615383,Adam Gotsis
0.9230769230769232,Dawuane Smoot
0.9615384615384616,K'Lavon Chaisson
1.5625,J.J. Watt
1.0,Chandler Jones
0.9375,Markus Golden
1.1875,Zach Allen
1.4230769230769231,Malcom Brown
1.0769230769230769,Dawuane Smoot
1.6538461538461535,Taven Bryan
1.5769230769230769,Josh Allen
1.625,Jihad Ward
1.5,Dawuane Smoot
1.0,Josh Allen
0.875,K'Lavon Chaisson
1.3076923076923077,Damien Wilson
1.1153846153846154,Myles Jack
1.9615384615384617,Jihad Ward
1.4615384615384617,Dawuane Smoot
0.5,Lerentee McCray
1.5,Malcom Brown
1.75,Adam Gotsis
1.25,Davon Hamilton
1.2307692307692308,Jihad Ward
1.0384615384615383,Dawuane Smoot
0.8846153846153846,Josh Allen
1.3076923076923077,K'Lavon Chaisson
1.173913043478261,Adam Gotsis
1.5217391304347827,Dawuane Smoot
0.9130434782608696,Josh Allen
1.4782608695652173,Davon Hamilton
2.1923076923076925,J.J. Watt
1.0,Chandler Jones
1.0769230769230769,Markus Golden
2.0,Malcom Brown
1.4615384615384617,Jihad Ward
1.1538461538461535,Adam Gotsis
0.8846153846153846,Josh Allen
0.8,Jihad Ward
1.2,Adam Gotsis
1.16,Josh Allen
1.4615384615384617,Jihad Ward
0.9230769230769232,Dawuane Smoot
1.1153846153846154,Josh Allen
1.4615384615384617,K'Lavon Chaisson
0.9285714285714286,Myles Jack
1.0714285714285714,Jihad Ward
1.0,Dawuane Smoot
0.0,Josh Allen
1.0,Andrew Wingard
0.9285714285714286,K'Lavon Chaisson
1.1428571428571428,J.J. Watt
0.8095238095238095,Chandler Jones
0.8095238095238095,Markus Golden
1.3333333333333333,Zach Allen
1.5769230769230769,J.J. Watt
1.2307692307692308,Chandler Jones
0.4230769230769231,Markus Golden
1.7692307692307692,Zach Allen
0.9615384615384616,J.J. Watt
1.1923076923076923,Chandler Jones
1.6923076923076923,Markus Golden
0.9230769230769232,Zach Allen
1.0,Chandler Jones
0.7222222222222222,Markus Golden
0.6111111111111112,Jordan Hicks
0.0,Byron Murphy
1.0,Leki Fotu
1.7777777777777777,Rashard Lawrence
0.8846153846153846,Chandler Jones
0.5384615384615384,Markus Golden
1.5384615384615383,Leki Fotu
1.2307692307692308,Rashard Lawrence
2.1153846153846154,Malcom Brown
1.0,Jihad Ward
1.0,Adam Gotsis
0.8846153846153846,Josh Allen
1.4615384615384617,J.J. Watt
1.0,Chandler Jones
0.5384615384615384,Markus Golden
0.8461538461538461,Jordan Hicks
1.0,Zach Allen
1.4166666666666667,J.J. Watt
0.5833333333333334,Chandler Jones
1.6666666666666667,Markus Golden
1.3333333333333333,Zach Allen
1.5294117647058822,J.J. Watt
0.4117647058823529,Chandler Jones
0.5882352941176471,Markus Golden
0.7058823529411765,Jordan Hicks
0.7647058823529411,Byron Murphy
1.588235294117647,Zach Allen
0.0,Isaiah Simmons
0.5769230769230769,Chandler Jones
1.0,Markus Golden
1.0,Leki Fotu
2.1923076923076925,Rashard Lawrence
1.1153846153846154,J.J. Watt
0.8076923076923077,Chandler Jones
0.9230769230769232,Markus Golden
1.5,J.J. Watt
1.4230769230769231,Devon Kennard
0.5,Kylie Fitts
1.2307692307692308,Zach Allen
1.0,J.J. Watt
1.2692307692307692,Chandler Jones
0.1538461538461538,Jordan Hicks
1.4230769230769231,Zach Allen
0.6538461538461539,Isaiah Simmons
1.0666666666666669,Alex Okafor
1.4,Chris Jones
1.4,Jarran Reed
0.6,Michael Danna
1.0,Linval Joseph
1.3076923076923077,Joey Bosa
1.5384615384615383,Uchenna Nwosu
1.2307692307692308,Jerry Tillery
2.0,Christian Covington
0.6538461538461539,Joey Bosa
0.6153846153846154,Uchenna Nwosu
1.3846153846153846,Jerry Tillery
2.0,Linval Joseph
0.7857142857142857,Kyler Fackrell
1.3571428571428572,Jerry Tillery
0.6428571428571429,Chris Rumph
1.1153846153846154,Christian Covington
0.6538461538461539,Joey Bosa
0.8846153846153846,Uchenna Nwosu
1.8461538461538465,Eric Banks
0.7857142857142857,Alex Okafor
0.9285714285714286,Chris Jones
1.0714285714285714,Michael Danna
2.0,Tershawn Wharton
0.92,Alex Okafor
1.36,Khalen Saunders
1.08,Tershawn Wharton
1.0,Joshua Kaindoh
1.0384615384615383,Alex Okafor
1.3076923076923077,Chris Jones
1.2307692307692308,Jarran Reed
0.7692307692307693,Michael Danna
1.0384615384615383,Linval Joseph
1.1538461538461535,Joey Bosa
1.2307692307692308,Uchenna Nwosu
1.1153846153846154,Jerry Tillery
1.1578947368421053,Christian Covington
0.7894736842105263,Kyler Fackrell
1.894736842105263,Eric Banks
0.7368421052631579,Chris Rumph
1.4230769230769231,Chris Jones
1.0,Derrick Nnadi
1.3076923076923077,Michael Danna
1.7692307692307692,Tershawn Wharton
1.2083333333333333,Chris Jones
2.0,Derrick Nnadi
1.0,Michael Danna
1.125,Tershawn Wharton
0.7142857142857143,Chris Jones
1.5714285714285714,Derrick Nnadi
0.9285714285714286,Michael Danna
1.5,Tershawn Wharton
1.0,Alex Okafor
1.4761904761904765,Jarran Reed
0.0,Ben Niemann
1.0952380952380951,Khalen Saunders
1.4285714285714286,Joshua Kaindoh
1.2666666666666666,Linval Joseph
0.8,Kyler Fackrell
1.4,Jerry Tillery
0.6,Chris Rumph
1.0,Alex Okafor
0.6666666666666666,Chris Jones
1.3333333333333333,Jarran Reed
1.8666666666666667,Khalen Saunders
1.0,Alex Okafor
1.9615384615384617,Chris Jones
1.0,Jarran Reed
1.6923076923076923,Khalen Saunders
1.0952380952380951,Alex Okafor
1.7142857142857142,Chris Jones
1.1428571428571428,Jarran Reed
0.9523809523809524,Khalen Saunders
0.0,L'Jarius Sneed
1.0769230769230769,Christian Covington
1.0,Joey Bosa
1.1153846153846154,Uchenna Nwosu
0.8076923076923077,Jerry Tillery
1.1923076923076923,Drue Tranquill
1.5384615384615383,Derrick Nnadi
1.1153846153846154,Michael Danna
1.0769230769230769,Tershawn Wharton
1.1538461538461535,Joshua Kaindoh
2.16,Derrick Nnadi
0.84,Michael Danna
1.32,Tershawn Wharton
2.28,Joshua Kaindoh
1.8571428571428572,Derrick Nnadi
0.7857142857142857,Michael Danna
1.2142857142857142,Tershawn Wharton
1.0,Joshua Kaindoh
1.2692307692307692,Derrick Nnadi
0.9615384615384616,Michael Danna
1.9615384615384617,Tershawn Wharton
1.0,Joshua Kaindoh
1.5454545454545454,Linval Joseph
0.9545454545454546,Kyler Fackrell
1.4090909090909092,Jerry Tillery
0.7272727272727273,Chris Rumph
1.2307692307692308,Linval Joseph
0.8461538461538461,Kyler Fackrell
1.9230769230769231,Jerry Tillery
0.5769230769230769,Chris Rumph
1.4230769230769231,Christian Covington
0.5,Tevaughn Campbell
1.8076923076923077,Jerry Tillery
1.4615384615384617,Chris Rumph
0.7916666666666666,Kyler Fackrell
1.2083333333333333,Joe Gaziano
2.0,Eric Banks
1.0833333333333333,Chris Rumph
0.8461538461538461,Kyler Fackrell
1.2692307692307692,Joe Gaziano
1.8461538461538465,Eric Banks
0.8076923076923077,Chris Rumph
1.1333333333333333,Christian Covington
0.5333333333333333,Joey Bosa
0.6666666666666666,Uchenna Nwosu
1.2,Kyzir White
1.2,Jerry Tillery
1.6923076923076923,Christian Covington
1.2307692307692308,Joey Bosa
0.9230769230769232,Uchenna Nwosu
1.0384615384615383,Jerry Tillery
1.8076923076923077,Christian Covington
0.8846153846153846,Joey Bosa
0.2692307692307692,Uchenna Nwosu
1.9615384615384617,Jerry Tillery
1.3461538461538465,Linval Joseph
1.0384615384615383,Joey Bosa
1.3076923076923077,Uchenna Nwosu
1.1153846153846154,Jerry Tillery
1.56,Linval Joseph
1.32,Joey Bosa
1.32,Uchenna Nwosu
1.2,Jerry Tillery
1.368421052631579,Christian Covington
0.8947368421052632,Joey Bosa
0.631578947368421,Uchenna Nwosu
1.0526315789473684,Joe Gaziano
1.434782608695652,Linval Joseph
0.8695652173913043,Kyler Fackrell
1.2173913043478262,Jerry Tillery
0.9130434782608696,Chris Rumph
1.0833333333333333,Linval Joseph
0.875,Joey Bosa
0.875,Uchenna Nwosu
1.5416666666666667,Jerry Tillery
0.5384615384615384,Alex Okafor
2.1153846153846154,Chris Jones
1.4615384615384617,Jarran Reed
1.1923076923076923,Michael Danna
1.105263157894737,Christian Covington
0.5789473684210527,Kyler Fackrell
1.0,Kyzir White
1.4210526315789471,Eric Banks
0.8421052631578947,Chris Rumph
1.0384615384615383,Christian Covington
1.1538461538461535,Joey Bosa
0.8076923076923077,Uchenna Nwosu
1.0769230769230769,Jerry Tillery
1.1538461538461535,Drue Tranquill
2.0,Christian Covington
0.5769230769230769,Joey Bosa
0.8076923076923077,Kyler Fackrell
1.4230769230769231,Jerry Tillery
2.0,Christian Covington
0.4285714285714285,Joey Bosa
0.9047619047619048,Kyler Fackrell
1.0952380952380951,Jerry Tillery
1.125,Alex Okafor
1.5833333333333333,Anthony Hitchens
0.875,Jarran Reed
1.0,Khalen Saunders
2.0,Joshua Kaindoh
0.6,Alex Okafor
1.75,Jarran Reed
1.15,Khalen Saunders
1.3,Joshua Kaindoh
0.9166666666666666,Alex Okafor
0.0,Daniel Sorensen
1.8333333333333333,Jarran Reed
1.6666666666666667,Khalen Saunders
0.0,L'Jarius Sneed
0.75,Nick Bolton
0.9047619047619048,Alex Okafor
1.8571428571428572,Chris Jones
0.9047619047619048,Michael Danna
1.0952380952380951,Tershawn Wharton
1.2173913043478262,Alex Okafor
2.0,Chris Jones
1.0434782608695652,Jarran Reed
0.9565217391304348,Michael Danna
1.0,Chris Jones
1.9444444444444444,Jarran Reed
1.0555555555555556,Derrick Nnadi
0.9444444444444444,Michael Danna
1.7058823529411764,Linval Joseph
0.7647058823529411,Joey Bosa
0.7647058823529411,Kyler Fackrell
1.2352941176470589,Jerry Tillery
2.076923076923077,Christian Covington
1.0384615384615383,Joey Bosa
0.8846153846153846,Uchenna Nwosu
2.230769230769231,Joe Gaziano
1.0,Chris Jones
1.0,Jarran Reed
2.0,Derrick Nnadi
1.0,Michael Danna
1.0,Alex Okafor
0.9615384615384616,Chris Jones
1.0384615384615383,Jarran Reed
1.6153846153846154,Derrick Nnadi
1.7692307692307692,Chris Jones
1.5769230769230769,Khalen Saunders
0.0,Michael Danna
1.4230769230769231,Tershawn Wharton
1.0769230769230769,Chris Jones
1.5769230769230769,Jarran Reed
1.0,Michael Danna
1.3461538461538465,Tershawn Wharton
2.0,Linval Joseph
0.8260869565217391,Joey Bosa
0.8695652173913043,Uchenna Nwosu
1.0869565217391304,Jerry Tillery
1.8461538461538465,Christian Covington
1.2692307692307692,Joey Bosa
0.5769230769230769,Uchenna Nwosu
1.3846153846153846,Jerry Tillery
1.0,Chris Jones
1.0,Jarran Reed
2.0,Derrick Nnadi
1.0,Michael Danna
0.9333333333333332,Chris Jones
1.0666666666666669,Jarran Reed
1.8,Derrick Nnadi
1.0,Michael Danna
0.0,Anthony Hitchens
1.0,Derrick Nnadi
2.0,Khalen Saunders
0.1666666666666666,L'Jarius Sneed
1.0,Michael Danna
0.0,Nick Bolton
1.0,Joshua Kaindoh
0.8333333333333334,Anthony Hitchens
1.0,Chris Jones
1.1666666666666667,Jarran Reed
1.1666666666666667,Khalen Saunders
0.1666666666666666,L'Jarius Sneed
0.8333333333333334,Michael Danna
0.8461538461538461,Alex Okafor
0.5384615384615384,Daniel Sorensen
1.0,Chris Jones
1.1538461538461535,Ben Niemann
0.1538461538461538,L'Jarius Sneed
0.6153846153846154,Michael Danna
1.0,Tershawn Wharton
1.0,Alex Okafor
0.2142857142857142,Anthony Hitchens
1.0,Jarran Reed
1.4285714285714286,Derrick Nnadi
0.3571428571428571,L'Jarius Sneed
1.6428571428571428,Michael Danna
0.0,Nick Bolton
0.7307692307692307,Christian Covington
1.3846153846153846,Joey Bosa
0.6153846153846154,Uchenna Nwosu
1.5,Jerry Tillery
1.6538461538461535,Christian Covington
1.6538461538461535,Joey Bosa
0.1923076923076923,Uchenna Nwosu
1.0769230769230769,Jerry Tillery
1.25,Christian Covington
0.75,Joey Bosa
1.0833333333333333,Uchenna Nwosu
2.0416666666666665,Jerry Tillery
1.24,Christian Covington
0.76,Joey Bosa
1.48,Uchenna Nwosu
1.4,Jerry Tillery
1.9615384615384617,Joey Bosa
0.7307692307692307,Uchenna Nwosu
2.1538461538461537,Jerry Tillery
1.0909090909090908,Dont'a Hightower
1.0454545454545454,Kyle Van Noy
0.9090909090909092,Deatrich Wise
0.5,Chase Winovich
1.4090909090909092,Christian Barmore
0.75,Cameron Jordan
1.25,Christian Ringo
1.1,Tanoh Kpassagnon
1.0,Malcolm Roach
0.9,Pete Werner
1.45,Malcolm Jenkins
2.3,Cameron Jordan
0.2,Tanoh Kpassagnon
2.0,Payton Turner
0.7692307692307693,Devin McCourty
0.4615384615384615,Jonathan Jones
2.0384615384615383,Deatrich Wise
1.4230769230769231,Chase Winovich
1.0,Christian Barmore
2.8461538461538463,Lawrence Guy
1.7692307692307692,Carl Davis
1.1153846153846154,Henry Anderson
1.6,Lawrence Guy
0.6,Matt Judon
0.8666666666666667,Deatrich Wise
1.4,Davon Godchaux
0.6111111111111112,Dont'a Hightower
1.2777777777777777,Deatrich Wise
1.2777777777777777,Ja'Whaun Bentley
1.6111111111111112,Christian Barmore
1.0,Cameron Jordan
2.0,Montravius Adams
0.6153846153846154,Chauncey Gardner-Johnson
1.0,Carl Granderson
1.4230769230769231,Shy Tuttle
1.3461538461538465,Cameron Jordan
1.0769230769230769,Demario Davis
1.5769230769230769,Tanoh Kpassagnon
1.3846153846153846,Payton Turner
1.0,Deatrich Wise
1.9230769230769231,Davon Godchaux
1.9615384615384617,Christian Barmore
1.5769230769230769,Lawrence Guy
1.0769230769230769,Carl Davis
2.0,Deatrich Wise
0.9615384615384616,Lawrence Guy
2.423076923076923,Carl Davis
1.4230769230769231,Matt Judon
1.6538461538461535,Deatrich Wise
1.0,Cameron Jordan
1.4705882352941178,Tanoh Kpassagnon
0.7058823529411765,Payton Turner
1.0769230769230769,Cameron Jordan
0.5769230769230769,P.J. Williams
1.7307692307692308,Tanoh Kpassagnon
1.2307692307692308,Kaden Elliss
1.0,Payton Turner
1.1923076923076923,Kyle Van Noy
1.2692307692307692,Matt Judon
0.6153846153846154,Chase Winovich
0.7692307692307693,Christian Barmore
1.0,Tanoh Kpassagnon
1.0,Montravius Adams
1.761904761904762,Shy Tuttle
1.0,Payton Turner
1.0,Cameron Jordan
1.3461538461538465,Montravius Adams
1.2692307692307692,Shy Tuttle
1.3076923076923077,Payton Turner
0.6,Malcolm Jenkins
0.8,Cameron Jordan
0.75,Demario Davis
1.45,Tanoh Kpassagnon
1.0,Kaden Elliss
1.1,Payton Turner
1.0,Cameron Jordan
0.1538461538461538,Demario Davis
1.5,Christian Ringo
0.8846153846153846,Kaden Elliss
0.9615384615384616,Carl Granderson
0.0,Zack Baun
1.1153846153846154,Malcolm Roach
0.7222222222222222,Cameron Jordan
2.0,Christian Ringo
0.6666666666666666,Carl Granderson
1.0555555555555556,Malcolm Roach
0.7307692307692307,Malcolm Jenkins
1.0769230769230769,Cameron Jordan
0.6153846153846154,Demario Davis
0.5384615384615384,P.J. Williams
1.0,Tanoh Kpassagnon
1.0,Kaden Elliss
1.4615384615384617,Payton Turner
1.0,Kyle Van Noy
1.0,Matt Judon
1.2105263157894737,Davon Godchaux
1.7894736842105263,Christian Barmore
1.1153846153846154,Cameron Jordan
1.3461538461538465,Montravius Adams
0.6538461538461539,Carl Granderson
2.0384615384615383,Shy Tuttle
1.0,Cameron Jordan
1.8461538461538465,Montravius Adams
1.0,Carl Granderson
2.0384615384615383,Shy Tuttle
0.875,Cameron Jordan
0.9583333333333334,Tanoh Kpassagnon
0.6666666666666666,Kaden Elliss
1.7083333333333333,Payton Turner
1.2307692307692308,Lawrence Guy
0.2307692307692307,Matt Judon
1.4230769230769231,Deatrich Wise
1.9230769230769231,Davon Godchaux
1.1923076923076923,Dont'a Hightower
2.0,Matt Judon
1.1923076923076923,Chase Winovich
0.1153846153846153,Kyle Dugger
1.3461538461538465,Christian Barmore
0.8461538461538461,Cameron Jordan
1.0769230769230769,Demario Davis
1.6153846153846154,Tanoh Kpassagnon
0.3846153846153846,Payton Turner
1.92,Cameron Jordan
1.56,Tanoh Kpassagnon
1.0,Payton Turner
1.0,Cameron Jordan
1.0,Demario Davis
0.7272727272727273,P.J. Williams
1.0,Kaden Elliss
0.2727272727272727,Carl Granderson
1.0,Malcolm Roach
0.65,Cameron Jordan
2.2,Christian Ringo
1.0,Tanoh Kpassagnon
1.1,Malcolm Roach
0.4666666666666667,Cameron Jordan
1.8666666666666667,Christian Ringo
0.7333333333333333,Tanoh Kpassagnon
1.1333333333333333,Malcolm Roach
1.4615384615384617,Lawrence Guy
1.3846153846153846,Kyle Van Noy
1.8846153846153848,Deatrich Wise
1.1153846153846154,Davon Godchaux
0.8333333333333334,Dont'a Hightower
0.5,Kyle Van Noy
1.125,Deatrich Wise
1.0,Chase Winovich
1.375,Christian Barmore
1.0909090909090908,Cameron Jordan
1.5,Montravius Adams
1.0,Carl Granderson
1.2272727272727273,Malcolm Roach
1.9230769230769231,Cameron Jordan
1.0769230769230769,Montravius Adams
0.7692307692307693,Chauncey Gardner-Johnson
0.5384615384615384,Carl Granderson
1.0,Malcolm Roach
2.076923076923077,Cameron Jordan
1.4615384615384617,Montravius Adams
0.4230769230769231,Carl Granderson
1.5769230769230769,Malcolm Roach
1.1904761904761905,Cameron Jordan
1.4761904761904765,Christian Ringo
1.0,Tanoh Kpassagnon
1.238095238095238,Shy Tuttle
0.1818181818181818,Demario Davis
1.1363636363636365,Montravius Adams
1.0,Carl Granderson
1.1363636363636365,Malcolm Roach
0.8181818181818182,Payton Turner
0.5454545454545454,Pete Werner
1.0,Montravius Adams
0.95,Carl Granderson
1.1,Malcolm Roach
1.9,Payton Turner
1.0,Cameron Jordan
1.2,Christian Ringo
1.0,Tanoh Kpassagnon
1.2,Shy Tuttle
1.0,Cameron Jordan
0.9,Christian Ringo
1.4,Tanoh Kpassagnon
1.65,Shy Tuttle
0.5625,Malcolm Jenkins
1.6875,Cameron Jordan
0.3125,Demario Davis
0.8125,Christian Ringo
1.4375,Tanoh Kpassagnon
1.1875,Shy Tuttle
1.2857142857142858,Cameron Jordan
1.0,Christian Ringo
1.8571428571428572,Shy Tuttle
1.0,Payton Turner
1.8076923076923077,Matt Judon
1.8846153846153848,Deatrich Wise
1.2307692307692308,Davon Godchaux
1.9615384615384617,Christian Barmore
1.0384615384615383,Kyle Van Noy
0.3076923076923077,Matt Judon
0.0,Chase Winovich
1.5,Christian Barmore
1.5384615384615383,Christian Ringo
1.6538461538461535,Tanoh Kpassagnon
1.1153846153846154,Shy Tuttle
1.3461538461538465,Payton Turner
1.3478260869565215,Christian Ringo
0.3478260869565217,Tanoh Kpassagnon
0.6956521739130435,Chauncey Gardner-Johnson
0.9565217391304348,Shy Tuttle
0.9130434782608696,Payton Turner
1.173913043478261,Cameron Jordan
1.0,Tanoh Kpassagnon
2.0,Shy Tuttle
1.6538461538461535,Cameron Jordan
1.4615384615384617,Christian Ringo
0.9615384615384616,Tanoh Kpassagnon
0.8846153846153846,Shy Tuttle
0.8461538461538461,Cameron Jordan
1.5384615384615383,Demario Davis
1.2307692307692308,Tanoh Kpassagnon
1.0,Carl Granderson
1.3846153846153846,Kyle Van Noy
0.3846153846153846,Matt Judon
0.7307692307692307,Chase Winovich
1.6153846153846154,Christian Barmore
0.9166666666666666,Cameron Jordan
1.0416666666666667,Montravius Adams
1.4166666666666667,Carl Granderson
2.0,Malcolm Roach
1.0,Cameron Jordan
1.1153846153846154,Montravius Adams
1.0,Carl Granderson
1.6538461538461535,Malcolm Roach
1.3846153846153846,Deatrich Wise
1.1153846153846154,Davon Godchaux
0.8461538461538461,Christian Barmore
0.9230769230769232,Kyle Van Noy
1.0,Matt Judon
0.0,Chase Winovich
2.5,Christian Barmore
1.0,Dont'a Hightower
0.9,Matt Judon
1.0,Deatrich Wise
1.0,Davon Godchaux
1.1,Christian Barmore
1.1923076923076923,Cameron Jordan
1.5769230769230769,Tanoh Kpassagnon
1.4230769230769231,Payton Turner
0.8333333333333334,Cameron Jordan
2.0,Tanoh Kpassagnon
0.6666666666666666,Kaden Elliss
1.0,Payton Turner
0.72,Cameron Jordan
1.24,Demario Davis
1.44,Tanoh Kpassagnon
1.56,Payton Turner
0.7692307692307693,Cameron Jordan
1.0769230769230769,Demario Davis
1.8461538461538465,Tanoh Kpassagnon
1.0,Payton Turner
0.5769230769230769,Cameron Jordan
1.4230769230769231,Demario Davis
1.4230769230769231,Tanoh Kpassagnon
1.3076923076923077,Payton Turner
1.6923076923076923,Cameron Jordan
0.3461538461538461,Demario Davis
1.3461538461538465,Carl Granderson
2.1153846153846154,Malcolm Roach
1.2692307692307692,Cameron Jordan
0.7692307692307693,Demario Davis
1.8076923076923077,Carl Granderson
1.2692307692307692,Malcolm Roach
1.2173913043478262,Cameron Jordan
1.3043478260869563,Demario Davis
1.3478260869565215,Tanoh Kpassagnon
1.608695652173913,Payton Turner
1.8076923076923077,Cameron Jordan
0.8076923076923077,Demario Davis
2.1538461538461537,Tanoh Kpassagnon
0.9230769230769232,Payton Turner
0.7619047619047619,Cameron Jordan
1.2857142857142858,Tanoh Kpassagnon
1.6666666666666667,Payton Turner
2.076923076923077,Cameron Jordan
1.1538461538461535,Tanoh Kpassagnon
1.3461538461538465,Payton Turner
0.56,Malcolm Jenkins
0.76,Cameron Jordan
0.52,Demario Davis
1.52,Tanoh Kpassagnon
1.28,Payton Turner
0.9615384615384616,Leonard Williams
2.0,Austin Johnson
1.5,Lorenzo Carter
1.7307692307692308,Dexter Lawrence
1.2,Leonard Williams
1.28,Austin Johnson
0.88,Jabrill Peppers
1.8,Dexter Lawrence
1.6923076923076923,Steven Means
0.9615384615384616,Dante Fowler
2.3076923076923075,Grady Jarrett
2.0,Tyeler Davison
1.3333333333333333,Steven Means
0.9583333333333334,Dante Fowler
1.5,Grady Jarrett
1.0833333333333333,Tyeler Davison
0.7222222222222222,Steven Means
1.0,Dante Fowler
1.2777777777777777,Grady Jarrett
1.8888888888888888,Tyeler Davison
2.0,Dante Fowler
1.7727272727272727,Grady Jarrett
2.0,Marlon Davidson
1.2727272727272727,Steven Means
1.0,Dante Fowler
1.181818181818182,Grady Jarrett
1.0,Jonathan Bullard
0.8461538461538461,Steven Means
1.0384615384615383,Dante Fowler
2.1538461538461537,Grady Jarrett
2.3333333333333335,Leonard Williams
1.0952380952380951,Danny Shelton
1.0,Austin Johnson
0.3809523809523809,Oshane Ximines
0.6666666666666666,Julian Love
1.0833333333333333,Leonard Williams
0.75,Lorenzo Carter
0.9166666666666666,Oshane Ximines
1.1666666666666667,Carter Coughlin
0.6666666666666666,Tae Crowder
2.1538461538461537,Steven Means
1.7692307692307692,Tyeler Davison
1.9615384615384617,Jonathan Bullard
1.0,Adetokunbo Ogundeji
1.8333333333333333,Tyeler Davison
1.3333333333333333,Jonathan Bullard
0.0,Isaiah Oliver
1.5,Jacob Tuioti-Mariner
0.5,Dante Fowler
1.5,Grady Jarrett
2.2222222222222223,Jacob Tuioti-Mariner
1.3333333333333333,Marlon Davidson
1.12,Danny Shelton
1.6,Dexter Lawrence
1.08,Oshane Ximines
0.88,Raymond Johnson
1.8846153846153848,Danny Shelton
0.8076923076923077,Jabrill Peppers
1.1538461538461535,Dexter Lawrence
1.1538461538461535,Raymond Johnson
1.375,Leonard Williams
0.7916666666666666,Lorenzo Carter
1.6666666666666667,Dexter Lawrence
0.9166666666666666,Oshane Ximines
1.0,Dante Fowler
1.6470588235294117,Grady Jarrett
0.0,Isaiah Oliver
2.0,Marlon Davidson
0.7692307692307693,Dante Fowler
1.0,Grady Jarrett
2.0384615384615383,Tyeler Davison
1.9615384615384617,Marlon Davidson
1.5833333333333333,Steven Means
1.0833333333333333,Grady Jarrett
1.4166666666666667,Tyeler Davison
0.9166666666666666,Adetokunbo Ogundeji
0.6923076923076923,Erik Harris
1.0,Grady Jarrett
1.8461538461538465,Deion Jones
1.1538461538461535,Foyesade Oluokun
1.1538461538461535,Marlon Davidson
1.5769230769230769,Steven Means
1.1153846153846154,Dante Fowler
1.3076923076923077,Grady Jarrett
0.7692307692307693,Mykal Walker
1.0,Leonard Williams
1.7692307692307692,Austin Johnson
1.0,Dexter Lawrence
1.0,Azeez Ojulari
1.1538461538461535,Leonard Williams
1.7692307692307692,Austin Johnson
1.6153846153846154,Dexter Lawrence
0.7307692307692307,Julian Love
2.0,Leonard Williams
0.9090909090909092,Lorenzo Carter
1.0,Carter Coughlin
1.5454545454545454,Quincy Roche
1.391304347826087,Danny Shelton
1.2173913043478262,Austin Johnson
1.0,Azeez Ojulari
0.782608695652174,Raymond Johnson
1.5,Danny Shelton
1.7222222222222223,Austin Johnson
0.5,Azeez Ojulari
1.2777777777777777,Raymond Johnson
1.1923076923076923,Lorenzo Carter
1.4615384615384617,Azeez Ojulari
2.04,Tyeler Davison
2.04,Marlon Davidson
1.24,Ta'Quon Graham
1.0,Adetokunbo Ogundeji
0.8,Steven Means
1.88,Dante Fowler
1.4,Grady Jarrett
1.16,Marlon Davidson
0.0,Logan Ryan
2.4,Leonard Williams
0.8666666666666667,Lorenzo Carter
1.1333333333333333,Dexter Lawrence
1.380952380952381,Leonard Williams
1.4285714285714286,Austin Johnson
1.9523809523809523,Dexter Lawrence
0.6190476190476191,Azeez Ojulari
1.32,Leonard Williams
0.6,Reggie Ragland
1.56,Austin Johnson
1.44,Dexter Lawrence
0.0,Azeez Ojulari
1.2777777777777777,Leonard Williams
0.6111111111111112,Reggie Ragland
1.7777777777777777,Austin Johnson
1.2777777777777777,Jabrill Peppers
1.3333333333333333,Dexter Lawrence
1.0,Azeez Ojulari
2.076923076923077,Leonard Williams
1.0,Lorenzo Carter
1.0,Dexter Lawrence
0.8461538461538461,Azeez Ojulari
1.434782608695652,Steven Means
0.8260869565217391,Dante Fowler
0.9565217391304348,Grady Jarrett
1.5217391304347827,Marlon Davidson
0.7368421052631579,Steven Means
0.7894736842105263,Dante Fowler
0.7368421052631579,Grady Jarrett
1.894736842105263,Marlon Davidson
1.0,Leonard Williams
1.4230769230769231,Danny Shelton
1.3846153846153846,Lorenzo Carter
1.0,Dexter Lawrence
1.3846153846153846,Leonard Williams
1.6153846153846154,Lorenzo Carter
1.0384615384615383,Dexter Lawrence
0.9230769230769232,Azeez Ojulari
1.434782608695652,Leonard Williams
0.782608695652174,Lorenzo Carter
1.4782608695652173,Dexter Lawrence
0.782608695652174,Azeez Ojulari
1.0434782608695652,Steven Means
1.0,Dante Fowler
2.391304347826087,Grady Jarrett
0.7391304347826086,Steven Means
1.8695652173913044,Grady Jarrett
1.2608695652173914,Tyeler Davison
0.8695652173913043,Adetokunbo Ogundeji
1.9230769230769231,Grady Jarrett
1.0769230769230769,Tyeler Davison
1.2692307692307692,Deion Jones
0.0,Jacob Tuioti-Mariner
1.1538461538461535,Adetokunbo Ogundeji
1.0,Steven Means
0.7307692307692307,Dante Fowler
1.3076923076923077,Grady Jarrett
1.5769230769230769,Ta'Quon Graham
1.5,Leonard Williams
1.6538461538461535,Austin Johnson
0.4230769230769231,Jabrill Peppers
1.0,Lorenzo Carter
1.9615384615384617,Dexter Lawrence
0.1739130434782608,Leonard Williams
1.826086956521739,Austin Johnson
1.6521739130434785,Lorenzo Carter
1.3478260869565215,Dexter Lawrence
1.2,Leonard Williams
0.8,Lorenzo Carter
1.9,Dexter Lawrence
0.8,Azeez Ojulari
0.7647058823529411,Brandon Copeland
2.0,Jonathan Bullard
1.0,Ta'Quon Graham
1.0,Adetokunbo Ogundeji
1.0,Steven Means
1.4736842105263157,Dante Fowler
1.9473684210526316,Grady Jarrett
0.6190476190476191,Erik Harris
0.8571428571428571,Dante Fowler
0.5714285714285714,Grady Jarrett
1.3333333333333333,Foyesade Oluokun
0.9047619047619048,Jacob Tuioti-Mariner
1.9047619047619049,Ta'Quon Graham
2.227272727272727,Leonard Williams
0.0454545454545454,Jabrill Peppers
0.8636363636363636,Dexter Lawrence
1.181818181818182,Oshane Ximines
0.5,Tae Crowder
0.9090909090909092,Quincy Roche
0.8571428571428571,Steven Means
1.0,Dante Fowler
1.0952380952380951,Jonathan Bullard
2.047619047619047,Ta'Quon Graham
1.5625,Grady Jarrett
1.3125,Tyeler Davison
0.0,Isaiah Oliver
0.4375,Jacob Tuioti-Mariner
0.9375,Adetokunbo Ogundeji
0.4,Steven Means
0.6,Dante Fowler
2.0,Grady Jarrett
1.6,Ta'Quon Graham
1.3076923076923077,Dante Fowler
1.3461538461538465,Grady Jarrett
1.0,Tyeler Davison
1.0,Jonathan Bullard
2.0,Leonard Williams
1.76,Austin Johnson
1.48,Dexter Lawrence
1.631578947368421,Leonard Williams
0.631578947368421,Lorenzo Carter
1.3157894736842106,Carter Coughlin
1.3157894736842106,Azeez Ojulari
1.8888888888888888,Austin Johnson
1.1666666666666667,Dexter Lawrence
0.0,Tae Crowder
0.6111111111111112,Azeez Ojulari
1.3333333333333333,Raymond Johnson
1.263157894736842,Leonard Williams
0.7368421052631579,Lorenzo Carter
1.8421052631578947,Dexter Lawrence
0.8421052631578947,Azeez Ojulari
0.8846153846153846,Leonard Williams
1.3461538461538465,Danny Shelton
1.1153846153846154,Austin Johnson
1.4615384615384617,Lorenzo Carter
0.4666666666666667,Leonard Williams
1.1333333333333333,Danny Shelton
2.533333333333333,Austin Johnson
0.8666666666666667,Oshane Ximines
0.5,Leonard Williams
1.3076923076923077,Danny Shelton
1.4230769230769231,Dexter Lawrence
0.9230769230769232,Oshane Ximines
1.3,Leonard Williams
1.0,Danny Shelton
0.7,Jabrill Peppers
0.85,Dexter Lawrence
0.65,Tae Crowder
1.0,Leonard Williams
2.0714285714285716,Danny Shelton
0.9285714285714286,Austin Johnson
0.5714285714285714,Lorenzo Carter
1.0,Dexter Lawrence
1.9285714285714288,Azeez Ojulari
0.8125,Steven Means
1.4375,Grady Jarrett
1.5625,Tyeler Davison
0.9375,Deion Jones
0.0,Adetokunbo Ogundeji
1.0952380952380951,Steven Means
1.0952380952380951,Grady Jarrett
2.0,Tyeler Davison
0.9523809523809524,Adetokunbo Ogundeji
0.95,Steven Means
0.85,Grady Jarrett
1.1,Tyeler Davison
1.0,Adetokunbo Ogundeji
0.4,Avery Williams
0.7916666666666666,Steven Means
1.0,Dante Fowler
1.2083333333333333,Grady Jarrett
1.4166666666666667,Tyeler Davison
1.2608695652173914,Leonard Williams
0.8260869565217391,Lorenzo Carter
1.434782608695652,Carter Coughlin
0.0,Azeez Ojulari
1.7058823529411764,Larry Ogunjobi
1.9411764705882353,Sam Hubbard
1.2941176470588236,Cameron Sample
1.1923076923076923,Cameron Heyward
1.4615384615384617,Chris Wormley
0.8461538461538461,Jamir Jones
1.1538461538461535,Isaiahh Loudermilk
0.5909090909090909,Cameron Heyward
1.0,Chris Wormley
2.0,Isaiah Buggs
0.9545454545454546,Jamir Jones
1.5,Trey Hendrickson
1.0,B.J. Hill
0.1538461538461538,Sam Hubbard
0.6923076923076923,Logan Wilson
0.8461538461538461,Akeem Davis-Gaither
1.2307692307692308,Cameron Sample
1.5,Cameron Heyward
1.0,Melvin Ingram
2.0,Chris Wormley
0.85,Derrek Tuszka
0.4,Joe Schobert
1.0,Chris Wormley
0.95,Derrek Tuszka
1.95,Isaiahh Loudermilk
1.05,Cameron Heyward
1.65,Chris Wormley
0.85,Derrek Tuszka
1.15,Isaiahh Loudermilk
1.1923076923076923,D.J. Reader
1.1153846153846154,Larry Ogunjobi
1.0,Trey Hendrickson
1.3076923076923077,Josh Tupou
2.0,Cameron Sample
2.0833333333333335,D.J. Reader
1.375,Larry Ogunjobi
0.625,Sam Hubbard
0.875,Wyatt Ray
1.2777777777777777,D.J. Reader
1.9444444444444444,Larry Ogunjobi
0.9444444444444444,Trey Hendrickson
0.1666666666666666,Sam Hubbard
1.0,Cameron Heyward
1.4230769230769231,Melvin Ingram
1.0,Joe Schobert
1.0,Chris Wormley
0.5769230769230769,Jamir Jones
1.0,Trey Hendrickson
2.0,Josh Tupou
2.0,B.J. Hill
0.0,Sam Hubbard
1.2222222222222223,D.J. Reader
2.0,Josh Tupou
1.6666666666666667,B.J. Hill
0.1111111111111111,Sam Hubbard
2.0,D.J. Reader
2.0,Josh Tupou
1.0,B.J. Hill
2.0,Sam Hubbard
1.55,Trey Hendrickson
1.3,Josh Tupou
1.35,B.J. Hill
0.65,Sam Hubbard
1.0769230769230769,D.J. Reader
1.7692307692307692,Larry Ogunjobi
1.0,Sam Hubbard
0.8846153846153846,Wyatt Ray
2.0,Larry Ogunjobi
0.2727272727272727,Sam Hubbard
0.6818181818181818,Wyatt Ray
1.318181818181818,Cameron Sample
1.4705882352941178,D.J. Reader
1.5294117647058822,Larry Ogunjobi
0.0,Trey Hendrickson
1.2941176470588236,Jordan Evans
0.2941176470588235,Sam Hubbard
1.5909090909090908,Cameron Heyward
1.0,Melvin Ingram
1.6363636363636365,Chris Wormley
0.5454545454545454,Jamir Jones
1.9285714285714288,Cameron Heyward
0.8571428571428571,Melvin Ingram
1.2142857142857142,Chris Wormley
0.0,Jamir Jones
1.05,Cameron Heyward
1.65,Melvin Ingram
0.75,Henry Mondeaux
1.2,Devin Bush
0.35,Jamir Jones
2.0,Larry Ogunjobi
0.9333333333333332,Trey Hendrickson
0.4666666666666667,Sam Hubbard
1.4666666666666666,Cameron Sample
1.4230769230769231,Larry Ogunjobi
0.9230769230769232,Trey Hendrickson
0.4615384615384615,Sam Hubbard
2.1538461538461537,Cameron Sample
1.4444444444444444,Cameron Heyward
0.7222222222222222,Melvin Ingram
0.8333333333333334,Chris Wormley
0.8333333333333334,Derrek Tuszka
1.1666666666666667,Isaiahh Loudermilk
1.3076923076923077,Cameron Heyward
0.7692307692307693,Melvin Ingram
2.0,Chris Wormley
0.6923076923076923,Derrek Tuszka
1.1428571428571428,Cameron Heyward
1.4761904761904765,Melvin Ingram
1.380952380952381,Henry Mondeaux
0.8571428571428571,Derrek Tuszka
0.625,Melvin Ingram
1.125,Chris Wormley
1.25,Derrek Tuszka
1.0,Isaiahh Loudermilk
1.4736842105263157,Cameron Heyward
1.1578947368421053,Melvin Ingram
1.0,Chris Wormley
0.8421052631578947,Derrek Tuszka
1.0,D.J. Reader
1.0,Larry Ogunjobi
2.0,Josh Tupou
1.0,B.J. Hill
1.2692307692307692,Larry Ogunjobi
1.6153846153846154,Trey Hendrickson
1.6538461538461535,Sam Hubbard
0.9230769230769232,Cameron Heyward
0.6153846153846154,Melvin Ingram
1.3846153846153846,Chris Wormley
1.0769230769230769,Isaiah Buggs
0.9615384615384616,Jamir Jones
0.4761904761904761,Mike Hilton
1.3333333333333333,Larry Ogunjobi
1.1428571428571428,Trey Hendrickson
1.3333333333333333,Josh Tupou
0.6666666666666666,Sam Hubbard
1.4761904761904765,Larry Ogunjobi
0.8095238095238095,Trey Hendrickson
1.1428571428571428,Josh Tupou
0.8095238095238095,Sam Hubbard
2.3333333333333335,D.J. Reader
1.4285714285714286,B.J. Hill
1.0,Cameron Sample
0.7727272727272727,D.J. Reader
0.7727272727272727,Trey Hendrickson
2.363636363636364,B.J. Hill
0.8636363636363636,Cameron Sample
1.1333333333333333,Cameron Heyward
0.6666666666666666,Melvin Ingram
1.3333333333333333,Chris Wormley
0.8,Derrek Tuszka
1.2173913043478262,Josh Tupou
1.434782608695652,B.J. Hill
2.0,Sam Hubbard
2.1666666666666665,Larry Ogunjobi
0.6111111111111112,Trey Hendrickson
1.1666666666666667,B.J. Hill
1.6666666666666667,Sam Hubbard
2.111111111111111,Larry Ogunjobi
1.0,Trey Hendrickson
0.7777777777777778,Sam Hubbard
1.8823529411764703,D.J. Reader
1.0,Larry Ogunjobi
0.7058823529411765,Trey Hendrickson
0.7058823529411765,Sam Hubbard
1.44,D.J. Reader
1.08,Larry Ogunjobi
0.72,Sam Hubbard
0.8,Wyatt Ray
1.2777777777777777,D.J. Reader
1.0,B.J. Hill
1.3333333333333333,Wyatt Ray
0.7777777777777778,Cameron Sample
1.0,D.J. Reader
1.9411764705882353,B.J. Hill
0.8235294117647058,Wyatt Ray
1.0,Cameron Sample
1.1111111111111112,Josh Tupou
2.2222222222222223,B.J. Hill
0.8888888888888888,Sam Hubbard
0.6666666666666666,Cameron Sample
1.7333333333333334,Josh Tupou
1.0,B.J. Hill
0.7333333333333333,Sam Hubbard
0.9333333333333332,Cameron Sample
1.9615384615384617,D.J. Reader
1.0,Larry Ogunjobi
0.9230769230769232,Trey Hendrickson
1.0,Sam Hubbard
1.4545454545454546,D.J. Reader
0.9090909090909092,Larry Ogunjobi
0.6363636363636364,Trey Hendrickson
0.9090909090909092,Cameron Sample
1.1333333333333333,Cameron Heyward
0.8666666666666667,Melvin Ingram
1.4,Chris Wormley
1.1333333333333333,Isaiah Buggs
0.3333333333333333,Derrek Tuszka
1.0,Cameron Heyward
2.0,Melvin Ingram
1.0,Chris Wormley
1.0,Devin Bush
0.0,Derrek Tuszka
0.5,Mike Hilton
1.25,Larry Ogunjobi
1.25,Trey Hendrickson
1.125,B.J. Hill
0.6875,Sam Hubbard
1.1666666666666667,Larry Ogunjobi
0.8333333333333334,Trey Hendrickson
1.2777777777777777,B.J. Hill
1.7222222222222223,Sam Hubbard
2.0,Larry Ogunjobi
0.8333333333333334,Trey Hendrickson
2.0416666666666665,Sam Hubbard
2.0,Larry Ogunjobi
1.0,Trey Hendrickson
1.2222222222222223,B.J. Hill
0.7777777777777778,Sam Hubbard
1.2608695652173914,D.J. Reader
1.3478260869565215,B.J. Hill
1.4782608695652173,Cameron Sample
0.6956521739130435,Darius Hodge
1.1538461538461535,D.J. Reader
2.269230769230769,B.J. Hill
1.0769230769230769,Cameron Sample
0.8461538461538461,Darius Hodge
1.5217391304347827,D.J. Reader
2.0869565217391304,B.J. Hill
0.5652173913043478,Cameron Sample
0.4782608695652174,Darius Hodge
1.6363636363636365,Larry Ogunjobi
0.6363636363636364,Trey Hendrickson
0.5454545454545454,Sam Hubbard
1.3636363636363635,Cameron Sample
1.6923076923076923,Larry Ogunjobi
0.8846153846153846,Trey Hendrickson
1.0,Sam Hubbard
1.3846153846153846,Cameron Sample
1.0,D.J. Reader
1.2272727272727273,Larry Ogunjobi
1.5,Trey Hendrickson
0.9545454545454546,Sam Hubbard
2.0,D.J. Reader
1.2692307692307692,Larry Ogunjobi
0.7307692307692307,Trey Hendrickson
1.0,Sam Hubbard
2.0,D.J. Reader
2.1666666666666665,Larry Ogunjobi
0.75,Trey Hendrickson
0.0,Sam Hubbard
1.0,DeForest Buckner
0.8947368421052632,Shaquille Leonard
1.105263157894737,Tyquan Lewis
1.105263157894737,Ben Banogu
0.2631578947368421,Bobby Okereke
1.2105263157894737,Kwity Paye
1.44,Denico Autry
0.56,Dane Cruikshank
1.24,Olasunkanmi Adeniyi
1.68,Jeffery Simmons
0.0,David Long
1.4230769230769231,DeForest Buckner
1.2307692307692308,Tyquan Lewis
1.0769230769230769,Ben Banogu
1.0,Kwity Paye
1.9090909090909092,DeForest Buckner
1.0909090909090908,Grover Stewart
1.2272727272727273,Al-Quadin Muhammad
0.8636363636363636,Kwity Paye
2.238095238095238,DeForest Buckner
1.0476190476190477,Kemoko Turay
1.2857142857142858,Tyquan Lewis
1.0833333333333333,DeForest Buckner
1.125,Kemoko Turay
0.75,Tyquan Lewis
1.2083333333333333,Ben Banogu
1.8461538461538465,DeForest Buckner
1.8076923076923077,Grover Stewart
0.2307692307692307,Al-Quadin Muhammad
1.1153846153846154,Tyquan Lewis
1.7894736842105263,DeForest Buckner
0.7894736842105263,Kemoko Turay
1.4210526315789471,Tyquan Lewis
0.0,Denico Autry
0.5,Harold Landry
2.0,Jeffery Simmons
0.2692307692307692,David Long
1.4230769230769231,Teair Tart
0.9523809523809524,Denico Autry
0.8095238095238095,Harold Landry
1.761904761904762,Jeffery Simmons
0.5238095238095238,Larrell Murchison
1.0,Denico Autry
1.5384615384615383,Harold Landry
0.7307692307692307,Olasunkanmi Adeniyi
1.1923076923076923,Jeffery Simmons
0.8076923076923077,David Long
1.7142857142857142,DeForest Buckner
1.5714285714285714,Grover Stewart
0.6428571428571429,Tyquan Lewis
0.3571428571428571,Bobby Okereke
0.4285714285714285,E.J. Speed
1.4375,Grover Stewart
0.8125,Al-Quadin Muhammad
0.25,Tyquan Lewis
2.125,Chris Williams
1.0,DeForest Buckner
1.0,Kemoko Turay
1.9615384615384617,Tyquan Lewis
1.4615384615384617,Ben Banogu
2.0,Woodrow Hamilton
1.0,Harold Landry
1.0,Olasunkanmi Adeniyi
1.0,Larrell Murchison
1.1904761904761905,Antwaun Woods
0.3809523809523809,Al-Quadin Muhammad
1.2857142857142858,Tyquan Lewis
2.4285714285714284,Grover Stewart
1.0,Al-Quadin Muhammad
1.0,Kemoko Turay
1.5,DeForest Buckner
0.5555555555555556,Grover Stewart
1.1666666666666667,Al-Quadin Muhammad
1.0,Kemoko Turay
0.2692307692307692,Denico Autry
1.0,Harold Landry
1.3461538461538465,Olasunkanmi Adeniyi
1.8076923076923077,Jeffery Simmons
1.3,Antwaun Woods
1.0,Grover Stewart
1.7,Al-Quadin Muhammad
0.95,Tyquan Lewis
1.4666666666666666,DeForest Buckner
1.0666666666666669,Kemoko Turay
0.8666666666666667,Tyquan Lewis
1.0,Ben Banogu
1.5769230769230769,Denico Autry
0.8846153846153846,Olasunkanmi Adeniyi
0.3076923076923077,Jeffery Simmons
1.1923076923076923,Denico Autry
0.8076923076923077,Harold Landry
0.4615384615384615,Olasunkanmi Adeniyi
0.7307692307692307,Jeffery Simmons
1.0,Denico Autry
0.8125,Harold Landry
1.3125,Jeffery Simmons
0.75,Teair Tart
0.9583333333333334,Denico Autry
0.875,Harold Landry
1.125,Olasunkanmi Adeniyi
0.625,Jeffery Simmons
1.4,Woodrow Hamilton
0.5,Jeffery Simmons
0.1,Kristian Fulton
0.8,Larrell Murchison
0.95,Rashad Weaver
1.263157894736842,Denico Autry
0.5789473684210527,Jayon Brown
0.4736842105263157,Olasunkanmi Adeniyi
0.8421052631578947,Jeffery Simmons
0.8421052631578947,David Long
0.0454545454545454,Jeffery Simmons
1.0909090909090908,Larrell Murchison
2.0454545454545454,Teair Tart
0.9545454545454546,Rashad Weaver
0.875,Denico Autry
1.5,Harold Landry
0.875,Olasunkanmi Adeniyi
0.7916666666666666,Jeffery Simmons
1.6538461538461535,DeForest Buckner
0.8076923076923077,Kemoko Turay
0.9230769230769232,Tyquan Lewis
0.8461538461538461,Ben Banogu
0.96,Antwaun Woods
0.76,Al-Quadin Muhammad
1.76,Tyquan Lewis
1.4,Chris Williams
1.2941176470588236,Antwaun Woods
1.411764705882353,Al-Quadin Muhammad
1.7058823529411764,Kemoko Turay
2.1176470588235294,Chris Williams
1.0,Denico Autry
0.631578947368421,Rashaan Evans
0.8421052631578947,Harold Landry
0.6842105263157895,Jeffery Simmons
0.631578947368421,Teair Tart
1.3461538461538465,Denico Autry
0.1153846153846153,Harold Landry
1.2307692307692308,Olasunkanmi Adeniyi
0.4615384615384615,Jeffery Simmons
1.2692307692307692,Rashad Weaver
2.0,DeForest Buckner
1.0,Kemoko Turay
0.9444444444444444,Tyquan Lewis
1.0555555555555556,Ben Banogu
0.0,Denico Autry
1.0,Harold Landry
1.2307692307692308,Jeffery Simmons
1.7692307692307692,Teair Tart
0.9615384615384616,Denico Autry
0.5769230769230769,Harold Landry
1.6153846153846154,Jeffery Simmons
0.7307692307692307,Teair Tart
1.0,Denico Autry
0.4117647058823529,Harold Landry
1.2941176470588236,Jeffery Simmons
1.1176470588235294,Larrell Murchison
0.9545454545454546,Denico Autry
1.181818181818182,Harold Landry
0.7727272727272727,Jeffery Simmons
2.0,Teair Tart
1.0,Denico Autry
0.3809523809523809,Harold Landry
1.0,Olasunkanmi Adeniyi
1.4285714285714286,Jeffery Simmons
1.5217391304347827,DeForest Buckner
1.2608695652173914,Grover Stewart
1.9130434782608696,Al-Quadin Muhammad
1.565217391304348,Tyquan Lewis
1.2692307692307692,DeForest Buckner
0.5384615384615384,Kemoko Turay
1.7307692307692308,Tyquan Lewis
0.5384615384615384,Ben Banogu
1.4615384615384617,DeForest Buckner
0.7692307692307693,Grover Stewart
1.1153846153846154,Al-Quadin Muhammad
1.2307692307692308,Tyquan Lewis
0.9615384615384616,Zaire Franklin
1.0,Julian Blackmon
0.2083333333333333,Denico Autry
0.5,Harold Landry
1.25,Olasunkanmi Adeniyi
2.125,Jeffery Simmons
1.35,Denico Autry
0.9,Harold Landry
1.3,Olasunkanmi Adeniyi
1.0,Jeffery Simmons
1.1153846153846154,Denico Autry
0.5,Harold Landry
0.7692307692307693,Olasunkanmi Adeniyi
0.6923076923076923,Jeffery Simmons
1.4615384615384617,Denico Autry
0.0,Harold Landry
1.0,Olasunkanmi Adeniyi
1.5384615384615383,Jeffery Simmons
1.3461538461538465,Denico Autry
0.6538461538461539,Harold Landry
1.2307692307692308,Olasunkanmi Adeniyi
0.6538461538461539,Jeffery Simmons
1.8076923076923077,Denico Autry
1.0,Harold Landry
1.0,Olasunkanmi Adeniyi
0.1538461538461538,Jeffery Simmons
1.0952380952380951,Denico Autry
0.0952380952380952,Harold Landry
1.0,Olasunkanmi Adeniyi
2.0952380952380953,Jeffery Simmons
0.0,David Long
0.9166666666666666,John Franklin-Myers
2.0,Folorunso Fatukasi
1.5,Quinnen Williams
0.5,Bryce Huff
1.9230769230769231,John Franklin-Myers
2.076923076923077,Folorunso Fatukasi
1.8461538461538465,Quinnen Williams
1.0,Bryce Huff
0.9615384615384616,Sheldon Rankins
0.8076923076923077,John Franklin-Myers
1.7692307692307692,Folorunso Fatukasi
1.0,Bryce Huff
0.7391304347826086,Von Miller
1.0,Mike Purcell
1.5217391304347827,Shelby Harris
1.0,Dre'Mont Jones
0.4347826086956521,Malik Reed
0.2272727272727272,Von Miller
1.681818181818182,Shelby Harris
0.4545454545454545,A.J. Johnson
1.9545454545454544,Dre'Mont Jones
0.7272727272727273,Malik Reed
1.1538461538461535,Sheldon Rankins
0.7692307692307693,Shaq Lawson
1.3076923076923077,Nathan Shepherd
0.8461538461538461,Tim Ward
0.9047619047619048,John Franklin-Myers
1.5714285714285714,Folorunso Fatukasi
1.4285714285714286,Bryce Huff
0.3461538461538461,C.J. Mosley
1.6538461538461535,Sheldon Rankins
1.1923076923076923,John Franklin-Myers
1.0,Quinnen Williams
0.6153846153846154,Javelin Guidry
0.8076923076923077,Bryce Huff
0.7692307692307693,Michael Carter
1.5,Von Miller
1.4230769230769231,Shamar Stephen
1.8846153846153848,DeShawn Williams
0.7307692307692307,Malik Reed
0.8461538461538461,Von Miller
1.8846153846153848,Shelby Harris
0.4615384615384615,A.J. Johnson
1.4230769230769231,Dre'Mont Jones
0.8076923076923077,Malik Reed
2.0,Sheldon Rankins
0.9230769230769232,Shaq Lawson
1.1538461538461535,Folorunso Fatukasi
0.6538461538461539,Tim Ward
0.0,C.J. Mosley
1.0,Nathan Shepherd
1.75,John Franklin-Myers
1.0,Quinnen Williams
1.0,Bryce Huff
0.8695652173913043,C.J. Mosley
1.391304347826087,Sheldon Rankins
0.8695652173913043,John Franklin-Myers
0.8695652173913043,Quinnen Williams
0.9130434782608696,Bryce Huff
1.25,Von Miller
1.6666666666666667,Shelby Harris
1.125,Dre'Mont Jones
0.375,Malik Reed
0.9565217391304348,Von Miller
1.0434782608695652,Shelby Harris
2.4347826086956523,Dre'Mont Jones
0.9130434782608696,Malik Reed
1.0,Von Miller
2.7333333333333334,Shamar Stephen
1.3333333333333333,DeShawn Williams
0.1333333333333333,Malik Reed
0.3333333333333333,Von Miller
1.0,Shelby Harris
1.4666666666666666,A.J. Johnson
1.5333333333333334,Dre'Mont Jones
0.5333333333333333,Malik Reed
1.2692307692307692,Mike Purcell
1.1153846153846154,DeShawn Williams
1.0,Dre'Mont Jones
0.7307692307692307,Jonathon Cooper
0.8461538461538461,Andre Mintze
1.04,Von Miller
1.16,Shelby Harris
1.72,Dre'Mont Jones
0.84,Malik Reed
1.6153846153846154,Von Miller
1.6923076923076923,DeShawn Williams
1.1538461538461535,Dre'Mont Jones
0.4615384615384615,Malik Reed
2.04,Sheldon Rankins
1.0,John Franklin-Myers
0.92,Quinnen Williams
0.84,Bryce Huff
0.3461538461538461,Von Miller
0.8846153846153846,Mike Purcell
1.3461538461538465,Shelby Harris
2.1923076923076925,Dre'Mont Jones
1.1153846153846154,Von Miller
1.6153846153846154,DeShawn Williams
1.0769230769230769,Dre'Mont Jones
1.3461538461538465,Malik Reed
0.9615384615384616,Sheldon Rankins
1.3461538461538465,Shaq Lawson
1.2692307692307692,Nathan Shepherd
0.8076923076923077,John Franklin-Myers
0.9615384615384616,Sheldon Rankins
1.0,John Franklin-Myers
1.5384615384615383,Quinnen Williams
0.8846153846153846,Bryce Huff
1.0,Nathan Shepherd
2.0,Folorunso Fatukasi
1.0,Tim Ward
1.0,Bryce Huff
0.8235294117647058,Shaq Lawson
1.4705882352941178,Nathan Shepherd
1.1176470588235294,Folorunso Fatukasi
0.9411764705882352,Tim Ward
0.85,Von Miller
1.25,Shelby Harris
1.85,Dre'Mont Jones
0.4,Malik Reed
1.2692307692307692,Von Miller
1.1923076923076923,Shelby Harris
1.5384615384615383,Dre'Mont Jones
0.8076923076923077,Malik Reed
1.0833333333333333,Von Miller
1.5833333333333333,Shamar Stephen
1.0,DeShawn Williams
0.75,Malik Reed
1.4285714285714286,Von Miller
1.0,Mike Purcell
1.619047619047619,DeShawn Williams
2.0,Dre'Mont Jones
1.4090909090909092,Von Miller
1.5,DeShawn Williams
1.2272727272727273,Dre'Mont Jones
0.7272727272727273,Malik Reed
1.0384615384615383,Sheldon Rankins
0.9230769230769232,Shaq Lawson
1.3076923076923077,John Franklin-Myers
1.5384615384615383,Bryce Huff
0.6923076923076923,C.J. Mosley
1.3846153846153846,Sheldon Rankins
0.9615384615384616,John Franklin-Myers
1.0,Quinnen Williams
0.4615384615384615,Javelin Guidry
1.0,Bryce Huff
1.3478260869565215,Von Miller
1.0,Shelby Harris
1.6521739130434785,Dre'Mont Jones
0.9130434782608696,Jonathon Cooper
1.0,Von Miller
2.0416666666666665,Shelby Harris
0.9166666666666666,A.J. Johnson
1.125,Dre'Mont Jones
0.7916666666666666,Malik Reed
1.0,Sheldon Rankins
0.6956521739130435,Shaq Lawson
0.7391304347826086,Nathan Shepherd
1.608695652173913,Tim Ward
1.3076923076923077,Sheldon Rankins
1.1923076923076923,Shaq Lawson
0.4230769230769231,John Franklin-Myers
1.6153846153846154,Quinnen Williams
1.0,Von Miller
2.3076923076923075,Shelby Harris
1.2307692307692308,Dre'Mont Jones
1.1923076923076923,Justin Strnad
1.3333333333333333,DeShawn Williams
1.4761904761904765,Dre'Mont Jones
0.9047619047619048,Malik Reed
0.7142857142857143,Justin Strnad
1.0,Jonathon Cooper
1.5714285714285714,DeShawn Williams
1.2142857142857142,Dre'Mont Jones
0.8571428571428571,Malik Reed
0.7857142857142857,Jonathon Cooper
0.9285714285714286,Von Miller
1.6428571428571428,Shamar Stephen
1.3571428571428572,Shelby Harris
0.5714285714285714,Malik Reed
1.8846153846153848,Sheldon Rankins
1.5769230769230769,Shaq Lawson
1.3076923076923077,Nathan Shepherd
1.0,Tim Ward
1.3043478260869563,Sheldon Rankins
0.9565217391304348,Adrian Colbert
1.826086956521739,Nathan Shepherd
0.4347826086956521,Tim Ward
1.608695652173913,Bryce Huff
1.2352941176470589,John Franklin-Myers
1.7058823529411764,Folorunso Fatukasi
1.0,Quinnen Williams
1.0,Tim Ward
0.875,Von Miller
2.125,Shelby Harris
1.0,Dre'Mont Jones
0.5625,Malik Reed
1.3076923076923077,Von Miller
1.6153846153846154,Shelby Harris
1.1923076923076923,Dre'Mont Jones
1.3461538461538465,Malik Reed
1.0,Shamar Stephen
1.173913043478261,Dre'Mont Jones
0.7391304347826086,Malik Reed
0.8260869565217391,Justin Strnad
0.8695652173913043,Jonathon Cooper
1.0,Shamar Stephen
1.625,DeShawn Williams
1.0416666666666667,Jonathon Cooper
0.9583333333333334,Andre Mintze
0.15,C.J. Mosley
1.4,Sheldon Rankins
0.55,Shaq Lawson
1.0,John Franklin-Myers
1.6,Folorunso Fatukasi
1.2,Shelby Harris
2.1,Dre'Mont Jones
0.8,Malik Reed
0.8,Jonathon Cooper
1.2307692307692308,Shelby Harris
1.4230769230769231,Dre'Mont Jones
0.7692307692307693,Malik Reed
1.1538461538461535,Jonathon Cooper
1.0,DeShawn Williams
1.8846153846153848,A.J. Johnson
1.5,Dre'Mont Jones
0.6538461538461539,Malik Reed
1.0769230769230769,Jonathon Cooper
1.0384615384615383,Shelby Harris
1.4230769230769231,A.J. Johnson
0.3076923076923077,Dre'Mont Jones
0.9230769230769232,Malik Reed
0.8461538461538461,Jonathon Cooper
2.0,Shamar Stephen
1.0,DeShawn Williams
1.95,Dre'Mont Jones
0.0,Andre Mintze
1.3461538461538465,Shamar Stephen
1.7692307692307692,DeShawn Williams
0.2307692307692307,Micah Kiser
1.3076923076923077,Dre'Mont Jones
0.9615384615384616,Baron Browning
0.3076923076923077,Jonathon Cooper
0.6923076923076923,Andre Mintze
1.0,Shamar Stephen
1.3888888888888888,DeShawn Williams
0.7222222222222222,Micah Kiser
1.3888888888888888,Dre'Mont Jones
0.5,Baron Browning
2.076923076923077,Shamar Stephen
1.0,DeShawn Williams
1.3461538461538465,Dre'Mont Jones
0.9230769230769232,Jonathon Cooper
1.5294117647058822,John Jenkins
0.7058823529411765,Emmanuel Ogbah
1.2941176470588236,Christian Wilkins
0.8823529411764706,Jaelan Phillips
1.0,Emmanuel Ogbah
2.4782608695652173,Adam Butler
0.5217391304347826,Christian Wilkins
1.0,Jaelan Phillips
1.5333333333333334,Johnathan Hankins
1.2666666666666666,Yannick Ngakoue
1.0666666666666669,Quinton Jefferson
0.0,Johnathan Abram
0.9333333333333332,Maxx Crosby
0.7857142857142857,Yannick Ngakoue
1.2857142857142858,Quinton Jefferson
1.2142857142857142,Solomon Thomas
0.7142857142857143,Maxx Crosby
1.1538461538461535,Darius Philon
0.7692307692307693,Yannick Ngakoue
1.8846153846153848,Quinton Jefferson
0.7692307692307693,Maxx Crosby
1.95,John Jenkins
1.0,Emmanuel Ogbah
1.05,Christian Wilkins
1.45,Jaelan Phillips
1.631578947368421,John Jenkins
1.368421052631579,Emmanuel Ogbah
1.5263157894736843,Christian Wilkins
1.6363636363636365,John Jenkins
0.7727272727272727,Emmanuel Ogbah
0.6818181818181818,Elandon Roberts
1.2272727272727273,Christian Wilkins
0.6818181818181818,Jaelan Phillips
0.7727272727272727,Yannick Ngakoue
1.5909090909090908,Quinton Jefferson
1.2272727272727273,Solomon Thomas
0.8181818181818182,Maxx Crosby
2.0,John Jenkins
0.8695652173913043,Emmanuel Ogbah
1.173913043478261,Zach Sieler
0.8260869565217391,Andrew Van Ginkel
0.7916666666666666,Emmanuel Ogbah
1.9166666666666667,Adam Butler
1.125,Zach Sieler
0.7916666666666666,Andrew Van Ginkel
0.875,Emmanuel Ogbah
1.1875,Adam Butler
1.9375,Zach Sieler
1.0,Andrew Van Ginkel
1.5,Emmanuel Ogbah
1.2083333333333333,Adam Butler
1.125,Christian Wilkins
0.875,Andrew Van Ginkel
1.0,Emmanuel Ogbah
2.08,Adam Butler
0.0,Jerome Baker
1.04,Christian Wilkins
0.48,Brandon Jones
0.88,Jaelan Phillips
0.8076923076923077,Emmanuel Ogbah
1.8461538461538465,Adam Butler
1.1923076923076923,Christian Wilkins
0.9230769230769232,Jaelan Phillips
1.2083333333333333,Emmanuel Ogbah
1.1666666666666667,Sam Eguavoen
1.0833333333333333,Adam Butler
1.2916666666666667,Jaelan Phillips
1.5833333333333333,Johnathan Hankins
0.0,Yannick Ngakoue
2.0833333333333335,Quinton Jefferson
1.0,Clelin Ferrell
0.8076923076923077,Emmanuel Ogbah
1.6538461538461535,Adam Butler
1.1923076923076923,Christian Wilkins
1.2692307692307692,Jaelan Phillips
0.0,Emmanuel Ogbah
2.0,Adam Butler
1.6538461538461535,Christian Wilkins
0.9230769230769232,Jaelan Phillips
1.3333333333333333,John Jenkins
0.9333333333333332,Emmanuel Ogbah
1.7333333333333334,Christian Wilkins
1.0,Jaelan Phillips
1.7307692307692308,John Jenkins
0.6153846153846154,Eric Rowe
1.2692307692307692,Emmanuel Ogbah
1.0384615384615383,Zach Sieler
0.6923076923076923,Andrew Van Ginkel
0.8076923076923077,Emmanuel Ogbah
2.0384615384615383,Adam Butler
0.7692307692307693,Zach Sieler
1.0,Andrew Van Ginkel
0.5384615384615384,Brandon Jones
1.0769230769230769,Johnathan Hankins
1.7692307692307692,Darius Philon
0.9230769230769232,Yannick Ngakoue
1.3846153846153846,Clelin Ferrell
0.7692307692307693,Trayvon Mullen
1.8461538461538465,Johnathan Hankins
1.1538461538461535,Darius Philon
1.3076923076923077,Yannick Ngakoue
1.8461538461538465,Clelin Ferrell
1.1875,John Jenkins
0.5625,Brennan Scarlett
1.375,Jerome Baker
1.75,Zach Sieler
0.875,Christian Wilkins
1.6153846153846154,John Jenkins
1.8076923076923077,Emmanuel Ogbah
1.2307692307692308,Zach Sieler
0.6923076923076923,Jaelan Phillips
1.0,John Jenkins
1.1153846153846154,Emmanuel Ogbah
1.2692307692307692,Zach Sieler
1.5384615384615383,Jaelan Phillips
0.4285714285714285,Emmanuel Ogbah
2.0,Adam Butler
1.5714285714285714,Christian Wilkins
0.7619047619047619,Jaelan Phillips
0.6923076923076923,Carl Nassib
1.7692307692307692,Quinton Jefferson
0.9615384615384616,Solomon Thomas
1.0384615384615383,Clelin Ferrell
1.2692307692307692,Darius Philon
0.5,Yannick Ngakoue
1.1153846153846154,Quinton Jefferson
2.076923076923077,Maxx Crosby
1.7692307692307692,Darius Philon
1.1538461538461535,Yannick Ngakoue
1.6153846153846154,Quinton Jefferson
0.8846153846153846,Maxx Crosby
1.368421052631579,Johnathan Hankins
0.631578947368421,Yannick Ngakoue
1.5263157894736843,Solomon Thomas
1.4210526315789471,Maxx Crosby
1.3571428571428572,Johnathan Hankins
1.0,Yannick Ngakoue
1.1428571428571428,Solomon Thomas
0.8571428571428571,Maxx Crosby
1.1904761904761905,Johnathan Hankins
0.7142857142857143,Yannick Ngakoue
1.380952380952381,Solomon Thomas
1.5238095238095235,Maxx Crosby
1.0454545454545454,Darius Philon
0.9545454545454546,Yannick Ngakoue
1.318181818181818,Quinton Jefferson
0.8636363636363636,Maxx Crosby
2.0,John Jenkins
2.269230769230769,Emmanuel Ogbah
2.0,Christian Wilkins
1.0,Emmanuel Ogbah
1.1875,Sam Eguavoen
1.875,Adam Butler
0.6875,Jaelan Phillips
0.25,Jevon Holland
0.6818181818181818,Jason McCourty
0.6818181818181818,Eric Rowe
0.8636363636363636,Emmanuel Ogbah
1.0,Jerome Baker
1.0454545454545454,Christian Wilkins
0.9090909090909092,Andrew Van Ginkel
1.318181818181818,Brandon Jones
1.0,Emmanuel Ogbah
1.2692307692307692,Adam Butler
1.9230769230769231,Christian Wilkins
0.7307692307692307,Jaelan Phillips
1.2222222222222223,Johnathan Hankins
1.0,Carl Nassib
1.6666666666666667,Solomon Thomas
1.0555555555555556,Maxx Crosby
2.0,Darius Philon
1.0,Yannick Ngakoue
0.7777777777777778,Quinton Jefferson
0.6666666666666666,Maxx Crosby
0.1666666666666666,Divine Deablo
0.9444444444444444,Nate Hobbs
1.68,Johnathan Hankins
1.16,Yannick Ngakoue
1.04,Quinton Jefferson
0.96,Clelin Ferrell
0.8846153846153846,Denzel Perryman
0.7692307692307693,Yannick Ngakoue
1.5,Quinton Jefferson
1.4230769230769231,Solomon Thomas
0.7307692307692307,Maxx Crosby
0.1538461538461538,Divine Deablo
1.32,John Jenkins
1.04,Emmanuel Ogbah
1.08,Christian Wilkins
0.92,Jaelan Phillips
1.5,Adam Butler
1.0,Jerome Baker
0.7857142857142857,Zach Sieler
1.0,Andrew Van Ginkel
0.7142857142857143,Jaelan Phillips
1.1153846153846154,Adam Butler
0.8846153846153846,Jerome Baker
1.2307692307692308,Zach Sieler
0.9230769230769232,Andrew Van Ginkel
0.8461538461538461,Jaelan Phillips
1.2692307692307692,Emmanuel Ogbah
1.9615384615384617,Adam Butler
1.0384615384615383,Zach Sieler
1.0,Andrew Van Ginkel
0.6538461538461539,Emmanuel Ogbah
1.1538461538461535,Adam Butler
2.076923076923077,Christian Wilkins
0.8076923076923077,Andrew Van Ginkel
0.7777777777777778,Emmanuel Ogbah
1.0,Adam Butler
0.8888888888888888,Jerome Baker
1.2222222222222223,Christian Wilkins
0.9444444444444444,Jaelan Phillips
1.5769230769230769,Johnathan Hankins
1.8076923076923077,Darius Philon
1.0,Carl Nassib
1.0,Clelin Ferrell
1.5454545454545454,Yannick Ngakoue
1.6363636363636365,Quinton Jefferson
1.3636363636363635,Solomon Thomas
0.0,Maxx Crosby
2.0,Johnathan Hankins
1.0,Yannick Ngakoue
1.2352941176470589,Solomon Thomas
0.7647058823529411,Maxx Crosby
1.4375,Johnathan Hankins
0.9375,Yannick Ngakoue
1.0625,Solomon Thomas
1.0,Maxx Crosby
0.72,Johnathan Hankins
0.92,Yannick Ngakoue
1.08,Solomon Thomas
2.0,Maxx Crosby
0.28,Nate Hobbs
1.238095238095238,Darius Philon
1.9047619047619049,Carl Nassib
1.761904761904762,Quinton Jefferson
1.0,Clelin Ferrell
2.0,Darius Philon
1.0,Carl Nassib
2.0,Quinton Jefferson
1.5,Clelin Ferrell
2.0,Darius Philon
0.9230769230769232,Yannick Ngakoue
1.0,Quinton Jefferson
0.3461538461538461,Maxx Crosby
1.1875,John Jenkins
0.875,Brennan Scarlett
1.9375,Zach Sieler
1.375,Christian Wilkins
1.3,Emmanuel Ogbah
1.0,Adam Butler
0.7,Jerome Baker
1.6,Christian Wilkins
0.65,Brandon Jones
0.4,Jaelan Phillips
1.7391304347826086,Johnathan Hankins
1.0,Darius Philon
1.0,Carl Nassib
1.0,Clelin Ferrell
2.3076923076923075,Johnathan Hankins
1.1923076923076923,Darius Philon
1.1538461538461535,Carl Nassib
1.1923076923076923,Clelin Ferrell
0.0,Johnathan Abram
1.7333333333333334,Johnathan Hankins
0.9333333333333332,Carl Nassib
1.1333333333333333,Yannick Ngakoue
1.0666666666666669,Quinton Jefferson
1.2,Emmanuel Ogbah
1.05,Adam Butler
1.95,Christian Wilkins
0.0,Brandon Jones
0.8,Jaelan Phillips
1.6428571428571428,Johnathan Hankins
0.6428571428571429,Yannick Ngakoue
1.3571428571428572,Solomon Thomas
1.0,Maxx Crosby
1.0869565217391304,Johnathan Hankins
1.434782608695652,Yannick Ngakoue
2.0,Solomon Thomas
0.9130434782608696,Maxx Crosby
1.0384615384615383,Johnathan Hankins
1.7307692307692308,Yannick Ngakoue
1.6153846153846154,Solomon Thomas
1.3461538461538465,Maxx Crosby
1.0384615384615383,Darius Philon
1.3461538461538465,Yannick Ngakoue
1.7307692307692308,Solomon Thomas
1.6923076923076923,Maxx Crosby
1.0625,Darius Philon
0.9375,Yannick Ngakoue
1.4375,Quinton Jefferson
0.6875,Maxx Crosby
1.32,Darius Philon
1.0,Yannick Ngakoue
1.16,Quinton Jefferson
0.56,Maxx Crosby
0.6428571428571429,Carl Nassib
1.7142857142857142,Quinton Jefferson
1.3571428571428572,Solomon Thomas
0.8571428571428571,Clelin Ferrell
0.8333333333333334,Carl Nassib
1.1111111111111112,Quinton Jefferson
1.4444444444444444,Solomon Thomas
1.3888888888888888,Clelin Ferrell
0.6363636363636364,Yannick Ngakoue
1.8636363636363635,Quinton Jefferson
1.4545454545454546,Solomon Thomas
0.5,Maxx Crosby
1.125,Johnathan Hankins
1.0,Yannick Ngakoue
1.625,Quinton Jefferson
0.625,Maxx Crosby
1.368421052631579,John Jenkins
0.1578947368421052,Eric Rowe
1.631578947368421,Emmanuel Ogbah
1.0,Christian Wilkins
1.2105263157894737,Jaelan Phillips
0.7692307692307693,Emmanuel Ogbah
1.0384615384615383,Adam Butler
1.0,Zach Sieler
0.9615384615384616,Andrew Van Ginkel
1.0,Brandon Jones
1.8571428571428572,Emmanuel Ogbah
1.0952380952380951,Adam Butler
0.5714285714285714,Jerome Baker
1.6666666666666667,Christian Wilkins
0.3333333333333333,Brandon Jones
0.1428571428571428,Jaelan Phillips
1.6923076923076923,Emmanuel Ogbah
1.0,Adam Butler
0.3076923076923077,Jerome Baker
1.2307692307692308,Christian Wilkins
0.7692307692307693,Brandon Jones
1.0,Jaelan Phillips
1.4230769230769231,Johnathan Hankins
1.0,Yannick Ngakoue
1.4230769230769231,Solomon Thomas
1.6923076923076923,Maxx Crosby
1.1538461538461535,Yannick Ngakoue
1.4230769230769231,Quinton Jefferson
1.1538461538461535,Solomon Thomas
1.5769230769230769,Maxx Crosby
1.0769230769230769,Darius Philon
1.1538461538461535,Yannick Ngakoue
1.8461538461538465,Quinton Jefferson
1.6538461538461535,Maxx Crosby
1.0769230769230769,Darius Philon
1.6153846153846154,Yannick Ngakoue
1.6538461538461535,Quinton Jefferson
1.0,Maxx Crosby
1.7647058823529411,Johnathan Hankins
1.1176470588235294,Yannick Ngakoue
2.6470588235294117,Solomon Thomas
0.0,Maxx Crosby
1.1923076923076923,Johnathan Hankins
0.6153846153846154,Yannick Ngakoue
1.5,Quinton Jefferson
1.0,Maxx Crosby
1.3125,Johnathan Hankins
1.0,Yannick Ngakoue
1.375,Quinton Jefferson
1.3125,Maxx Crosby
0.9230769230769232,Emmanuel Ogbah
1.5769230769230769,Adam Butler
1.5,Zach Sieler
0.9230769230769232,Jaelan Phillips
0.92,Emmanuel Ogbah
1.92,Adam Butler
0.32,Nik Needham
1.04,Jaelan Phillips
1.65,Aaron Donald
0.7,Leonard Floyd
0.85,Kenny Young
1.3,Sebastian Joseph
0.0,Justin Hollins
1.55,Aaron Donald
0.9,Leonard Floyd
1.2,Sebastian Joseph
1.05,Justin Hollins
2.5294117647058822,Ndamukong Suh
0.7647058823529411,Vita Vea
0.0,Devin White
1.2352941176470589,Joe Tryon
1.173913043478261,Ndamukong Suh
1.0,Shaquil Barrett
1.608695652173913,Vita Vea
0.8260869565217391,Joe Tryon
2.4444444444444446,Aaron Donald
0.7777777777777778,Leonard Floyd
1.0,Sebastian Joseph
0.5555555555555556,Justin Hollins
1.2666666666666666,Aaron Donald
0.7333333333333333,Leonard Floyd
1.8666666666666667,A'Shawn Robinson
1.0,Sebastian Joseph
2.0,Ndamukong Suh
2.0,Shaquil Barrett
1.5263157894736843,Vita Vea
0.1578947368421052,Devin White
1.8846153846153848,Ndamukong Suh
0.9230769230769232,Shaquil Barrett
1.0769230769230769,Vita Vea
0.8846153846153846,Joe Tryon
2.6538461538461537,Aaron Donald
1.0,A'Shawn Robinson
1.3461538461538465,Sebastian Joseph
0.8461538461538461,Justin Hollins
1.2352941176470589,Aaron Donald
2.411764705882353,Sebastian Joseph
0.5882352941176471,Justin Hollins
0.7647058823529411,Terrell Lewis
2.1923076923076925,Aaron Donald
0.4615384615384615,Leonard Floyd
1.1153846153846154,A'Shawn Robinson
1.0769230769230769,Sebastian Joseph
0.8461538461538461,Terrell Lewis
2.0833333333333335,Aaron Donald
0.875,Leonard Floyd
1.0,Sebastian Joseph
0.8333333333333334,Terrell Lewis
2.0,Steve McLendon
1.4230769230769231,Shaquil Barrett
1.2307692307692308,Rakeem Nunez-Roches
1.1923076923076923,Joe Tryon
2.8,William Gholston
1.0,Rakeem Nunez-Roches
0.7333333333333333,Joe Tryon
1.8846153846153848,Ndamukong Suh
0.7307692307692307,Shaquil Barrett
0.6923076923076923,Vita Vea
1.1538461538461535,Anthony Nelson
1.0,Ndamukong Suh
1.0,Shaquil Barrett
2.0,Vita Vea
1.0,Anthony Nelson
0.8333333333333334,Leonard Floyd
1.5833333333333333,Greg Gaines
1.0833333333333333,Terrell Lewis
1.375,Michael Hoecht
1.0,Aaron Donald
0.8125,Leonard Floyd
1.4375,Sebastian Joseph
0.5625,Taylor Rapp
0.625,Justin Hollins
1.3,Aaron Donald
0.0,Jalen Ramsey
1.25,Leonard Floyd
0.75,Kenny Young
1.1,Sebastian Joseph
2.8095238095238093,Aaron Donald
0.1904761904761904,Kenny Young
1.0,Sebastian Joseph
0.7619047619047619,Terrell Lewis
0.0,Jordan Fuller
0.9615384615384616,A'Shawn Robinson
1.1538461538461535,Sebastian Joseph
0.9615384615384616,Terrell Lewis
2.1153846153846154,Jonah Williams
1.1428571428571428,Steve McLendon
2.0714285714285716,William Gholston
0.7142857142857143,Joe Tryon
1.0,Ndamukong Suh
1.0,Shaquil Barrett
1.8461538461538465,Vita Vea
1.0,Devin White
0.1538461538461538,Joe Tryon
1.0384615384615383,Ndamukong Suh
1.0,Shaquil Barrett
2.0,Vita Vea
1.1923076923076923,Joe Tryon
1.3636363636363635,Ndamukong Suh
0.4545454545454545,Ross Cockrell
0.9545454545454546,Shaquil Barrett
1.0909090909090908,Vita Vea
1.0454545454545454,Joe Tryon
0.25,Ndamukong Suh
0.9,Lavonte David
0.45,Shaquil Barrett
1.85,Rakeem Nunez-Roches
0.6,Devin White
0.95,Joe Tryon
0.6666666666666666,Lavonte David
1.1428571428571428,William Gholston
0.8571428571428571,Rakeem Nunez-Roches
1.3333333333333333,Anthony Nelson
0.9523809523809524,Joe Tryon
0.6666666666666666,William Gholston
1.6666666666666667,Rakeem Nunez-Roches
0.5833333333333334,Devin White
0.0833333333333333,Mike Edwards
1.0833333333333333,Anthony Nelson
1.75,Joe Tryon
1.08,Aaron Donald
0.48,Leonard Floyd
1.4,Sebastian Joseph
0.84,Justin Hollins
1.631578947368421,Aaron Donald
0.5789473684210527,Leonard Floyd
0.9473684210526316,Sebastian Joseph
1.1578947368421053,Justin Hollins
1.3461538461538465,Aaron Donald
1.1153846153846154,Leonard Floyd
0.4615384615384615,Taylor Rapp
1.2692307692307692,Greg Gaines
0.7692307692307693,Justin Hollins
2.0,Aaron Donald
1.368421052631579,Leonard Floyd
1.2105263157894737,Greg Gaines
0.8421052631578947,Justin Hollins
1.1538461538461535,Ndamukong Suh
1.0,Shaquil Barrett
1.1153846153846154,Vita Vea
0.8461538461538461,Devin White
0.8461538461538461,Joe Tryon
1.8846153846153848,Ndamukong Suh
1.0,Shaquil Barrett
1.1538461538461535,Vita Vea
1.1153846153846154,Joe Tryon
1.6923076923076923,Aaron Donald
0.3076923076923077,Leonard Floyd
1.5769230769230769,A'Shawn Robinson
0.9230769230769232,Sebastian Joseph
1.105263157894737,Aaron Donald
0.7368421052631579,Leonard Floyd
1.2105263157894737,Kenny Young
0.8421052631578947,Sebastian Joseph
0.8421052631578947,Justin Hollins
2.2083333333333335,Aaron Donald
0.0,Jalen Ramsey
0.7083333333333334,Leonard Floyd
1.375,A'Shawn Robinson
0.9583333333333334,Sebastian Joseph
1.3125,Aaron Donald
0.0,Jalen Ramsey
0.6875,Leonard Floyd
1.1875,Greg Gaines
1.8125,Michael Hoecht
2.0,Aaron Donald
1.5,A'Shawn Robinson
0.3888888888888889,Greg Gaines
0.5,Justin Hollins
1.6470588235294117,Aaron Donald
0.3529411764705882,Leonard Floyd
1.6470588235294117,A'Shawn Robinson
1.0,Greg Gaines
1.0384615384615383,Steve McLendon
0.9615384615384616,Shaquil Barrett
1.6538461538461535,Rakeem Nunez-Roches
1.6923076923076923,Joe Tryon
1.5416666666666667,Ndamukong Suh
1.0,Shaquil Barrett
1.125,Vita Vea
1.0,Joe Tryon
1.5,Ndamukong Suh
1.0,Shaquil Barrett
1.0384615384615383,Vita Vea
0.9615384615384616,Joe Tryon
1.1363636363636365,Ndamukong Suh
0.8636363636363636,Shaquil Barrett
1.681818181818182,Vita Vea
1.681818181818182,Anthony Nelson
2.3461538461538463,Ndamukong Suh
1.0769230769230769,Shaquil Barrett
0.7307692307692307,Vita Vea
1.1923076923076923,Anthony Nelson
1.1304347826086956,William Gholston
2.0869565217391304,Rakeem Nunez-Roches
0.8695652173913043,Anthony Nelson
0.8260869565217391,Joe Tryon
1.2307692307692308,Leonard Floyd
1.0,Greg Gaines
0.8846153846153846,Justin Hollins
1.6538461538461535,Jonah Williams
0.8461538461538461,Leonard Floyd
1.0,Greg Gaines
0.8461538461538461,Justin Hollins
1.5,Jonah Williams
0.5,Kenny Young
3.0,Greg Gaines
0.8076923076923077,Justin Hollins
1.4615384615384617,Jonah Williams
1.3461538461538465,Ndamukong Suh
1.3846153846153846,Shaquil Barrett
1.3846153846153846,Vita Vea
0.6153846153846154,Joe Tryon
0.7647058823529411,Kenny Young
1.5294117647058822,Greg Gaines
0.6470588235294118,Terrell Lewis
2.0,Michael Hoecht
1.24,Greg Gaines
1.32,Justin Hollins
0.44,Terrell Lewis
2.36,Michael Hoecht
1.9545454545454544,Greg Gaines
0.9090909090909092,Justin Hollins
0.9090909090909092,Terrell Lewis
1.0909090909090908,Michael Hoecht
0.8461538461538461,Greg Gaines
0.9230769230769232,Justin Hollins
1.1538461538461535,Terrell Lewis
2.5,Michael Hoecht
0.0,Leonard Floyd
2.3076923076923075,A'Shawn Robinson
1.1923076923076923,Greg Gaines
0.9230769230769232,Michael Hoecht
1.3,Aaron Donald
0.75,Kenny Young
1.55,Sebastian Joseph
0.7,Justin Hollins
1.3461538461538465,Aaron Donald
1.5769230769230769,Leonard Floyd
1.3461538461538465,Sebastian Joseph
0.6153846153846154,Justin Hollins
2.0869565217391304,William Gholston
1.0,Shaquil Barrett
1.826086956521739,Rakeem Nunez-Roches
0.9130434782608696,Joe Tryon
1.0,William Gholston
0.0,Ross Cockrell
1.0,Shaquil Barrett
1.0,Rakeem Nunez-Roches
2.0,Joe Tryon
1.0,Ndamukong Suh
1.0769230769230769,Shaquil Barrett
1.4230769230769231,Vita Vea
1.3461538461538465,Joe Tryon
1.6538461538461535,Aaron Donald
0.6923076923076923,Leonard Floyd
1.3076923076923077,Sebastian Joseph
1.0769230769230769,Justin Hollins
2.45,Aaron Donald
0.5,Leonard Floyd
1.25,Sebastian Joseph
0.75,Justin Hollins
0.8846153846153846,Aaron Donald
1.6153846153846154,Leonard Floyd
1.3461538461538465,Sebastian Joseph
0.7307692307692307,Justin Hollins
1.6,Aaron Donald
0.56,Leonard Floyd
0.96,Kenny Young
1.48,Sebastian Joseph
2.0,Aaron Donald
0.5714285714285714,Kenny Young
1.7857142857142858,Sebastian Joseph
0.0,Terrell Lewis
0.75,Aaron Donald
1.3,Leonard Floyd
1.9,Sebastian Joseph
0.7,Terrell Lewis
0.7692307692307693,Aaron Donald
0.9230769230769232,Leonard Floyd
2.0,Sebastian Joseph
0.2692307692307692,Terrell Lewis
2.142857142857143,Aaron Donald
0.3571428571428571,Leonard Floyd
1.2142857142857142,Sebastian Joseph
0.7857142857142857,Terrell Lewis
0.65,Aaron Donald
1.35,Leonard Floyd
1.8,Sebastian Joseph
0.55,Taylor Rapp
0.45,Terrell Lewis
0.8421052631578947,Aaron Donald
0.7368421052631579,Leonard Floyd
1.263157894736842,Kenny Young
1.105263157894737,Sebastian Joseph
0.8421052631578947,Terrell Lewis
1.4583333333333333,Aaron Donald
0.8333333333333334,Leonard Floyd
1.3333333333333333,Sebastian Joseph
0.6666666666666666,Terrell Lewis
1.4615384615384617,Aaron Donald
1.8461538461538465,Greg Gaines
0.5384615384615384,Terrell Lewis
0.6538461538461539,Chris Garrett
1.3846153846153846,Aaron Donald
0.4230769230769231,Leonard Floyd
1.8846153846153848,Greg Gaines
0.8846153846153846,Terrell Lewis
2.230769230769231,Aaron Donald
0.2307692307692307,Leonard Floyd
1.0,Sebastian Joseph
1.0,Terrell Lewis
1.3571428571428572,Aaron Donald
0.7857142857142857,Leonard Floyd
1.9285714285714288,Michael Hoecht
0.5714285714285714,Chris Garrett
1.9523809523809523,Aaron Donald
0.7142857142857143,Leonard Floyd
0.8571428571428571,Terrell Lewis
1.2857142857142858,Michael Hoecht
0.6153846153846154,Danielle Hunter
1.7307692307692308,Michael Pierce
1.6538461538461535,Dalvin Tomlinson
1.0,D.J. Wonnum
1.3461538461538465,Danielle Hunter
1.0,Michael Pierce
1.5,Dalvin Tomlinson
1.0,D.J. Wonnum
1.0,Danielle Hunter
1.5416666666666667,Michael Pierce
1.0,Dalvin Tomlinson
1.4583333333333333,D.J. Wonnum
0.0,Danielle Hunter
1.6666666666666667,Michael Pierce
2.0,Dalvin Tomlinson
1.0,D.J. Wonnum
0.0666666666666666,Carlos Dunlap
1.0,Kerry Hyder
1.8666666666666667,Poona Ford
1.0666666666666669,Bryan Mone
0.8,Jordyn Brooks
1.9411764705882353,Robert Nkemdiche
1.1176470588235294,Poona Ford
1.411764705882353,Bryan Mone
1.0,Danielle Hunter
1.1153846153846154,Dalvin Tomlinson
2.0384615384615383,Armon Watts
1.4615384615384617,D.J. Wonnum
1.0714285714285714,Everson Griffen
1.5,Sheldon Richardson
0.8571428571428571,Eric Kendricks
0.7857142857142857,Danielle Hunter
0.6428571428571429,Nick Vigil
0.5,D.J. Wonnum
1.105263157894737,Everson Griffen
1.0,Sheldon Richardson
0.8947368421052632,Danielle Hunter
0.8947368421052632,Mackensie Alexander
1.105263157894737,D.J. Wonnum
1.7307692307692308,Everson Griffen
1.2692307692307692,Sheldon Richardson
0.6923076923076923,Danielle Hunter
1.0,D.J. Wonnum
0.85,Carlos Dunlap
1.0,Bobby Wagner
1.15,Kerry Hyder
1.0,Rasheem Green
0.95,Jordyn Brooks
0.8,Darrell Taylor
1.8846153846153848,Everson Griffen
1.2692307692307692,Sheldon Richardson
0.2692307692307692,Nick Vigil
1.6538461538461535,Stephen Weatherly
1.1153846153846154,Al Woods
1.3846153846153846,Robert Nkemdiche
1.6923076923076923,Rasheem Green
1.0,Darrell Taylor
1.7391304347826086,Kerry Hyder
1.0869565217391304,Poona Ford
1.173913043478261,Bryan Mone
0.9130434782608696,Darrell Taylor
0.8235294117647058,Carlos Dunlap
1.1176470588235294,Al Woods
1.4705882352941178,Kerry Hyder
1.1764705882352942,Poona Ford
0.6363636363636364,Carlos Dunlap
1.318181818181818,Kerry Hyder
0.4090909090909091,Jamal Adams
1.3636363636363635,Rasheem Green
0.9545454545454546,Darrell Taylor
1.4736842105263157,Danielle Hunter
1.105263157894737,Michael Pierce
1.8421052631578947,Dalvin Tomlinson
1.0,D.J. Wonnum
0.6666666666666666,Danielle Hunter
1.5416666666666667,Michael Pierce
1.625,Dalvin Tomlinson
1.0,D.J. Wonnum
1.0,Danielle Hunter
2.0,Michael Pierce
0.8666666666666667,Dalvin Tomlinson
1.0,D.J. Wonnum
1.4,Danielle Hunter
1.44,Michael Pierce
1.48,Dalvin Tomlinson
0.52,D.J. Wonnum
0.85,Carlos Dunlap
1.55,Robert Nkemdiche
1.15,Poona Ford
1.0,Bryan Mone
1.0,Carlos Dunlap
1.4545454545454546,Al Woods
0.4545454545454545,Jamal Adams
1.0,Rasheem Green
0.7272727272727273,Alton Robinson
1.0,Carlos Dunlap
1.4285714285714286,Al Woods
1.2857142857142858,Rasheem Green
0.6428571428571429,Alton Robinson
0.3846153846153846,Carlos Dunlap
2.0,Rasheem Green
1.6153846153846154,Poona Ford
0.0,Darrell Taylor
0.3333333333333333,Carlos Dunlap
1.6666666666666667,Robert Nkemdiche
1.9166666666666667,Rasheem Green
0.4166666666666667,Darrell Taylor
1.0,Carlos Dunlap
2.142857142857143,Al Woods
0.5238095238095238,Robert Nkemdiche
1.0,Darrell Taylor
1.8095238095238095,Everson Griffen
1.0,Sheldon Richardson
0.8571428571428571,Danielle Hunter
0.8095238095238095,D.J. Wonnum
1.1538461538461535,Everson Griffen
1.0769230769230769,Sheldon Richardson
2.3461538461538463,Danielle Hunter
1.1923076923076923,D.J. Wonnum
1.2173913043478262,Everson Griffen
1.7826086956521738,Sheldon Richardson
0.0,Eric Kendricks
1.0869565217391304,Danielle Hunter
1.0,Carlos Dunlap
2.0,Al Woods
1.0,Robert Nkemdiche
1.0,Poona Ford
1.48,Carlos Dunlap
0.0,Bobby Wagner
1.0,Robert Nkemdiche
1.72,Poona Ford
1.36,Bryan Mone
0.76,Jordyn Brooks
2.0,Al Woods
1.4583333333333333,Robert Nkemdiche
2.0,Rasheem Green
1.7058823529411764,Al Woods
1.0,Robert Nkemdiche
1.588235294117647,Rasheem Green
0.7058823529411765,Darrell Taylor
0.4166666666666667,Robert Nkemdiche
1.1666666666666667,Poona Ford
1.9166666666666667,Bryan Mone
0.4166666666666667,Jordyn Brooks
0.9166666666666666,Alton Robinson
0.9615384615384616,Carlos Dunlap
1.7692307692307692,Poona Ford
1.2307692307692308,Bryan Mone
0.8846153846153846,Everson Griffen
0.8461538461538461,Danielle Hunter
1.5384615384615383,Michael Pierce
1.1153846153846154,Dalvin Tomlinson
0.8461538461538461,Carlos Dunlap
0.8846153846153846,Rasheem Green
1.0,Poona Ford
1.7692307692307692,Bryan Mone
1.0,Carlos Dunlap
1.5,Robert Nkemdiche
1.1875,Rasheem Green
0.8125,Darrell Taylor
1.826086956521739,Al Woods
1.0,Robert Nkemdiche
1.173913043478261,Rasheem Green
1.0,Darrell Taylor
2.3846153846153846,Robert Nkemdiche
1.0,Rasheem Green
1.0,Bryan Mone
0.2307692307692307,Darrell Taylor
1.0,Carlos Dunlap
1.0869565217391304,Rasheem Green
1.826086956521739,Poona Ford
0.9130434782608696,Darrell Taylor
1.0,Everson Griffen
0.8333333333333334,Danielle Hunter
2.0,Dalvin Tomlinson
1.1666666666666667,Armon Watts
1.25,Everson Griffen
0.9,Danielle Hunter
1.1,Dalvin Tomlinson
1.35,Armon Watts
0.9411764705882352,Everson Griffen
0.2352941176470588,Harrison Smith
1.8235294117647056,Sheldon Richardson
1.4705882352941178,Danielle Hunter
0.4705882352941176,Nick Vigil
1.0,Carlos Dunlap
1.0,Al Woods
1.1363636363636365,Rasheem Green
1.0,Poona Ford
0.8636363636363636,Alton Robinson
0.9333333333333332,Carlos Dunlap
1.0,Bobby Wagner
1.0666666666666669,Robert Nkemdiche
1.2666666666666666,Rasheem Green
0.7333333333333333,Cody Barton
0.2666666666666666,Darrell Taylor
1.736842105263158,Everson Griffen
1.0526315789473684,Sheldon Richardson
0.9473684210526316,Danielle Hunter
1.0,D.J. Wonnum
1.1,Everson Griffen
1.95,Sheldon Richardson
1.0,Eric Kendricks
1.45,Danielle Hunter
1.0,D.J. Wonnum
2.0,Everson Griffen
1.2692307692307692,Sheldon Richardson
0.7307692307692307,Danielle Hunter
1.0,D.J. Wonnum
0.5,Everson Griffen
1.5769230769230769,Sheldon Richardson
0.8846153846153846,Danielle Hunter
1.5,D.J. Wonnum
1.2692307692307692,Everson Griffen
1.4230769230769231,Sheldon Richardson
1.1153846153846154,Danielle Hunter
1.4615384615384617,D.J. Wonnum
0.7222222222222222,Carlos Dunlap
2.0,Rasheem Green
1.2777777777777777,Poona Ford
0.8888888888888888,Darrell Taylor
1.6956521739130437,Everson Griffen
2.0,Sheldon Richardson
0.5652173913043478,Danielle Hunter
1.55,Everson Griffen
2.0,Sheldon Richardson
1.65,Danielle Hunter
1.588235294117647,Everson Griffen
2.0588235294117645,Sheldon Richardson
1.5294117647058822,Danielle Hunter
0.8823529411764706,Dee Ford
1.7647058823529411,Arik Armstead
1.0,Nick Bosa
1.0,Javon Kinlaw
0.6666666666666666,Preston Smith
1.0,Kenny Clark
1.0,Dean Lowry
1.0,Rashan Gary
1.1666666666666667,Kingsley Keke
1.2666666666666666,Kenny Clark
0.7333333333333333,Rashan Gary
1.6,Kingsley Keke
1.2666666666666666,Krys Barnes
0.84,Preston Smith
1.08,Kenny Clark
0.92,Rashan Gary
2.12,Kingsley Keke
1.0,Arik Armstead
0.7272727272727273,Samson Ebukam
1.0,D.J. Jones
2.1818181818181817,Javon Kinlaw
0.6666666666666666,Arik Armstead
0.7333333333333333,Samson Ebukam
1.2666666666666666,D.J. Jones
1.5333333333333334,Javon Kinlaw
1.8846153846153848,Arik Armstead
1.5,Samson Ebukam
1.1538461538461535,Javon Kinlaw
1.2307692307692308,Dee Ford
1.3846153846153846,Arik Armstead
1.1538461538461535,Nick Bosa
1.0,Preston Smith
1.0,Kenny Clark
1.0,Rashan Gary
1.7826086956521738,Kingsley Keke
0.9230769230769232,Dee Ford
1.0769230769230769,Arik Armstead
0.6538461538461539,Nick Bosa
0.7307692307692307,Azeez Al-Shaair
0.9230769230769232,Javon Kinlaw
1.0,Dee Ford
1.0,Arik Armstead
1.1153846153846154,Nick Bosa
1.3461538461538465,Javon Kinlaw
0.8076923076923077,Kenny Clark
1.8461538461538465,Dean Lowry
1.0,Kingsley Keke
1.1538461538461535,Jonathan Garvin
0.2142857142857142,Dee Ford
1.0,Arik Armstead
1.0,Nick Bosa
1.6428571428571428,Javon Kinlaw
1.3461538461538465,Dee Ford
1.0769230769230769,Arik Armstead
1.1153846153846154,Nick Bosa
0.0,Azeez Al-Shaair
1.3846153846153846,Javon Kinlaw
0.9565217391304348,Preston Smith
1.0,Kenny Clark
1.608695652173913,Dean Lowry
1.0,Rashan Gary
1.0,Preston Smith
1.0769230769230769,Kenny Clark
2.0,Dean Lowry
0.8461538461538461,Rashan Gary
0.6470588235294118,Preston Smith
1.6470588235294117,Kenny Clark
1.7647058823529411,Dean Lowry
0.6470588235294118,Rashan Gary
0.52,Preston Smith
1.76,Kenny Clark
0.44,Chandon Sullivan
2.2,Kingsley Keke
1.4583333333333333,Tyler Lancaster
1.4583333333333333,Kingsley Keke
1.2083333333333333,Jonathan Garvin
0.5416666666666666,Chauncey Rivers
1.0,Tyler Lancaster
2.0,Kingsley Keke
1.0384615384615383,Jonathan Garvin
0.9615384615384616,Chauncey Rivers
1.0,Tedarrell Slaton
1.9444444444444444,Kenny Clark
1.9444444444444444,Kingsley Keke
0.8888888888888888,Jonathan Garvin
0.0555555555555555,Chauncey Rivers
1.380952380952381,Arik Armstead
1.4761904761904765,Samson Ebukam
1.4761904761904765,D.J. Jones
1.0,Javon Kinlaw
0.8571428571428571,Dee Ford
0.5714285714285714,Jimmie Ward
0.7857142857142857,Arik Armstead
1.2142857142857142,Nick Bosa
1.5714285714285714,Javon Kinlaw
0.8571428571428571,Arik Armstead
1.0,D.J. Jones
1.5714285714285714,Nick Bosa
1.6428571428571428,Javon Kinlaw
0.1428571428571428,Preston Smith
1.7857142857142858,Kenny Clark
1.1428571428571428,Rashan Gary
1.6428571428571428,Kingsley Keke
0.7857142857142857,Preston Smith
1.9285714285714288,Kenny Clark
0.9285714285714286,Rashan Gary
1.2142857142857142,Kingsley Keke
0.3809523809523809,Preston Smith
0.9523809523809524,Kenny Clark
0.9523809523809524,Rashan Gary
2.619047619047619,Kingsley Keke
0.9615384615384616,Preston Smith
1.9230769230769231,Kenny Clark
1.0,Dean Lowry
0.9615384615384616,Rashan Gary
1.0,Preston Smith
1.0,Kenny Clark
2.0,Dean Lowry
1.0,Rashan Gary
1.0666666666666669,Preston Smith
2.4,Kenny Clark
1.5333333333333334,Dean Lowry
1.0,Rashan Gary
0.8846153846153846,Preston Smith
1.8846153846153848,Kenny Clark
1.0384615384615383,Dean Lowry
1.0,Rashan Gary
0.5,Preston Smith
2.4444444444444446,Tyler Lancaster
0.4444444444444444,Rashan Gary
2.2222222222222223,Kingsley Keke
0.6153846153846154,Preston Smith
1.4615384615384617,Kenny Clark
1.3076923076923077,Rashan Gary
1.2692307692307692,Kingsley Keke
0.7142857142857143,Adrian Amos
0.9523809523809524,De'Vondre Campbell
0.8571428571428571,Dean Lowry
0.0,Oren Burks
1.8571428571428572,Tyler Lancaster
1.380952380952381,Jonathan Garvin
1.0,Chauncey Rivers
0.8636363636363636,Arik Armstead
1.0,D.J. Jones
0.8181818181818182,Nick Bosa
1.5,Javon Kinlaw
0.3157894736842105,Preston Smith
1.0526315789473684,Kenny Clark
1.3157894736842106,De'Vondre Campbell
1.0,Rashan Gary
1.368421052631579,Kingsley Keke
1.0,Arik Armstead
0.875,D.J. Jones
1.3125,Nick Bosa
2.1875,Javon Kinlaw
1.2692307692307692,Arik Armstead
1.0384615384615383,D.J. Jones
1.6153846153846154,Nick Bosa
1.3846153846153846,Javon Kinlaw
0.782608695652174,Dee Ford
1.173913043478261,Arik Armstead
0.8260869565217391,Nick Bosa
1.565217391304348,Javon Kinlaw
1.6538461538461535,Preston Smith
1.3461538461538465,Kenny Clark
2.0,Dean Lowry
0.6153846153846154,Rashan Gary
1.3076923076923077,Kenny Clark
1.3846153846153846,Dean Lowry
0.8846153846153846,Oren Burks
0.6538461538461539,Rashan Gary
1.0,Preston Smith
2.5789473684210527,Kenny Clark
1.0,Dean Lowry
1.263157894736842,Jonathan Garvin
1.0,Preston Smith
1.0,Kenny Clark
1.4230769230769231,Dean Lowry
1.1153846153846154,Jonathan Garvin
0.9615384615384616,Samson Ebukam
1.3076923076923077,D.J. Jones
1.4230769230769231,Kentavius Street
1.8846153846153848,Nick Bosa
0.6363636363636364,Jimmie Ward
1.0,Samson Ebukam
1.0,D.J. Jones
1.4090909090909092,Kentavius Street
1.5454545454545454,Nick Bosa
0.9090909090909092,Dontae Johnson
1.7727272727272727,Arik Armstead
1.4090909090909092,Samson Ebukam
1.2272727272727273,Nick Bosa
2.0,Kenny Clark
1.0,Dean Lowry
1.8076923076923077,Rashan Gary
1.0,Kingsley Keke
0.9285714285714286,Preston Smith
1.0714285714285714,Kenny Clark
1.9285714285714288,Dean Lowry
1.0,Rashan Gary
0.5714285714285714,Dee Ford
0.2857142857142857,Jimmie Ward
1.8571428571428572,Arik Armstead
0.8571428571428571,Nick Bosa
0.0,Azeez Al-Shaair
1.3571428571428572,Javon Kinlaw
0.6923076923076923,Preston Smith
1.0384615384615383,Kenny Clark
2.0,Dean Lowry
0.4615384615384615,Rashan Gary
0.5769230769230769,Preston Smith
2.269230769230769,Kenny Clark
1.1923076923076923,Dean Lowry
0.8076923076923077,Rashan Gary
0.7058823529411765,Preston Smith
1.7647058823529411,Kenny Clark
0.8235294117647058,Rashan Gary
1.1764705882352942,Kingsley Keke
1.0,Preston Smith
0.5789473684210527,Kenny Clark
1.3157894736842106,Dean Lowry
1.2105263157894737,Jonathan Garvin
0.9230769230769232,Preston Smith
0.9230769230769232,Kenny Clark
1.1923076923076923,Rashan Gary
2.076923076923077,Kingsley Keke
1.0,Preston Smith
1.0,Kenny Clark
1.0,Rashan Gary
2.0,Kingsley Keke
0.9545454545454546,Preston Smith
2.0,Dean Lowry
1.0,Rashan Gary
1.0454545454545454,Kingsley Keke
1.3076923076923077,Dee Ford
2.5,Arik Armstead
1.4615384615384617,Samson Ebukam
0.7692307692307693,Nick Bosa
1.0,Dee Ford
1.45,Arik Armstead
1.35,Samson Ebukam
0.65,Nick Bosa
1.375,Dee Ford
1.125,Arik Armstead
2.1666666666666665,Samson Ebukam
1.3333333333333333,Nick Bosa
1.1176470588235294,Fletcher Cox
1.8823529411764703,Javon Hargrave
0.8823529411764706,Derek Barnett
1.0588235294117647,Milton Williams
1.1153846153846154,Fletcher Cox
1.1923076923076923,Javon Hargrave
0.6923076923076923,Derek Barnett
1.3846153846153846,Milton Williams
1.0769230769230769,Fletcher Cox
1.6153846153846154,Javon Hargrave
0.8846153846153846,Derek Barnett
2.0,Milton Williams
2.0,Brent Urban
1.0,Randy Gregory
1.0,Micah Parsons
1.0,Osa Odighizuwa
2.0,Brent Urban
1.0,Randy Gregory
1.0,Micah Parsons
1.0,Osa Odighizuwa
1.4615384615384617,Fletcher Cox
1.2307692307692308,Javon Hargrave
0.9615384615384616,Derek Barnett
0.8076923076923077,Josh Sweat
2.0,Javon Hargrave
1.0,Derek Barnett
0.7058823529411765,Josh Sweat
1.2352941176470589,Milton Williams
1.2307692307692308,Ryan Kerrigan
1.1538461538461535,Hassan Ridgeway
0.8461538461538461,Derek Barnett
1.6923076923076923,Marlon Tuipulotu
1.5,Ryan Kerrigan
1.5714285714285714,Hassan Ridgeway
0.4285714285714285,Genard Avery
1.4285714285714286,Marlon Tuipulotu
2.130434782608696,Fletcher Cox
1.5217391304347827,Javon Hargrave
1.2608695652173914,Josh Sweat
1.1176470588235294,Brent Urban
0.9411764705882352,Randy Gregory
1.0,Micah Parsons
1.9411764705882353,Osa Odighizuwa
2.2222222222222223,Brent Urban
0.9444444444444444,Randy Gregory
0.7777777777777778,Micah Parsons
0.9444444444444444,Osa Odighizuwa
1.5,Jaylon Smith
1.3846153846153846,Tarell Basham
1.0,Leighton Vander Esch
1.8076923076923077,Osa Odighizuwa
1.434782608695652,Hassan Ridgeway
1.2608695652173914,Derek Barnett
0.8695652173913043,Josh Sweat
1.1304347826086956,Milton Williams
0.9130434782608696,Randy Gregory
1.0869565217391304,Micah Parsons
1.9130434782608696,Osa Odighizuwa
1.0,Fletcher Cox
1.7692307692307692,Javon Hargrave
1.0384615384615383,Derek Barnett
0.8846153846153846,Josh Sweat
1.88,Fletcher Cox
1.04,Javon Hargrave
0.92,Derek Barnett
0.68,Josh Sweat
1.0384615384615383,Justin Hamilton
0.8076923076923077,Tarell Basham
1.0,Chauncey Golston
1.1153846153846154,Quinton Bohanna
1.4375,Randy Gregory
0.8125,Jaylon Smith
0.4375,Tarell Basham
1.4375,Micah Parsons
0.875,Osa Odighizuwa
1.5,Fletcher Cox
1.1666666666666667,Javon Hargrave
0.9166666666666666,Derek Barnett
1.75,Milton Williams
1.6111111111111112,Fletcher Cox
1.1111111111111112,Javon Hargrave
1.3333333333333333,Derek Barnett
0.6666666666666666,Josh Sweat
2.0,Brent Urban
0.9615384615384616,Randy Gregory
1.2307692307692308,Jayron Kearse
1.5769230769230769,Micah Parsons
1.0384615384615383,Osa Odighizuwa
1.25,Brent Urban
0.75,Randy Gregory
1.0,Justin Hamilton
1.0,Micah Parsons
1.0,Quinton Bohanna
1.1538461538461535,Brent Urban
1.0,Randy Gregory
0.8076923076923077,Justin Hamilton
0.5769230769230769,Micah Parsons
1.0769230769230769,Quinton Bohanna
1.0714285714285714,Brent Urban
0.9285714285714286,Randy Gregory
1.9285714285714288,Micah Parsons
2.0,Osa Odighizuwa
1.7142857142857142,Justin Hamilton
0.2857142857142857,Tarell Basham
1.0,Chauncey Golston
2.0,Quinton Bohanna
0.9230769230769232,Fletcher Cox
1.5384615384615383,Javon Hargrave
0.8076923076923077,Derek Barnett
1.4615384615384617,Josh Sweat
0.8076923076923077,Brent Urban
1.0769230769230769,Justin Hamilton
1.1923076923076923,Tarell Basham
1.1923076923076923,Chauncey Golston
1.0,Randy Gregory
0.9615384615384616,Micah Parsons
1.0,Osa Odighizuwa
1.5384615384615383,Chauncey Golston
1.1923076923076923,Randy Gregory
0.6538461538461539,Tarell Basham
1.6923076923076923,Micah Parsons
1.1923076923076923,Osa Odighizuwa
0.7307692307692307,Brent Urban
1.0,Randy Gregory
2.0384615384615383,Justin Hamilton
1.0,Micah Parsons
2.0,Brent Urban
1.0,Randy Gregory
1.0,Justin Hamilton
1.0,Micah Parsons
1.0,Ryan Kerrigan
1.35,Fletcher Cox
1.1,Javon Hargrave
0.65,Josh Sweat
1.6538461538461535,Ryan Kerrigan
1.0,Fletcher Cox
1.3461538461538465,Javon Hargrave
1.4230769230769231,Josh Sweat
1.3333333333333333,Fletcher Cox
0.6666666666666666,Eric Wilson
0.0,Avonte Maddox
0.0,Josh Sweat
2.0,Milton Williams
1.0,Randy Gregory
1.25,Micah Parsons
1.6666666666666667,Osa Odighizuwa
1.0,Chauncey Golston
0.4736842105263157,Randy Gregory
1.0,Micah Parsons
1.263157894736842,Osa Odighizuwa
1.9473684210526316,Chauncey Golston
0.6923076923076923,Randy Gregory
1.8461538461538465,Tarell Basham
1.3076923076923077,Micah Parsons
1.1153846153846154,Osa Odighizuwa
2.0,Ryan Kerrigan
1.0,Hassan Ridgeway
0.6923076923076923,Derek Barnett
1.3076923076923077,Milton Williams
1.0,Ryan Kerrigan
1.0,Hassan Ridgeway
1.0,Derek Barnett
0.8461538461538461,Genard Avery
1.1538461538461535,Milton Williams
1.75,Javon Hargrave
1.75,Hassan Ridgeway
1.25,Milton Williams
1.2307692307692308,Javon Hargrave
1.7692307692307692,Derek Barnett
0.7692307692307693,Josh Sweat
1.2307692307692308,Milton Williams
1.4615384615384617,Javon Hargrave
1.2307692307692308,Josh Sweat
1.5384615384615383,Milton Williams
1.625,Brent Urban
0.9375,Randy Gregory
1.0,Micah Parsons
1.1875,Osa Odighizuwa
1.173913043478261,Randy Gregory
0.8260869565217391,Tarell Basham
1.826086956521739,Micah Parsons
0.8260869565217391,Osa Odighizuwa
1.96,Randy Gregory
0.56,Jayron Kearse
1.24,Micah Parsons
1.0,Osa Odighizuwa
1.32,Chauncey Golston
1.3076923076923077,Randy Gregory
0.8461538461538461,Jaylon Smith
1.3846153846153846,Micah Parsons
0.6923076923076923,Osa Odighizuwa
1.7692307692307692,Chauncey Golston
2.0,Justin Hamilton
0.88,Tarell Basham
0.84,Chauncey Golston
1.0,Quinton Bohanna
1.1923076923076923,Justin Hamilton
0.8076923076923077,Tarell Basham
1.0,Chauncey Golston
2.0,Quinton Bohanna
2.0952380952380953,Justin Hamilton
0.6666666666666666,Azur Kamara
1.1904761904761905,Osa Odighizuwa
1.0,Chauncey Golston
1.4375,Justin Hamilton
1.0,Azur Kamara
1.625,Osa Odighizuwa
0.6875,Chauncey Golston
1.2692307692307692,Brent Urban
0.6153846153846154,Randy Gregory
1.3461538461538465,Justin Hamilton
0.9615384615384616,Micah Parsons
1.181818181818182,Justin Hamilton
0.9090909090909092,Azur Kamara
0.8181818181818182,Chauncey Golston
2.0,Quinton Bohanna
1.0769230769230769,Justin Hamilton
0.8846153846153846,Azur Kamara
0.9230769230769232,Chauncey Golston
1.9230769230769231,Quinton Bohanna
1.6538461538461535,D.J. Reader
2.0,Larry Ogunjobi
1.3461538461538465,Sam Hubbard
2.0,Larry Ogunjobi
1.1363636363636365,Trey Hendrickson
1.5454545454545454,Akeem Davis-Gaither
0.9545454545454546,Cameron Sample
1.5,Malcom Brown
1.5,Adam Gotsis
0.75,Dawuane Smoot
1.0,Josh Allen
1.5,Myles Jack
1.3461538461538465,Jihad Ward
1.5,Dawuane Smoot
0.0,Tre Herndon
1.1923076923076923,K'Lavon Chaisson
1.0384615384615383,D.J. Reader
1.2307692307692308,Larry Ogunjobi
2.0,Trey Hendrickson
1.0,Sam Hubbard
1.0769230769230769,D.J. Reader
1.0769230769230769,B.J. Hill
2.0,Wyatt Ray
0.8461538461538461,Cameron Sample
1.75,Malcom Brown
1.0,Dawuane Smoot
0.6,Rayshawn Jenkins
1.2,Taven Bryan
1.0,Josh Allen
1.8846153846153848,Jihad Ward
1.4615384615384617,Adam Gotsis
0.8846153846153846,Dawuane Smoot
0.8846153846153846,Josh Allen
1.0,Trey Hendrickson
1.0,Josh Tupou
1.6153846153846154,B.J. Hill
0.8076923076923077,Sam Hubbard
2.0,Adam Gotsis
1.0,Dawuane Smoot
1.0,Josh Allen
2.0,Davon Hamilton
1.5,Adam Gotsis
1.0,Dawuane Smoot
0.1428571428571428,Shaquill Griffin
1.4285714285714286,Josh Allen
1.5714285714285714,Davon Hamilton
1.3846153846153846,Jihad Ward
1.3076923076923077,Dawuane Smoot
0.9230769230769232,Josh Allen
0.8076923076923077,K'Lavon Chaisson
2.0,D.J. Reader
2.0,Larry Ogunjobi
1.0,Trey Hendrickson
0.0,Sam Hubbard
1.6923076923076923,D.J. Reader
1.5769230769230769,Larry Ogunjobi
1.1923076923076923,Josh Tupou
1.1538461538461535,D.J. Reader
1.1538461538461535,Josh Tupou
1.5769230769230769,B.J. Hill
0.8461538461538461,Sam Hubbard
1.0769230769230769,Malcom Brown
0.8461538461538461,Myles Jack
1.9230769230769231,Adam Gotsis
1.1538461538461535,Dawuane Smoot
1.8846153846153848,D.J. Reader
1.0769230769230769,Larry Ogunjobi
1.1153846153846154,Trey Hendrickson
0.9230769230769232,Sam Hubbard
1.5454545454545454,D.J. Reader
1.4545454545454546,Larry Ogunjobi
1.2727272727272727,Trey Hendrickson
0.0,
0.9090909090909092,Sam Hubbard
0.3636363636363636,Akeem Davis-Gaither
1.4375,Malcom Brown
1.375,Adam Gotsis
1.5625,Dawuane Smoot
0.0,Tre Herndon
0.625,Josh Allen
1.45,Malcom Brown
1.95,Adam Gotsis
0.9,Dawuane Smoot
1.35,Josh Allen
0.8461538461538461,Larry Ogunjobi
0.6153846153846154,Trey Hendrickson
0.9230769230769232,Sam Hubbard
1.2307692307692308,Logan Wilson
1.3846153846153846,Cameron Sample
2.0,Malcom Brown
1.0,Jihad Ward
1.12,Taven Bryan
0.88,Josh Allen
1.85,Malcom Brown
1.05,Myles Jack
1.55,Adam Gotsis
1.7142857142857142,Jihad Ward
1.380952380952381,Dawuane Smoot
0.9523809523809524,Josh Allen
0.8571428571428571,K'Lavon Chaisson
1.7307692307692308,D.J. Reader
1.3846153846153846,Larry Ogunjobi
1.0384615384615383,Trey Hendrickson
1.0,Sam Hubbard
1.0,D.J. Reader
1.8823529411764703,B.J. Hill
1.7647058823529411,Sam Hubbard
1.0,D.J. Reader
1.0,Trey Hendrickson
1.0,B.J. Hill
1.6666666666666667,Sam Hubbard
0.6923076923076923,Vonn Bell
1.0,Josh Tupou
1.4230769230769231,B.J. Hill
1.2307692307692308,Sam Hubbard
1.75,Larry Ogunjobi
1.0,Trey Hendrickson
0.8125,Sam Hubbard
0.9375,Cameron Sample
1.0476190476190477,Larry Ogunjobi
1.0,Trey Hendrickson
1.761904761904762,Josh Tupou
0.9523809523809524,Cameron Sample
1.2857142857142858,Malcom Brown
0.7857142857142857,Dawuane Smoot
1.5714285714285714,Taven Bryan
1.0,Josh Allen
1.1875,Malcom Brown
0.875,Dawuane Smoot
1.8125,Taven Bryan
1.0625,Josh Allen
1.1578947368421053,Jihad Ward
1.0,Dawuane Smoot
0.8421052631578947,Josh Allen
0.6842105263157895,K'Lavon Chaisson
1.3333333333333333,Adam Gotsis
1.0,Dawuane Smoot
0.6666666666666666,Josh Allen
0.3333333333333333,Andrew Wingard
1.5833333333333333,Davon Hamilton
1.0384615384615383,Adam Gotsis
0.9230769230769232,Dawuane Smoot
1.0,Josh Allen
2.0,Davon Hamilton
1.4,Malcom Brown
0.2,Damien Wilson
0.6,Myles Jack
1.8,Adam Gotsis
0.9333333333333332,Dawuane Smoot
1.6153846153846154,Malcom Brown
1.8076923076923077,Adam Gotsis
1.4615384615384617,Dawuane Smoot
1.8461538461538465,D.J. Reader
1.3076923076923077,Trey Hendrickson
1.5384615384615383,B.J. Hill
0.9166666666666666,Trey Hendrickson
2.7083333333333335,B.J. Hill
1.125,Sam Hubbard
1.0869565217391304,Malcom Brown
2.0434782608695654,Adam Gotsis
0.8260869565217391,Dawuane Smoot
1.0434782608695652,Josh Allen
2.0,Malcom Brown
0.5384615384615384,Damien Wilson
0.8461538461538461,Dawuane Smoot
1.4615384615384617,Taven Bryan
0.7857142857142857,Dawuane Smoot
1.4285714285714286,Taven Bryan
1.0,Josh Allen
1.7857142857142858,Davon Hamilton
1.4615384615384617,Malcom Brown
1.3846153846153846,Adam Gotsis
1.0,Dawuane Smoot
0.6153846153846154,Josh Allen
1.0769230769230769,Jonathan Allen
0.9230769230769232,Daron Payne
1.0,Montez Sweat
1.6153846153846154,Chase Young
1.5625,Matt Ioannidis
0.9375,Jonathan Allen
1.625,Daron Payne
1.0,Chase Young
1.0625,James Smith-Williams
2.1176470588235294,Matt Ioannidis
2.176470588235294,Tim Settle
0.4117647058823529,Montez Sweat
1.0,James Smith-Williams
1.5,Jonathan Allen
0.1666666666666666,Daron Payne
2.0,Cole Holcomb
0.8333333333333334,Chase Young
0.5,Casey Toohill
1.8846153846153848,Jonathan Allen
1.3461538461538465,Daron Payne
1.0,Chase Young
1.5384615384615383,James Smith-Williams
1.3076923076923077,Jonathan Allen
1.0,Daron Payne
1.0,Chase Young
1.6923076923076923,James Smith-Williams
2.1666666666666665,Matt Ioannidis
1.2222222222222223,Jonathan Allen
0.7777777777777778,Montez Sweat
0.7222222222222222,Chase Young
0.4,Steven Means
1.0,Dante Fowler
1.6,Grady Jarrett
2.0,Tyeler Davison
1.411764705882353,Steven Means
1.3529411764705883,Dante Fowler
1.3529411764705883,Grady Jarrett
0.0,Isaiah Oliver
0.7777777777777778,Steven Means
1.1111111111111112,Dante Fowler
1.2222222222222223,Grady Jarrett
1.5555555555555556,Ta'Quon Graham
1.0,Matt Ioannidis
1.105263157894737,Jonathan Allen
2.0,Daron Payne
1.105263157894737,Montez Sweat
1.0,James Smith-Williams
1.1538461538461535,Dante Fowler
1.3846153846153846,Grady Jarrett
0.4230769230769231,Isaiah Oliver
1.3076923076923077,Foyesade Oluokun
1.2692307692307692,Ta'Quon Graham
1.1578947368421053,Jonathan Allen
1.1578947368421053,Daron Payne
1.8421052631578947,Tim Settle
0.3157894736842105,James Smith-Williams
1.6923076923076923,Jonathan Allen
2.0,Tim Settle
1.3846153846153846,Montez Sweat
0.9230769230769232,Chase Young
1.0,Brandon Copeland
1.7692307692307692,Jonathan Bullard
1.0,Ta'Quon Graham
1.0,Adetokunbo Ogundeji
1.0,Steven Means
0.8,Dante Fowler
2.2,Grady Jarrett
0.52,Foyesade Oluokun
1.0,Ta'Quon Graham
1.3043478260869563,Steven Means
0.8695652173913043,Dante Fowler
1.434782608695652,Grady Jarrett
1.2173913043478262,Tyeler Davison
0.875,Steven Means
1.25,Dante Fowler
1.125,Grady Jarrett
1.5833333333333333,Ta'Quon Graham
1.2222222222222223,Jon Bostic
1.3333333333333333,Matt Ioannidis
1.0,Daron Payne
0.7777777777777778,Montez Sweat
1.0,Casey Toohill
0.5384615384615384,Jon Bostic
0.8461538461538461,Matt Ioannidis
1.4615384615384617,Daron Payne
1.0,Montez Sweat
0.8461538461538461,Chase Young
2.076923076923077,Matt Ioannidis
0.8076923076923077,Daron Payne
1.1923076923076923,Montez Sweat
1.0769230769230769,Chase Young
1.2692307692307692,Steven Means
1.0,Dante Fowler
2.0384615384615383,Grady Jarrett
1.0,Tyeler Davison
1.0,Steven Means
1.0,Dante Fowler
1.2692307692307692,Grady Jarrett
1.0384615384615383,Tyeler Davison
0.7692307692307693,Deion Jones
1.0,Dante Fowler
0.7692307692307693,Grady Jarrett
1.9230769230769231,Tyeler Davison
1.0,Adetokunbo Ogundeji
1.588235294117647,Jonathan Allen
0.7647058823529411,Daron Payne
0.8823529411764706,Montez Sweat
0.8235294117647058,Cole Holcomb
0.9411764705882352,Chase Young
1.391304347826087,Matt Ioannidis
2.0,Jonathan Allen
1.2608695652173914,Chase Young
0.5217391304347826,James Smith-Williams
1.625,Matt Ioannidis
1.4375,Daron Payne
1.5625,Montez Sweat
0.25,Chase Young
1.2,Matt Ioannidis
2.25,Daron Payne
0.75,Montez Sweat
1.25,Chase Young
1.5625,Jonathan Allen
1.5,Daron Payne
1.0,Montez Sweat
0.9375,Chase Young
1.7777777777777777,Jonathan Allen
1.1111111111111112,Daron Payne
0.8333333333333334,Montez Sweat
0.8333333333333334,Chase Young
1.5625,Jonathan Allen
1.5,Daron Payne
0.9375,Montez Sweat
0.125,Cole Holcomb
0.875,Chase Young
1.5789473684210529,Matt Ioannidis
1.0,Jonathan Allen
1.2105263157894737,Daron Payne
1.0,Montez Sweat
1.0,Chase Young
1.8571428571428572,Jonathan Allen
1.2857142857142858,Daron Payne
1.0,Chase Young
0.7857142857142857,James Smith-Williams
2.0833333333333335,Matt Ioannidis
0.9166666666666666,Daron Payne
0.6666666666666666,Montez Sweat
0.4166666666666667,Kamren Curl
0.6666666666666666,Casey Toohill
2.3,Matt Ioannidis
0.7,Tim Settle
1.3,Montez Sweat
0.7,Chase Young
2.5555555555555554,Matt Ioannidis
1.4444444444444444,Tim Settle
1.0,Montez Sweat
0.0,Chase Young
0.8,Steven Means
0.96,Dante Fowler
2.04,Grady Jarrett
1.2,Tyeler Davison
0.7777777777777778,Steven Means
0.1666666666666666,Dante Fowler
0.7777777777777778,Grady Jarrett
1.3333333333333333,Foyesade Oluokun
0.8333333333333334,Ta'Quon Graham
1.1,Steven Means
0.95,Dante Fowler
1.05,Grady Jarrett
1.45,Ta'Quon Graham
1.5384615384615383,Brandon Copeland
1.1538461538461535,Tyeler Davison
1.5384615384615383,Jonathan Bullard
0.8461538461538461,Adetokunbo Ogundeji
2.1153846153846154,Jonathan Allen
1.6923076923076923,Daron Payne
1.3846153846153846,Chase Young
0.5769230769230769,James Smith-Williams
0.6666666666666666,Landon Collins
1.5555555555555556,Jonathan Allen
1.4444444444444444,Daron Payne
0.9444444444444444,Chase Young
0.3333333333333333,Kamren Curl
1.9230769230769231,Matt Ioannidis
1.0769230769230769,Daron Payne
0.9230769230769232,Montez Sweat
0.7692307692307693,James Smith-Williams
1.5294117647058822,Matt Ioannidis
2.2941176470588234,Daron Payne
1.0,Montez Sweat
0.4705882352941176,James Smith-Williams
1.1428571428571428,Matt Ioannidis
1.7142857142857142,Jonathan Allen
1.0952380952380951,Tim Settle
1.1428571428571428,Montez Sweat
0.2857142857142857,Casey Toohill
1.6666666666666667,Daron Payne
0.8333333333333334,Tim Settle
1.5833333333333333,Chase Young
0.0833333333333333,James Smith-Williams
0.8095238095238095,Steven Means
2.1904761904761907,Dante Fowler
0.8095238095238095,Jonathan Bullard
1.0,Ta'Quon Graham
0.5,Steven Means
0.75,Dante Fowler
1.0,Grady Jarrett
0.25,Deion Jones
2.0,Foyesade Oluokun
1.5238095238095235,Matt Ioannidis
2.047619047619047,Jonathan Allen
1.1904761904761905,Chase Young
0.9047619047619048,James Smith-Williams
1.5384615384615383,Brandon Copeland
2.1153846153846154,Grady Jarrett
1.1538461538461535,Jonathan Bullard
1.0,Adetokunbo Ogundeji
1.1538461538461535,Steven Means
0.9615384615384616,Dante Fowler
2.3461538461538463,Grady Jarrett
1.1923076923076923,Jonathan Bullard
0.8846153846153846,Steven Means
1.0,Dante Fowler
1.6538461538461535,Grady Jarrett
1.4230769230769231,Ta'Quon Graham
1.0,Steven Means
1.12,Tyeler Davison
1.2,Ta'Quon Graham
1.64,Adetokunbo Ogundeji
0.9230769230769232,Steven Means
1.0,Dante Fowler
1.1538461538461535,Grady Jarrett
1.0384615384615383,Ta'Quon Graham
0.5384615384615384,Avery Williams
1.0,Steven Means
0.2307692307692307,Dante Fowler
1.7307692307692308,Grady Jarrett
1.3461538461538465,Jonathan Bullard
1.0384615384615383,Foyesade Oluokun
1.0,Steven Means
0.8333333333333334,Dante Fowler
1.5,Grady Jarrett
1.2777777777777777,Ta'Quon Graham
0.5769230769230769,Steven Means
1.4230769230769231,Dante Fowler
2.0,Grady Jarrett
1.4230769230769231,Ta'Quon Graham
0.2692307692307692,Avery Williams
0.6111111111111112,Dante Fowler
2.5555555555555554,Grady Jarrett
1.6111111111111112,Ta'Quon Graham
0.0,Avery Williams
1.88,Steven Means
0.76,Dante Fowler
1.16,Grady Jarrett
1.68,Ta'Quon Graham
2.0,Steven Means
1.3076923076923077,Dante Fowler
1.6923076923076923,Grady Jarrett
1.8846153846153848,Jonathan Allen
1.0,Montez Sweat
1.3461538461538465,Chase Young
0.6538461538461539,Jamin Davis
1.263157894736842,Jonathan Allen
0.7368421052631579,Montez Sweat
1.5263157894736843,Chase Young
1.8461538461538465,Daron Payne
1.2692307692307692,Montez Sweat
1.6538461538461535,Chase Young
1.2307692307692308,Matt Ioannidis
0.7692307692307693,Daron Payne
0.9230769230769232,Montez Sweat
0.6923076923076923,Cole Holcomb
1.0,Chase Young
0.6666666666666666,Christian Kirksey
1.8571428571428572,Maliek Collins
1.0,Jacob Martin
1.7142857142857142,Jonathan Greenard
1.4761904761904765,Roy Lopez
1.24,Jerry Hughes
1.44,Star Lotulelei
0.64,Matt Milano
1.96,Ed Oliver
0.16,Cameron Lewis
0.7391304347826086,Whitney Mercilus
0.8260869565217391,DeMarcus Walker
2.130434782608696,Jaleel Johnson
1.3478260869565215,Charles Omenihu
1.6521739130434785,Maliek Collins
1.0869565217391304,Jacob Martin
0.782608695652174,Jonathan Greenard
1.565217391304348,Roy Lopez
0.8076923076923077,Whitney Mercilus
1.7307692307692308,DeMarcus Walker
1.4615384615384617,Jaleel Johnson
0.9615384615384616,Charles Omenihu
1.5769230769230769,Whitney Mercilus
1.1538461538461535,DeMarcus Walker
1.3846153846153846,Jaleel Johnson
0.8461538461538461,Charles Omenihu
1.411764705882353,Whitney Mercilus
1.0,DeMarcus Walker
1.1176470588235294,Jaleel Johnson
1.0,Charles Omenihu
1.0384615384615383,Star Lotulelei
1.6538461538461535,Harrison Phillips
0.9615384615384616,A.J. Epenesa
0.8461538461538461,Carlos Basham
1.0,Maliek Collins
1.0588235294117647,Jacob Martin
1.0,Jonathan Greenard
1.9411764705882353,Roy Lopez
2.0454545454545454,Maliek Collins
0.9090909090909092,Jacob Martin
1.4090909090909092,Jonathan Greenard
1.1363636363636365,Roy Lopez
0.8823529411764706,Jerry Hughes
1.0,Mario Addison
1.0,Star Lotulelei
1.2352941176470589,Ed Oliver
0.6538461538461539,Jerry Hughes
1.0,Mario Addison
1.0,Star Lotulelei
2.0,Ed Oliver
1.16,Whitney Mercilus
0.36,Kamu Grugier-Hill
1.24,DeMarcus Walker
1.4,Jaleel Johnson
0.8,Tavierre Thomas
1.0,Charles Omenihu
1.2857142857142858,Maliek Collins
1.0,Jacob Martin
0.8571428571428571,Jonathan Greenard
1.380952380952381,Roy Lopez
2.0,DeMarcus Walker
0.8846153846153846,Jacob Martin
1.0,Jonathan Greenard
1.0,Roy Lopez
1.0,DeMarcus Walker
0.9615384615384616,Jacob Martin
1.0,Jonathan Greenard
1.6538461538461535,Roy Lopez
1.0,Whitney Mercilus
0.8076923076923077,Maliek Collins
1.5,Jaleel Johnson
0.9615384615384616,Charles Omenihu
1.0,Whitney Mercilus
1.1304347826086956,Maliek Collins
1.1304347826086956,Jaleel Johnson
0.4782608695652174,Charles Omenihu
0.7307692307692307,Whitney Mercilus
1.3076923076923077,Maliek Collins
1.1538461538461535,Jaleel Johnson
1.5384615384615383,Charles Omenihu
1.0,Whitney Mercilus
0.9090909090909092,DeMarcus Walker
1.0,Jacob Martin
1.3636363636363635,Roy Lopez
1.1923076923076923,Maliek Collins
1.0,Jacob Martin
2.076923076923077,Charles Omenihu
2.0,Roy Lopez
0.0,Christian Kirksey
0.6,Maliek Collins
1.36,Jacob Martin
0.52,Tavierre Thomas
1.0,Charles Omenihu
2.4,Roy Lopez
1.7692307692307692,Maliek Collins
1.5384615384615383,DeMarcus Walker
0.7692307692307693,Jacob Martin
0.9230769230769232,Charles Omenihu
0.92,Whitney Mercilus
1.2,Maliek Collins
1.24,DeMarcus Walker
1.36,Jacob Martin
0.4230769230769231,A.J. Klein
1.7307692307692308,Justin Zimmer
1.3076923076923077,A.J. Epenesa
1.6153846153846154,Carlos Basham
0.5714285714285714,Mario Addison
1.8571428571428572,Justin Zimmer
1.5,Harrison Phillips
0.8571428571428571,Carlos Basham
0.2,Mario Addison
1.6,Justin Zimmer
2.0,Harrison Phillips
1.0,Carlos Basham
0.5769230769230769,Christian Kirksey
1.3461538461538465,Maliek Collins
1.1153846153846154,DeMarcus Walker
0.8846153846153846,Jacob Martin
0.5384615384615384,Charles Omenihu
1.9,Justin Zimmer
1.25,Harrison Phillips
0.95,A.J. Epenesa
0.7,Carlos Basham
1.4230769230769231,Justin Zimmer
2.0,Harrison Phillips
0.6153846153846154,Tyrel Dodson
0.6923076923076923,Carlos Basham
1.05,Justin Zimmer
1.5,Harrison Phillips
0.85,A.J. Epenesa
0.5,Carlos Basham
0.92,Justin Zimmer
1.08,A.J. Epenesa
1.0,Gregory Rousseau
2.0,Carlos Basham
1.0,Justin Zimmer
1.0,A.J. Epenesa
1.0,Gregory Rousseau
1.8461538461538465,Carlos Basham
1.7307692307692308,Justin Zimmer
1.0384615384615383,A.J. Epenesa
0.7692307692307693,Gregory Rousseau
1.2692307692307692,Carlos Basham
1.0384615384615383,Harrison Phillips
1.8846153846153848,A.J. Epenesa
1.0,Gregory Rousseau
1.1923076923076923,Carlos Basham
1.4230769230769231,Justin Zimmer
1.1923076923076923,Harrison Phillips
0.5,A.J. Epenesa
0.9230769230769232,Carlos Basham
1.8333333333333333,Michael Brockers
0.1666666666666666,Nicholas Williams
1.0,Romeo Okwara
1.3333333333333333,Charles Harris
0.3888888888888889,A.J. Parker
0.5,Nicholas Williams
0.2777777777777778,Romeo Okwara
0.7777777777777778,Charles Harris
1.7222222222222223,Alex Anzalone
1.7222222222222223,Julian Okwara
1.1153846153846154,Michael Brockers
2.0,Romeo Okwara
0.6538461538461539,Charles Harris
1.1538461538461535,Alex Anzalone
1.0769230769230769,Levi Onwuzurike
0.9230769230769232,Khalil Mack
0.9230769230769232,Jeremiah Attaochu
0.7307692307692307,Eddie Goldman
2.269230769230769,Bilal Nichols
0.5384615384615384,Robert Quinn
1.0384615384615383,Khalil Mack
0.9230769230769232,Angelo Blackson
2.0384615384615383,Khyiris Tonga
1.0769230769230769,Nicholas Williams
1.6538461538461535,Charles Harris
0.8461538461538461,Austin Bryant
1.1153846153846154,Julian Okwara
0.7142857142857143,Robert Quinn
1.2142857142857142,Khalil Mack
1.0,Eddie Goldman
1.5714285714285714,Angelo Blackson
0.875,Khalil Mack
0.8333333333333334,Jeremiah Attaochu
1.0833333333333333,Eddie Goldman
2.0833333333333335,Angelo Blackson
0.8695652173913043,Robert Quinn
0.3478260869565217,Khalil Mack
1.0869565217391304,Eddie Goldman
2.347826086956522,Angelo Blackson
0.2727272727272727,Robert Quinn
2.136363636363636,Mario Edwards
1.0,Bilal Nichols
1.0,Trevis Gipson
0.9047619047619048,Robert Quinn
0.9523809523809524,Khalil Mack
1.619047619047619,Mario Edwards
1.1904761904761905,Bilal Nichols
0.84,Robert Quinn
0.88,Khalil Mack
1.68,Mario Edwards
1.12,Bilal Nichols
1.3,Michael Brockers
0.35,Dean Marlowe
0.55,Charles Harris
0.7,Alex Anzalone
1.3,Austin Bryant
0.5,Julian Okwara
0.7727272727272727,Jeremiah Attaochu
0.9545454545454546,Eddie Goldman
1.4545454545454546,Angelo Blackson
1.2272727272727273,Bilal Nichols
1.0,Robert Quinn
1.25,Khalil Mack
1.4166666666666667,Angelo Blackson
1.0,Bilal Nichols
0.9047619047619048,Robert Quinn
0.8571428571428571,Khalil Mack
2.0,Eddie Goldman
1.1428571428571428,Angelo Blackson
0.0,
0.5384615384615384,Charles Harris
1.2307692307692308,Austin Bryant
1.8461538461538465,Levi Onwuzurike
1.3076923076923077,Alim McNeill
0.8333333333333334,Charles Harris
0.5,Austin Bryant
1.0,John Penisini
1.5,Levi Onwuzurike
1.1666666666666667,Alim McNeill
1.85,Michael Brockers
1.0,Nicholas Williams
1.05,Charles Harris
1.0,Austin Bryant
1.2777777777777777,Michael Brockers
1.9444444444444444,Nicholas Williams
1.0,Charles Harris
0.8888888888888888,Austin Bryant
0.1818181818181818,Robert Quinn
0.7727272727272727,Jeremiah Attaochu
1.818181818181818,Mario Edwards
1.4090909090909092,Angelo Blackson
0.52,Robert Quinn
1.36,Jeremiah Attaochu
0.8,Mario Edwards
1.96,Angelo Blackson
0.9545454545454546,Robert Quinn
1.181818181818182,Khalil Mack
1.0454545454545454,Eddie Goldman
1.3636363636363635,Bilal Nichols
0.3461538461538461,Michael Brockers
1.5769230769230769,Nicholas Williams
1.0,Charles Harris
2.423076923076923,Alim McNeill
1.1363636363636365,Michael Brockers
2.0,Nicholas Williams
0.8636363636363636,Charles Harris
1.318181818181818,Austin Bryant
1.2173913043478262,Jeremiah Attaochu
1.3478260869565215,Mario Edwards
1.0,Angelo Blackson
0.9130434782608696,Trevis Gipson
0.6153846153846154,Robert Quinn
0.6923076923076923,Khalil Mack
1.3076923076923077,Mario Edwards
2.076923076923077,Angelo Blackson
0.9230769230769232,Robert Quinn
0.4615384615384615,Khalil Mack
1.4230769230769231,Mario Edwards
1.6538461538461535,Angelo Blackson
1.1153846153846154,DeAndre Houston-Carson
1.8076923076923077,Michael Brockers
0.9230769230769232,Charles Harris
1.0384615384615383,Austin Bryant
1.1538461538461535,Levi Onwuzurike
1.0,Jeremiah Attaochu
1.8125,Eddie Goldman
1.5,Bilal Nichols
0.625,Trevis Gipson
0.75,Jeremiah Attaochu
1.0,Eddie Goldman
1.25,Angelo Blackson
1.25,Bilal Nichols
0.75,Trevis Gipson
0.7,Jeremiah Attaochu
1.0,Angelo Blackson
1.4,Bilal Nichols
1.0,Trevis Gipson
2.1153846153846154,Nicholas Williams
1.8461538461538465,Charles Harris
1.0,Austin Bryant
1.4230769230769231,Levi Onwuzurike
1.619047619047619,Michael Brockers
1.4761904761904765,Charles Harris
0.0,Alex Anzalone
0.9523809523809524,Austin Bryant
0.8095238095238095,Julian Okwara
0.8947368421052632,Robert Quinn
1.2105263157894737,Mario Edwards
1.3157894736842106,Angelo Blackson
0.6842105263157895,Trevis Gipson
0.7894736842105263,Khyiris Tonga
0.782608695652174,Robert Quinn
1.2173913043478262,Mario Edwards
2.0434782608695654,Angelo Blackson
0.5652173913043478,Trevis Gipson
1.0,Robert Quinn
2.0,Mario Edwards
1.8461538461538465,Angelo Blackson
1.1538461538461535,Trevis Gipson
1.2307692307692308,Mario Edwards
1.4615384615384617,Angelo Blackson
0.8076923076923077,Roquan Smith
1.0,Trevis Gipson
0.9230769230769232,Robert Quinn
2.3461538461538463,Angelo Blackson
1.1538461538461535,Bilal Nichols
0.7307692307692307,Trevis Gipson
1.04,Robert Quinn
0.84,Jeremiah Attaochu
1.08,Eddie Goldman
1.36,Bilal Nichols
1.35,Eddie Goldman
1.6,Bilal Nichols
1.05,Khyiris Tonga
1.25,Michael Brockers
0.45,Charles Harris
1.0,Austin Bryant
2.0,John Penisini
0.9615384615384616,Jeremiah Attaochu
2.0384615384615383,Angelo Blackson
0.6153846153846154,Roquan Smith
1.4615384615384617,Bilal Nichols
1.0,Robert Quinn
1.1764705882352942,Angelo Blackson
1.2352941176470589,Bilal Nichols
0.8235294117647058,Trevis Gipson
0.7692307692307693,Robert Quinn
0.4230769230769231,Alec Ogletree
1.6153846153846154,Mario Edwards
1.5769230769230769,Eddie Goldman
0.9230769230769232,Robert Quinn
0.0769230769230769,Khalil Mack
1.6153846153846154,Mario Edwards
1.7307692307692308,Eddie Goldman
1.4166666666666667,Khalil Mack
1.1666666666666667,Mario Edwards
1.4583333333333333,Eddie Goldman
0.8333333333333334,Trevis Gipson
0.9230769230769232,Jeremiah Attaochu
1.0,Eddie Goldman
1.6153846153846154,Angelo Blackson
1.0,Trevis Gipson
0.8333333333333334,Robert Quinn
0.9166666666666666,Jeremiah Attaochu
1.375,Angelo Blackson
1.2916666666666667,Bilal Nichols
0.6153846153846154,Robert Quinn
0.9230769230769232,Khalil Mack
1.3076923076923077,Angelo Blackson
1.9615384615384617,Bilal Nichols
1.0,Robert Quinn
0.7777777777777778,Khalil Mack
0.8888888888888888,Angelo Blackson
0.4444444444444444,DeAndre Houston-Carson
1.0,Roquan Smith
1.3888888888888888,Bilal Nichols
1.2272727272727273,Morgan Fox
0.7727272727272727,Haason Reddick
1.4090909090909092,Frankie Luvu
0.7272727272727273,Brian Burns
0.7272727272727273,Darryl Johnson
1.0769230769230769,Brent Urban
0.5384615384615384,Randy Gregory
0.9230769230769232,Tarell Basham
2.1538461538461537,Osa Odighizuwa
0.625,Randy Gregory
1.0416666666666667,Tarell Basham
1.4583333333333333,Micah Parsons
1.125,Osa Odighizuwa
0.6666666666666666,Chauncey Golston
1.0,Haason Reddick
2.5,Brian Burns
1.4230769230769231,Bravvion Roy
1.9230769230769231,Daviyon Nixon
2.1153846153846154,Brent Urban
1.0,Justin Hamilton
1.5769230769230769,Tarell Basham
2.0384615384615383,Quinton Bohanna
0.6956521739130435,Randy Gregory
1.0,Osa Odighizuwa
0.8260869565217391,Chauncey Golston
2.1739130434782608,Austin Faoliu
0.8695652173913043,Randy Gregory
1.0434782608695652,Justin Hamilton
1.391304347826087,Osa Odighizuwa
0.9565217391304348,Chauncey Golston
1.2,DaQuan Jones
0.5,Haason Reddick
0.8,Brian Burns
0.6,Darryl Johnson
1.3,Daviyon Nixon
1.0,DaQuan Jones
1.0,Shaq Thompson
1.7692307692307692,Morgan Fox
0.5384615384615384,Haason Reddick
0.0,Jeremy Chinn
1.25,DaQuan Jones
1.5,Morgan Fox
0.8333333333333334,Haason Reddick
0.75,Brian Burns
1.1538461538461535,DaQuan Jones
1.0,Morgan Fox
0.0,Marquis Haynes
1.0,Brian Burns
1.7692307692307692,Derrick Brown
2.423076923076923,Morgan Fox
0.8461538461538461,Marquis Haynes
2.0,Brian Burns
1.1538461538461535,Darryl Johnson
1.3529411764705883,Morgan Fox
0.6470588235294118,Brian Burns
1.3529411764705883,Derrick Brown
1.0,Bravvion Roy
1.3076923076923077,Justin Hamilton
1.0384615384615383,Tarell Basham
0.6923076923076923,Osa Odighizuwa
1.6153846153846154,Chauncey Golston
0.72,Randy Gregory
0.72,Micah Parsons
1.8,Osa Odighizuwa
1.72,Chauncey Golston
1.6,Randy Gregory
2.0,Osa Odighizuwa
1.16,Chauncey Golston
1.4230769230769231,Randy Gregory
1.5,Justin Hamilton
1.2692307692307692,Tarell Basham
1.0769230769230769,Osa Odighizuwa
0.7307692307692307,Randy Gregory
1.9615384615384617,Tarell Basham
1.5384615384615383,Osa Odighizuwa
1.1923076923076923,Chauncey Golston
0.625,Randy Gregory
2.375,Osa Odighizuwa
1.0,Chauncey Golston
1.0,Austin Faoliu
1.0,Randy Gregory
0.5384615384615384,Jayron Kearse
1.6153846153846154,Osa Odighizuwa
1.1153846153846154,Chauncey Golston
1.3461538461538465,Austin Faoliu
0.4375,Julian Stanford
0.3125,A.J. Bouye
2.125,DaQuan Jones
1.1875,Derrick Brown
1.0,Brent Urban
1.0,Randy Gregory
1.5238095238095235,Tarell Basham
1.380952380952381,Osa Odighizuwa
0.0,Randy Gregory
0.0909090909090909,Tarell Basham
2.0,Osa Odighizuwa
2.363636363636364,Chauncey Golston
0.7307692307692307,Randy Gregory
1.2692307692307692,Justin Hamilton
0.7307692307692307,Tarell Basham
2.0,Osa Odighizuwa
2.0869565217391304,Randy Gregory
0.9130434782608696,Tarell Basham
1.0434782608695652,Osa Odighizuwa
0.8260869565217391,Chauncey Golston
0.0,A.J. Bouye
1.5714285714285714,DaQuan Jones
2.142857142857143,Morgan Fox
1.0714285714285714,Brian Burns
1.1428571428571428,Jeremy Chinn
1.0833333333333333,DaQuan Jones
1.75,Morgan Fox
1.0,Haason Reddick
0.9166666666666666,Brian Burns
0.55,A.J. Bouye
1.15,DaQuan Jones
1.4,Morgan Fox
1.0,Haason Reddick
1.0,Brian Burns
0.55,Jeremy Chinn
0.0,
0.0,A.J. Bouye
1.3125,Morgan Fox
0.75,Haason Reddick
0.8125,Brian Burns
1.9375,Derrick Brown
0.875,Jeremy Chinn
0.0,
0.5769230769230769,Randy Gregory
1.0769230769230769,Tarell Basham
0.9230769230769232,Micah Parsons
2.0384615384615383,Osa Odighizuwa
1.0,Brent Urban
1.1304347826086956,Randy Gregory
1.565217391304348,Tarell Basham
0.3043478260869565,Micah Parsons
1.4782608695652173,Osa Odighizuwa
1.125,Brent Urban
0.75,Randy Gregory
2.1666666666666665,Osa Odighizuwa
0.8333333333333334,Chauncey Golston
0.0,Randy Gregory
0.95,Jayron Kearse
0.7,Tarell Basham
0.9,Micah Parsons
2.05,Osa Odighizuwa
1.3,Chauncey Golston
1.1153846153846154,Shaq Thompson
0.4230769230769231,Haason Reddick
1.1923076923076923,Jermaine Carter
1.3461538461538465,Derrick Brown
1.3846153846153846,Bravvion Roy
1.4736842105263157,Leighton Vander Esch
0.7894736842105263,Azur Kamara
0.5789473684210527,Chauncey Golston
1.9473684210526316,Austin Faoliu
0.7692307692307693,Randy Gregory
0.9230769230769232,Tarell Basham
1.4615384615384617,Micah Parsons
0.5769230769230769,Osa Odighizuwa
1.1153846153846154,Chauncey Golston
1.5769230769230769,Randy Gregory
1.3461538461538465,Justin Hamilton
1.1538461538461535,Tarell Basham
1.8461538461538465,Osa Odighizuwa
0.84,Randy Gregory
0.8,Tarell Basham
1.16,Osa Odighizuwa
1.64,Chauncey Golston
1.25,DaQuan Jones
0.9375,Shaq Thompson
0.875,Haason Reddick
0.3125,Jermaine Carter
1.5625,Derrick Brown
2.0,Justin Hamilton
1.2307692307692308,Azur Kamara
1.0,Chauncey Golston
2.1538461538461537,Quinton Bohanna
0.7333333333333333,Randy Gregory
0.8,Tarell Basham
0.9333333333333332,Micah Parsons
1.9333333333333331,Osa Odighizuwa
1.2666666666666666,Chauncey Golston
2.1923076923076925,Brent Urban
1.6538461538461535,Justin Hamilton
1.0,Tarell Basham
0.2307692307692307,Micah Parsons
0.6153846153846154,Chauncey Golston
1.2727272727272727,Randy Gregory
0.5909090909090909,Tarell Basham
1.7272727272727273,Osa Odighizuwa
1.4090909090909092,Chauncey Golston
0.9090909090909092,Randy Gregory
1.2727272727272727,Justin Hamilton
1.0,Micah Parsons
2.0,Osa Odighizuwa
0.0,Chauncey Golston
2.0,Brent Urban
0.875,Azur Kamara
1.1666666666666667,Micah Parsons
1.0,Chauncey Golston
1.0,Austin Faoliu
1.3333333333333333,Randy Gregory
1.6666666666666667,Justin Hamilton
0.8333333333333334,Tarell Basham
1.1666666666666667,Austin Faoliu
1.48,Justin Hamilton
0.76,Tarell Basham
0.96,Azur Kamara
1.0,Austin Faoliu
1.6153846153846154,Brent Urban
1.0,Tarell Basham
1.4615384615384617,Osa Odighizuwa
0.5384615384615384,Chauncey Golston
1.0,Brent Urban
2.0,Justin Hamilton
1.0,Osa Odighizuwa
1.4705882352941178,Chauncey Golston
1.375,DaQuan Jones
1.6666666666666667,Morgan Fox
0.75,Haason Reddick
1.375,Brian Burns
0.4166666666666667,Derrick Brown
2.363636363636364,Brent Urban
1.0454545454545454,Justin Hamilton
0.9545454545454546,Micah Parsons
0.4545454545454545,Chauncey Golston
0.9615384615384616,Brent Urban
1.6923076923076923,Justin Hamilton
1.3076923076923077,Micah Parsons
1.3076923076923077,Chauncey Golston
1.5833333333333333,Brent Urban
1.375,Justin Hamilton
0.625,Micah Parsons
1.0833333333333333,Chauncey Golston
1.8333333333333333,Brent Urban
1.5555555555555556,Justin Hamilton
0.1666666666666666,Jayron Kearse
0.0,Malik Hooker
0.8888888888888888,Micah Parsons
0.7916666666666666,Jayron Kearse
1.375,Micah Parsons
1.375,Osa Odighizuwa
0.0,Chauncey Golston
2.0416666666666665,Austin Faoliu
0.5909090909090909,Jayron Kearse
0.0,Malik Hooker
1.0,Micah Parsons
2.090909090909091,Osa Odighizuwa
1.4090909090909092,Austin Faoliu
0.8260869565217391,Azur Kamara
1.434782608695652,Micah Parsons
0.9565217391304348,Quinton Bohanna
1.3478260869565215,Austin Faoliu
1.0,DeForest Buckner
1.2692307692307692,Grover Stewart
1.2692307692307692,Al-Quadin Muhammad
1.0,Tyquan Lewis
1.4230769230769231,DeForest Buckner
1.0,Grover Stewart
1.6923076923076923,Al-Quadin Muhammad
1.0,Tyquan Lewis
1.2916666666666667,DeForest Buckner
1.0,Al-Quadin Muhammad
1.5416666666666667,Kemoko Turay
1.0,Tyquan Lewis
1.5263157894736843,DeForest Buckner
1.736842105263158,Tyquan Lewis
1.5263157894736843,Ben Banogu
0.7692307692307693,John Jenkins
0.9230769230769232,Emmanuel Ogbah
1.2692307692307692,Brennan Scarlett
0.8846153846153846,Christian Wilkins
1.2692307692307692,Emmanuel Ogbah
0.1538461538461538,Sam Eguavoen
1.1923076923076923,Adam Butler
1.1153846153846154,Jaelan Phillips
0.7692307692307693,DeForest Buckner
2.230769230769231,Grover Stewart
1.0769230769230769,Al-Quadin Muhammad
0.0,Kenny Moore
0.6923076923076923,Tyquan Lewis
1.5384615384615383,DeForest Buckner
1.8076923076923077,Grover Stewart
1.5384615384615383,Al-Quadin Muhammad
1.9615384615384617,Tyquan Lewis
1.0384615384615383,DeForest Buckner
1.4230769230769231,Grover Stewart
0.9615384615384616,Al-Quadin Muhammad
1.5769230769230769,Tyquan Lewis
0.9230769230769232,Kemoko Turay
0.0769230769230769,Tyquan Lewis
2.0,Taylor Stallworth
0.6153846153846154,Bobby Okereke
1.3076923076923077,Chris Williams
0.9230769230769232,Isaac Rochell
1.7307692307692308,Kemoko Turay
2.0,Taylor Stallworth
1.2692307692307692,Chris Williams
1.4230769230769231,DeForest Buckner
0.5769230769230769,Al-Quadin Muhammad
0.8846153846153846,Kemoko Turay
1.8846153846153848,Tyquan Lewis
1.2777777777777777,DeForest Buckner
0.6666666666666666,Kemoko Turay
1.5555555555555556,Tyquan Lewis
1.0555555555555556,Bobby Okereke
1.0,John Jenkins
1.0,Brennan Scarlett
1.5,Zach Sieler
1.0,Christian Wilkins
2.55,John Jenkins
0.9,Emmanuel Ogbah
0.1,Christian Wilkins
1.0,Jaelan Phillips
1.1923076923076923,Emmanuel Ogbah
0.7692307692307693,Sam Eguavoen
1.6153846153846154,Adam Butler
1.0,Jaelan Phillips
1.818181818181818,Grover Stewart
1.0,Al-Quadin Muhammad
1.181818181818182,Isaac Rochell
1.0,Taylor Stallworth
1.1764705882352942,DeForest Buckner
0.8235294117647058,Al-Quadin Muhammad
0.8823529411764706,Kemoko Turay
1.9411764705882353,Tyquan Lewis
0.9090909090909092,Emmanuel Ogbah
1.7727272727272727,Sam Eguavoen
0.3181818181818182,Adam Butler
0.9090909090909092,Jaelan Phillips
1.3,Emmanuel Ogbah
1.85,Sam Eguavoen
1.0,Adam Butler
0.95,Jaelan Phillips
1.2666666666666666,Emmanuel Ogbah
1.0,Sam Eguavoen
1.4666666666666666,Adam Butler
1.2,Jerome Baker
0.0,Jaelan Phillips
1.0,John Jenkins
0.8461538461538461,Zach Sieler
1.1538461538461535,Christian Wilkins
1.1923076923076923,Jaelan Phillips
0.6153846153846154,John Jenkins
0.8076923076923077,Brennan Scarlett
0.8076923076923077,Zach Sieler
1.1538461538461535,Christian Wilkins
0.7307692307692307,Andrew Van Ginkel
1.0,John Jenkins
0.7692307692307693,Brennan Scarlett
1.0,Zach Sieler
1.7307692307692308,Christian Wilkins
1.3076923076923077,DeForest Buckner
0.6923076923076923,Al-Quadin Muhammad
0.0,Shaquille Leonard
0.7692307692307693,Kemoko Turay
1.9615384615384617,Tyquan Lewis
1.0,DeForest Buckner
0.0454545454545454,Al-Quadin Muhammad
1.3636363636363635,Tyquan Lewis
2.0,Bobby Okereke
1.0,Emmanuel Ogbah
0.6538461538461539,Sam Eguavoen
1.9230769230769231,Adam Butler
0.4230769230769231,Jaelan Phillips
1.1904761904761905,Emmanuel Ogbah
0.8571428571428571,Sam Eguavoen
1.4285714285714286,Adam Butler
1.0952380952380951,Jaelan Phillips
1.1538461538461535,Emmanuel Ogbah
0.4615384615384615,Sam Eguavoen
1.5,Adam Butler
0.9615384615384616,Jaelan Phillips
1.1538461538461535,Emmanuel Ogbah
0.8076923076923077,Sam Eguavoen
1.5384615384615383,Adam Butler
0.2307692307692307,Jerome Baker
0.7692307692307693,Jaelan Phillips
1.0,Emmanuel Ogbah
1.0,Sam Eguavoen
2.0,Adam Butler
0.0,Jaelan Phillips
2.076923076923077,DeForest Buckner
0.6153846153846154,Al-Quadin Muhammad
1.6923076923076923,Kemoko Turay
1.3846153846153846,Tyquan Lewis
0.9615384615384616,John Jenkins
1.0,Brennan Scarlett
1.2692307692307692,Zach Sieler
0.9615384615384616,Christian Wilkins
1.4615384615384617,John Jenkins
1.0,Emmanuel Ogbah
1.2692307692307692,Christian Wilkins
2.0,Emmanuel Ogbah
0.9090909090909092,Adam Butler
0.2727272727272727,Jerome Baker
1.0,Andrew Van Ginkel
0.4545454545454545,Brandon Jones
0.3181818181818182,Jaelan Phillips
1.45,DeForest Buckner
1.35,Al-Quadin Muhammad
0.95,Kemoko Turay
1.05,Tyquan Lewis
0.7222222222222222,Emmanuel Ogbah
1.6111111111111112,Adam Butler
0.1111111111111111,Andrew Van Ginkel
0.3888888888888889,Brandon Jones
1.0,Jaelan Phillips
1.0,Emmanuel Ogbah
1.0384615384615383,Sam Eguavoen
1.0769230769230769,Adam Butler
1.2307692307692308,Jaelan Phillips
0.8461538461538461,Emmanuel Ogbah
0.0769230769230769,Sam Eguavoen
1.7692307692307692,Adam Butler
0.9230769230769232,Jaelan Phillips
1.6111111111111112,DeForest Buckner
2.0,Grover Stewart
1.0,Al-Quadin Muhammad
1.0,Tyquan Lewis
1.2916666666666667,DeForest Buckner
1.0833333333333333,Grover Stewart
0.9583333333333334,Al-Quadin Muhammad
1.75,Tyquan Lewis
1.8333333333333333,DeForest Buckner
1.2777777777777777,Grover Stewart
1.4444444444444444,Al-Quadin Muhammad
0.8333333333333334,Bobby Okereke
2.576923076923077,DeForest Buckner
1.4230769230769231,Grover Stewart
0.7692307692307693,Al-Quadin Muhammad
0.6923076923076923,Shaquille Leonard
1.0,Emmanuel Ogbah
1.0454545454545454,Sam Eguavoen
0.5909090909090909,Adam Butler
1.0,Jerome Baker
0.2727272727272727,Jaelan Phillips
1.1538461538461535,DeForest Buckner
0.8076923076923077,Kemoko Turay
2.0,Tyquan Lewis
0.9615384615384616,Ben Banogu
1.0,Al-Quadin Muhammad
1.8666666666666667,Tyquan Lewis
0.8666666666666667,Ben Banogu
2.2941176470588234,DeForest Buckner
0.8823529411764706,Al-Quadin Muhammad
1.0588235294117647,Tyquan Lewis
1.2352941176470589,Ben Banogu
1.08,DeForest Buckner
1.8,Grover Stewart
1.08,Al-Quadin Muhammad
0.92,Tyquan Lewis
0.3076923076923077,John Jenkins
1.0769230769230769,Emmanuel Ogbah
1.0,Brennan Scarlett
2.1538461538461537,Zach Sieler
0.782608695652174,Emmanuel Ogbah
0.6956521739130435,Sam Eguavoen
1.434782608695652,Adam Butler
0.9565217391304348,Jaelan Phillips
1.1153846153846154,Al-Quadin Muhammad
1.0769230769230769,Kemoko Turay
1.4615384615384617,Tyquan Lewis
1.6666666666666667,DeForest Buckner
1.4444444444444444,Al-Quadin Muhammad
0.7777777777777778,Kemoko Turay
1.2777777777777777,Tyquan Lewis
2.0714285714285716,DeForest Buckner
0.7857142857142857,Al-Quadin Muhammad
0.8571428571428571,Kemoko Turay
1.1428571428571428,Tyquan Lewis
1.1153846153846154,DeForest Buckner
1.0,Kemoko Turay
2.0,Tyquan Lewis
0.8846153846153846,Ben Banogu
1.0769230769230769,John Jenkins
1.0,Adam Butler
2.0,Zach Sieler
1.0,Christian Wilkins
0.9090909090909092,John Jenkins
1.7272727272727273,Adam Butler
0.0,Jerome Baker
0.0454545454545454,Zach Sieler
1.6363636363636365,Christian Wilkins
1.0714285714285714,Malik Jackson
0.9285714285714286,Jadeveon Clowney
1.7142857142857142,Myles Garrett
1.2857142857142858,Malik McDowell
0.6190476190476191,Malik Jackson
0.7142857142857143,Jadeveon Clowney
1.1904761904761905,Myles Garrett
2.142857142857143,Takkarist McKinley
1.0,Jadeveon Clowney
1.5,Andrew Billings
1.7692307692307692,Takkarist McKinley
1.5,Jordan Elliott
1.0,Jeremiah Owusu-Koramoah
2.24,Andrew Billings
1.0,Takkarist McKinley
1.76,Joe Jackson
1.52,Jordan Elliott
1.6538461538461535,Malik Jackson
1.0,Myles Garrett
0.9230769230769232,Takkarist McKinley
1.1923076923076923,Malik McDowell
1.5384615384615383,Malik Jackson
1.6538461538461535,Jadeveon Clowney
1.0,Myles Garrett
0.8076923076923077,Takkarist McKinley
1.0,Danielle Hunter
1.7857142857142858,Michael Pierce
1.0,Dalvin Tomlinson
1.0,D.J. Wonnum
0.8846153846153846,Everson Griffen
0.1153846153846153,Harrison Smith
2.5,Sheldon Richardson
0.5769230769230769,Danielle Hunter
0.4230769230769231,Nick Vigil
1.0769230769230769,D.J. Wonnum
0.76,Everson Griffen
0.56,Danielle Hunter
1.68,Michael Pierce
1.44,Dalvin Tomlinson
1.0,Everson Griffen
0.7692307692307693,Danielle Hunter
1.0,Michael Pierce
2.0,Dalvin Tomlinson
0.6538461538461539,Danielle Hunter
2.1538461538461537,Dalvin Tomlinson
1.3076923076923077,Armon Watts
1.3076923076923077,D.J. Wonnum
1.0,Everson Griffen
1.6923076923076923,Sheldon Richardson
1.5384615384615383,Eric Kendricks
0.6923076923076923,Danielle Hunter
0.2307692307692307,D.J. Wonnum
1.7916666666666667,Myles Garrett
1.0,Takkarist McKinley
2.0,Malik McDowell
0.5,Denzel Ward
1.7083333333333333,Jordan Elliott
1.2,Myles Garrett
0.8666666666666667,Takkarist McKinley
1.0,Malik McDowell
1.0,Jordan Elliott
0.8,Jeremiah Owusu-Koramoah
1.0,Malik Jackson
0.8666666666666667,Jadeveon Clowney
0.8666666666666667,Myles Garrett
1.4666666666666666,Takkarist McKinley
1.0,Malik Jackson
1.2173913043478262,Jadeveon Clowney
0.782608695652174,Myles Garrett
0.6956521739130435,Takkarist McKinley
0.6956521739130435,M.J. Stewart
0.9375,Sheldon Richardson
1.0625,Stephen Weatherly
2.0,Armon Watts
1.5625,D.J. Wonnum
1.0,Everson Griffen
0.5384615384615384,Eric Kendricks
0.3846153846153846,Danielle Hunter
1.0,Dalvin Tomlinson
2.0,Armon Watts
1.0,Everson Griffen
0.8421052631578947,Danielle Hunter
1.0,Michael Pierce
1.263157894736842,Dalvin Tomlinson
0.5454545454545454,Danielle Hunter
1.0,Michael Pierce
2.3181818181818183,Dalvin Tomlinson
1.0,Armon Watts
1.2727272727272727,D.J. Wonnum
1.1363636363636365,Sheldon Richardson
1.5,Danielle Hunter
1.0,Dalvin Tomlinson
1.0,Armon Watts
1.0,D.J. Wonnum
1.894736842105263,Malik Jackson
1.0,Jadeveon Clowney
1.105263157894737,Myles Garrett
1.0,Takkarist McKinley
1.4,Malik Jackson
1.0,Jadeveon Clowney
1.6,Myles Garrett
1.0,Takkarist McKinley
1.4230769230769231,Malik Jackson
1.1153846153846154,Jadeveon Clowney
1.5,Myles Garrett
1.2692307692307692,Takkarist McKinley
1.0833333333333333,Everson Griffen
1.25,Sheldon Richardson
1.0,Danielle Hunter
1.0833333333333333,D.J. Wonnum
0.3461538461538461,Everson Griffen
1.3461538461538465,Sheldon Richardson
0.5,Danielle Hunter
2.423076923076923,D.J. Wonnum
1.0,Everson Griffen
2.0,Sheldon Richardson
1.2692307692307692,Danielle Hunter
1.8461538461538465,D.J. Wonnum
2.36,Everson Griffen
1.2,Sheldon Richardson
0.28,Eric Kendricks
1.2,Danielle Hunter
0.6,D.J. Wonnum
1.0,Everson Griffen
1.318181818181818,Sheldon Richardson
1.3636363636363635,Danielle Hunter
1.8636363636363635,D.J. Wonnum
1.0,Danielle Hunter
1.0,Dalvin Tomlinson
2.0,Armon Watts
1.0,D.J. Wonnum
1.0769230769230769,Malik Jackson
1.4615384615384617,Jadeveon Clowney
1.2692307692307692,Myles Garrett
0.9230769230769232,Takkarist McKinley
0.7894736842105263,Danielle Hunter
1.0,Dalvin Tomlinson
2.0,Armon Watts
1.0,D.J. Wonnum
1.8846153846153848,Everson Griffen
1.6923076923076923,Sheldon Richardson
1.1923076923076923,Danielle Hunter
1.0,D.J. Wonnum
0.75,Jadeveon Clowney
0.9375,Myles Garrett
1.375,Malik McDowell
1.125,Jordan Elliott
0.8461538461538461,Everson Griffen
1.4615384615384617,Sheldon Richardson
0.8846153846153846,Danielle Hunter
1.1153846153846154,D.J. Wonnum
1.5714285714285714,Malik Jackson
0.7142857142857143,Myles Garrett
1.9285714285714288,Takkarist McKinley
0.6428571428571429,Malik McDowell
0.5,Sione Takitaki
1.1923076923076923,Malik Jackson
1.8076923076923077,Myles Garrett
1.0,Takkarist McKinley
1.6538461538461535,Malik McDowell
0.4615384615384615,Denzel Ward
1.2,Malik Jackson
0.8,Jadeveon Clowney
1.8,Myles Garrett
1.24,Takkarist McKinley
0.5714285714285714,Takkarist McKinley
2.0,Malik McDowell
0.9285714285714286,Joe Jackson
1.0714285714285714,Jordan Elliott
0.8846153846153846,Malik Jackson
1.2307692307692308,Jadeveon Clowney
1.4615384615384617,Myles Garrett
1.5769230769230769,Malik McDowell
0.875,Malik Jackson
0.6666666666666666,Jadeveon Clowney
1.0,Myles Garrett
1.375,Malik McDowell
1.0833333333333333,Jeremiah Owusu-Koramoah
0.6153846153846154,Everson Griffen
1.1538461538461535,Danielle Hunter
1.3461538461538465,Dalvin Tomlinson
2.230769230769231,Armon Watts
0.8421052631578947,Everson Griffen
1.0,Danielle Hunter
0.9473684210526316,Dalvin Tomlinson
2.0,Armon Watts
1.0625,Everson Griffen
1.4375,Sheldon Richardson
0.9375,Eric Kendricks
0.5625,Danielle Hunter
1.0,D.J. Wonnum
2.0,Everson Griffen
0.6818181818181818,Danielle Hunter
1.318181818181818,Dalvin Tomlinson
1.0,Armon Watts
0.85,Everson Griffen
1.0,Danielle Hunter
1.15,Dalvin Tomlinson
1.3,Armon Watts
1.5384615384615383,Everson Griffen
1.7307692307692308,Sheldon Richardson
0.9615384615384616,Danielle Hunter
1.2307692307692308,D.J. Wonnum
1.4705882352941178,Malik Jackson
1.0,Jadeveon Clowney
0.6470588235294118,Myles Garrett
1.6470588235294117,Malik McDowell
1.3636363636363635,Malik Jackson
0.5909090909090909,Jadeveon Clowney
1.0454545454545454,Myles Garrett
1.0454545454545454,Malik McDowell
1.0,Malik Jackson
1.588235294117647,Jadeveon Clowney
0.4705882352941176,Myles Garrett
1.2941176470588236,Malik McDowell
0.5384615384615384,Malik Jackson
1.0,Myles Garrett
0.9230769230769232,Takkarist McKinley
1.1153846153846154,Malik McDowell
1.0454545454545454,Malik Jackson
1.0909090909090908,Jadeveon Clowney
0.9090909090909092,Myles Garrett
1.7727272727272727,Malik McDowell
1.8571428571428572,Malik Jackson
0.7619047619047619,Jadeveon Clowney
1.3333333333333333,Myles Garrett
0.6190476190476191,Malik McDowell
1.1666666666666667,Malik Jackson
0.8333333333333334,Jadeveon Clowney
1.5,Myles Garrett
1.25,Takkarist McKinley
1.0,Myles Garrett
0.8125,Takkarist McKinley
1.125,Malik McDowell
1.3125,Jordan Elliott
1.32,Jadeveon Clowney
1.48,Myles Garrett
0.96,Takkarist McKinley
1.12,Malik McDowell
1.6,Malik Jackson
1.88,Jadeveon Clowney
0.88,Myles Garrett
0.76,Takkarist McKinley
1.0,Malik Jackson
0.68,Jadeveon Clowney
1.8,Myles Garrett
1.2,Takkarist McKinley
0.7391304347826086,Malik Jackson
1.5217391304347827,Jadeveon Clowney
2.0,Myles Garrett
0.6086956521739131,Takkarist McKinley
2.782608695652174,Malik Jackson
0.9130434782608696,Jadeveon Clowney
1.173913043478261,Myles Garrett
0.8,Malcolm Jenkins
1.16,Cameron Jordan
1.52,Tanoh Kpassagnon
0.0,Chauncey Gardner-Johnson
2.36,Payton Turner
1.0,Leonard Williams
1.5769230769230769,Austin Johnson
1.0769230769230769,Dexter Lawrence
1.0,Azeez Ojulari
1.7307692307692308,Leonard Williams
1.3076923076923077,Oshane Ximines
0.8461538461538461,Azeez Ojulari
1.0,Cameron Jordan
0.9230769230769232,Carl Granderson
1.0769230769230769,Albert Huggins
2.0,Malcolm Roach
0.7692307692307693,Cameron Jordan
0.1923076923076923,Demario Davis
0.9615384615384616,Carl Granderson
1.4230769230769231,Shy Tuttle
1.7307692307692308,Albert Huggins
0.2307692307692307,Pete Werner
0.08,Cameron Jordan
2.0,Tanoh Kpassagnon
1.12,Kaden Elliss
0.84,Payton Turner
1.8461538461538465,Leonard Williams
0.8846153846153846,Lorenzo Carter
1.1538461538461535,Dexter Lawrence
1.0,Azeez Ojulari
1.1923076923076923,Christian Ringo
1.6923076923076923,Tanoh Kpassagnon
1.2307692307692308,Shy Tuttle
0.6538461538461539,Payton Turner
2.3076923076923075,Cameron Jordan
1.0,Carl Granderson
1.0,Albert Huggins
1.8076923076923077,Malcolm Roach
1.2857142857142858,Leonard Williams
1.1428571428571428,Austin Johnson
0.5,Jabrill Peppers
1.0,Dexter Lawrence
0.7142857142857143,Azeez Ojulari
1.7692307692307692,Leonard Williams
1.5769230769230769,Austin Johnson
1.4230769230769231,Dexter Lawrence
1.1875,Leonard Williams
0.625,Jabrill Peppers
1.5,Lorenzo Carter
1.1875,Oshane Ximines
0.5,Tae Crowder
1.1923076923076923,Christian Ringo
1.0,Carl Granderson
2.0,Shy Tuttle
1.8076923076923077,Payton Turner
1.0,Leonard Williams
1.1428571428571428,Austin Johnson
1.0,Oshane Ximines
2.0,Leonard Williams
0.92,Lorenzo Carter
1.0,Dexter Lawrence
1.0,Azeez Ojulari
1.0,Danny Shelton
1.173913043478261,Austin Johnson
0.6956521739130435,Lorenzo Carter
1.3043478260869563,Dexter Lawrence
0.8260869565217391,Tae Crowder
1.04,Leonard Williams
0.68,Lorenzo Carter
1.64,Dexter Lawrence
1.32,Tae Crowder
0.631578947368421,Leonard Williams
1.5789473684210529,Dexter Lawrence
1.263157894736842,Oshane Ximines
0.7368421052631579,Tae Crowder
0.7894736842105263,Azeez Ojulari
1.0384615384615383,Cameron Jordan
0.7307692307692307,Tanoh Kpassagnon
0.8076923076923077,Kaden Elliss
1.8076923076923077,Payton Turner
0.4230769230769231,Malcolm Jenkins
1.4230769230769231,Cameron Jordan
0.2307692307692307,Demario Davis
0.5769230769230769,P.J. Williams
1.7692307692307692,Tanoh Kpassagnon
0.9615384615384616,Payton Turner
1.0,Leonard Williams
2.0,Austin Johnson
2.0,Lorenzo Carter
2.0,Dexter Lawrence
1.0714285714285714,Leonard Williams
0.0714285714285714,Reggie Ragland
1.4285714285714286,Austin Johnson
0.5,Lorenzo Carter
1.5714285714285714,Dexter Lawrence
0.1428571428571428,Julian Love
1.3846153846153846,Cameron Jordan
1.5769230769230769,Chauncey Gardner-Johnson
1.0,Shy Tuttle
2.0,Albert Huggins
1.0,Payton Turner
0.9333333333333332,Cameron Jordan
0.8,Shy Tuttle
1.6666666666666667,Albert Huggins
1.0,Payton Turner
0.5333333333333333,Pete Werner
1.9545454545454544,Cameron Jordan
1.3636363636363635,Shy Tuttle
0.8636363636363636,Albert Huggins
0.8181818181818182,Payton Turner
2.0384615384615383,Cameron Jordan
2.0,Shy Tuttle
1.1923076923076923,Albert Huggins
1.0,Payton Turner
1.1538461538461535,Christian Ringo
1.9230769230769231,Tanoh Kpassagnon
0.8461538461538461,Carl Granderson
1.0769230769230769,Malcolm Roach
1.2941176470588236,Cameron Jordan
1.1764705882352942,Christian Ringo
0.8235294117647058,Carl Granderson
1.3529411764705883,Shy Tuttle
1.8846153846153848,Leonard Williams
1.3076923076923077,Lorenzo Carter
1.0769230769230769,Dexter Lawrence
1.0,Azeez Ojulari
1.8846153846153848,Leonard Williams
1.4230769230769231,Danny Shelton
1.0,Austin Johnson
1.0,Lorenzo Carter
1.0,Cameron Jordan
1.0769230769230769,Tanoh Kpassagnon
1.0,Albert Huggins
1.9230769230769231,Malcolm Roach
1.173913043478261,Cameron Jordan
2.0,Malcolm Roach
0.9565217391304348,Payton Turner
1.32,Cameron Jordan
2.0,Shy Tuttle
2.0,Albert Huggins
1.0,Payton Turner
1.08,Cameron Jordan
0.68,Kaden Elliss
1.12,Carl Granderson
1.52,Malcolm Roach
1.2352941176470589,Cameron Jordan
1.0,Christian Ringo
1.411764705882353,Shy Tuttle
0.9411764705882352,Payton Turner
1.0769230769230769,Leonard Williams
0.7692307692307693,Danny Shelton
2.5,Dexter Lawrence
1.3076923076923077,Oshane Ximines
0.8076923076923077,Julian Love
0.8076923076923077,Leonard Williams
0.8461538461538461,Austin Johnson
0.9615384615384616,Lorenzo Carter
1.2692307692307692,Dexter Lawrence
0.9333333333333332,Cameron Jordan
0.8666666666666667,Tanoh Kpassagnon
0.6,Albert Huggins
2.0,Malcolm Roach
0.8181818181818182,Cameron Jordan
1.2272727272727273,Demario Davis
1.0,Malcolm Roach
2.0,Payton Turner
0.4117647058823529,Cameron Jordan
1.8235294117647056,Demario Davis
0.4705882352941176,Bradley Roby
2.0,Malcolm Roach
1.0,Payton Turner
0.6875,Cameron Jordan
1.375,Kaden Elliss
1.125,Malcolm Roach
1.0,Payton Turner
1.16,Cameron Jordan
1.72,Kaden Elliss
0.92,Malcolm Roach
1.32,Payton Turner
1.3125,Cameron Jordan
0.5,Demario Davis
0.9375,Kaden Elliss
1.8125,Malcolm Roach
0.9375,Payton Turner
0.6666666666666666,Cameron Jordan
1.0,Tanoh Kpassagnon
1.2,Kaden Elliss
0.8,Carl Granderson
0.4705882352941176,Cameron Jordan
1.1764705882352942,Tanoh Kpassagnon
1.411764705882353,Kaden Elliss
0.8823529411764706,Carl Granderson
2.0,Leonard Williams
1.6153846153846154,Lorenzo Carter
1.2692307692307692,Azeez Ojulari
0.8846153846153846,Cameron Jordan
2.4615384615384617,Tanoh Kpassagnon
1.0384615384615383,Shy Tuttle
1.5384615384615383,Albert Huggins
1.8461538461538465,Cameron Jordan
1.8076923076923077,Christian Ringo
1.5,Carl Granderson
1.3076923076923077,Shy Tuttle
0.88,Cameron Jordan
1.12,Kaden Elliss
0.88,Carl Granderson
1.0,Malcolm Roach
1.2272727272727273,Denico Autry
0.1818181818181818,Jayon Brown
0.7727272727272727,Harold Landry
0.9090909090909092,Olasunkanmi Adeniyi
1.4545454545454546,Jeffery Simmons
1.0,John Franklin-Myers
2.076923076923077,Folorunso Fatukasi
2.0,Quinnen Williams
0.1923076923076923,Bryce Huff
0.9047619047619048,John Franklin-Myers
1.2857142857142858,Folorunso Fatukasi
1.0,Quinnen Williams
0.8095238095238095,Quincy Williams
0.9523809523809524,Bryce Huff
1.85,Sheldon Rankins
1.0,Shaq Lawson
1.0,Folorunso Fatukasi
1.0,Bryce Huff
0.4615384615384615,C.J. Mosley
1.1153846153846154,Sheldon Rankins
1.4230769230769231,John Franklin-Myers
1.0,Quinnen Williams
0.0,Quincy Williams
0.9230769230769232,Bryce Huff
1.0,Harold Landry
1.0,Olasunkanmi Adeniyi
1.95,Jeffery Simmons
1.0,Teair Tart
1.263157894736842,Sheldon Rankins
2.1578947368421053,John Franklin-Myers
0.631578947368421,Quinnen Williams
0.4736842105263157,Bryce Hall
0.8421052631578947,Bryce Huff
1.52,Sheldon Rankins
1.28,Nathan Shepherd
1.24,John Franklin-Myers
0.72,Bryce Huff
0.5,Shaq Lawson
1.6666666666666667,John Franklin-Myers
2.0,Folorunso Fatukasi
1.5,Jonathan Marshall
1.0,Woodrow Hamilton
0.8076923076923077,Harold Landry
1.0,Sharif Finch
1.6153846153846154,Amani Bledsoe
1.3846153846153846,Naquan Jones
1.0,Shaq Lawson
1.35,Nathan Shepherd
0.7,John Franklin-Myers
1.8,Quinnen Williams
0.0,Bryce Hall
1.0,Shaq Lawson
2.0,Nathan Shepherd
1.0,John Franklin-Myers
1.0,Quinnen Williams
1.2692307692307692,Sheldon Rankins
1.1923076923076923,John Franklin-Myers
0.8076923076923077,Quinnen Williams
1.1153846153846154,Bryce Huff
1.1538461538461535,Woodrow Hamilton
0.9230769230769232,Rashaan Evans
0.6923076923076923,Harold Landry
1.5384615384615383,Amani Bledsoe
1.0384615384615383,Naquan Jones
1.0,Denico Autry
0.0,Kevin Byard
1.0,Jayon Brown
1.0,Olasunkanmi Adeniyi
1.3157894736842106,Jeffery Simmons
1.0,David Long
0.5454545454545454,Denico Autry
0.1363636363636363,Rashaan Evans
1.0,Harold Landry
1.9545454545454544,Jeffery Simmons
1.0,Amani Bledsoe
1.4090909090909092,Teair Tart
1.0952380952380951,Denico Autry
0.7142857142857143,Harold Landry
0.6190476190476191,Olasunkanmi Adeniyi
1.9523809523809523,Jeffery Simmons
0.9375,Shaq Lawson
0.875,John Franklin-Myers
1.0625,Folorunso Fatukasi
1.8125,Quinnen Williams
1.3076923076923077,Denico Autry
0.3846153846153846,Harold Landry
1.0,Olasunkanmi Adeniyi
1.0,Jeffery Simmons
2.090909090909091,Sheldon Rankins
0.9090909090909092,Shaq Lawson
1.0909090909090908,Nathan Shepherd
0.8181818181818182,John Franklin-Myers
1.4166666666666667,Sheldon Rankins
1.0833333333333333,Shaq Lawson
1.6666666666666667,Nathan Shepherd
1.0833333333333333,John Franklin-Myers
2.090909090909091,Sheldon Rankins
1.2727272727272727,Nathan Shepherd
1.181818181818182,John Franklin-Myers
1.4545454545454546,Bryce Huff
1.7222222222222223,Sheldon Rankins
1.0,Nathan Shepherd
1.2222222222222223,John Franklin-Myers
1.2777777777777777,Bryce Huff
1.0,Shaq Lawson
1.1428571428571428,Folorunso Fatukasi
1.6666666666666667,Quinnen Williams
0.8571428571428571,Bryce Huff
1.1923076923076923,Sheldon Rankins
1.1153846153846154,John Franklin-Myers
1.2307692307692308,Quinnen Williams
0.3846153846153846,Bryce Hall
0.6923076923076923,Bryce Huff
0.0,C.J. Mosley
2.1666666666666665,Sheldon Rankins
0.8888888888888888,John Franklin-Myers
0.7777777777777778,Quinnen Williams
0.1666666666666666,Javelin Guidry
1.2777777777777777,Bryce Huff
1.5909090909090908,Shaq Lawson
1.9090909090909092,Folorunso Fatukasi
0.6818181818181818,Bryce Huff
0.4090909090909091,Jonathan Marshall
1.1538461538461535,Sheldon Rankins
1.1923076923076923,John Franklin-Myers
1.6153846153846154,Quinnen Williams
1.3076923076923077,Bryce Huff
1.75,Denico Autry
0.3125,Kevin Byard
0.9375,Jayon Brown
1.0,Olasunkanmi Adeniyi
1.125,Jeffery Simmons
1.7,Nathan Shepherd
1.1,John Franklin-Myers
2.0,Folorunso Fatukasi
1.15,Ashtyn Davis
1.0,Bryce Huff
1.4615384615384617,Sheldon Rankins
0.9230769230769232,Shaq Lawson
0.6923076923076923,John Franklin-Myers
1.2307692307692308,Quinnen Williams
0.5238095238095238,Denico Autry
0.9523809523809524,Jeffery Simmons
1.0,David Long
1.9523809523809523,Teair Tart
0.9615384615384616,Denico Autry
1.6538461538461535,Harold Landry
1.2692307692307692,Jeffery Simmons
1.4615384615384617,Teair Tart
1.7692307692307692,Denico Autry
1.2307692307692308,Harold Landry
1.0,Olasunkanmi Adeniyi
1.5384615384615383,Jeffery Simmons
1.9545454545454544,Denico Autry
0.8181818181818182,Harold Landry
1.681818181818182,Jeffery Simmons
0.95,Shaq Lawson
1.5,Nathan Shepherd
1.0,John Franklin-Myers
1.45,Folorunso Fatukasi
0.8095238095238095,Denico Autry
1.0952380952380951,Harold Landry
1.5238095238095235,Jeffery Simmons
0.0,David Long
1.0476190476190477,Amani Bledsoe
1.9047619047619049,Teair Tart
1.1538461538461535,Sheldon Rankins
0.9615384615384616,John Franklin-Myers
1.7692307692307692,Quinnen Williams
0.9615384615384616,Bryce Huff
1.8421052631578947,Sheldon Rankins
0.5263157894736842,Shaq Lawson
0.4736842105263157,John Franklin-Myers
1.105263157894737,Folorunso Fatukasi
0.6842105263157895,Jamien Sherwood
1.4545454545454546,Sheldon Rankins
0.6818181818181818,Shaq Lawson
0.9545454545454546,John Franklin-Myers
1.5,Quinnen Williams
0.0,Rashaan Evans
0.3157894736842105,Harold Landry
2.8421052631578947,Jeffery Simmons
1.0,Amani Bledsoe
1.368421052631579,Teair Tart
0.8947368421052632,Denico Autry
0.8421052631578947,Jeffery Simmons
1.0,Amani Bledsoe
1.7894736842105263,Teair Tart
1.6538461538461535,Denico Autry
0.9230769230769232,Harold Landry
0.8461538461538461,Olasunkanmi Adeniyi
0.8076923076923077,Jeffery Simmons
1.9615384615384617,Shaq Lawson
0.6153846153846154,Sharrod Neasman
1.7307692307692308,Nathan Shepherd
1.5384615384615383,Folorunso Fatukasi
0.4230769230769231,Bryce Huff
1.8461538461538465,Sheldon Rankins
0.2307692307692307,John Franklin-Myers
1.3846153846153846,Folorunso Fatukasi
0.5384615384615384,Bryce Huff
1.0454545454545454,Sheldon Rankins
1.3636363636363635,Shaq Lawson
1.318181818181818,John Franklin-Myers
0.6818181818181818,Bryce Hall
0.5909090909090909,Bryce Huff
2.789473684210526,Sheldon Rankins
0.2631578947368421,Shaq Lawson
1.3157894736842106,Quinnen Williams
1.105263157894737,Bryce Huff
0.8421052631578947,Denico Autry
0.8421052631578947,Harold Landry
1.1578947368421053,Olasunkanmi Adeniyi
1.0526315789473684,Sharif Finch
1.105263157894737,Jeffery Simmons
1.0,Sheldon Rankins
1.105263157894737,John Franklin-Myers
1.7894736842105263,Quinnen Williams
0.8947368421052632,Bryce Huff
1.36,Sheldon Rankins
1.24,John Franklin-Myers
1.0,Quinnen Williams
1.16,Bryce Huff
1.7307692307692308,Sheldon Rankins
1.3461538461538465,Shaq Lawson
1.0,John Franklin-Myers
1.2692307692307692,Folorunso Fatukasi
2.8461538461538463,Sheldon Rankins
1.0,Shaq Lawson
0.0,John Franklin-Myers
1.0,Folorunso Fatukasi
1.4782608695652173,Sheldon Rankins
1.0434782608695652,Shaq Lawson
1.2608695652173914,Quinnen Williams
0.9130434782608696,Bryce Huff
1.5714285714285714,Sheldon Rankins
0.8095238095238095,Shaq Lawson
1.0952380952380951,Quinnen Williams
0.7619047619047619,Bryce Huff
1.2,Sheldon Rankins
0.92,Shaq Lawson
1.4,Quinnen Williams
1.28,Bryce Huff
1.5909090909090908,Sheldon Rankins
1.318181818181818,Shaq Lawson
1.0,Quinnen Williams
1.0,Bryce Huff
1.3846153846153846,Nathan Shepherd
1.3076923076923077,John Franklin-Myers
1.6923076923076923,Folorunso Fatukasi
0.6153846153846154,Bryce Huff
1.0,Denico Autry
1.68,Harold Landry
2.0,Jeffery Simmons
1.16,Teair Tart
1.0833333333333333,Denico Autry
1.0,Harold Landry
0.9166666666666666,Olasunkanmi Adeniyi
1.25,Jeffery Simmons
1.1538461538461535,Denico Autry
0.1923076923076923,Kevin Byard
0.8076923076923077,Harold Landry
0.8076923076923077,Jeffery Simmons
1.0,Amani Bledsoe
1.5,Teair Tart
0.7391304347826086,Denico Autry
1.4782608695652173,Harold Landry
1.2608695652173914,Jeffery Simmons
1.3478260869565215,Teair Tart
1.4444444444444444,Denico Autry
0.8888888888888888,Harold Landry
1.7777777777777777,Jeffery Simmons
0.7307692307692307,Shaq Lawson
1.5,Folorunso Fatukasi
1.3076923076923077,Quinnen Williams
1.2692307692307692,Bryce Huff
1.3846153846153846,Sheldon Rankins
0.7307692307692307,Shaq Lawson
1.2692307692307692,Quinnen Williams
1.5769230769230769,Bryce Huff
1.380952380952381,Sheldon Rankins
0.8571428571428571,Shaq Lawson
1.0952380952380951,Nathan Shepherd
1.619047619047619,Folorunso Fatukasi
1.0,Sheldon Rankins
1.1,Shaq Lawson
1.05,Nathan Shepherd
1.7,Folorunso Fatukasi
0.8,Shaq Lawson
1.45,Folorunso Fatukasi
1.2,Quinnen Williams
0.85,Bryce Huff
1.1666666666666667,Shaq Lawson
1.3333333333333333,Folorunso Fatukasi
1.25,Quinnen Williams
1.9583333333333333,Bryce Huff
1.0,Sheldon Rankins
1.9,Nathan Shepherd
1.35,Folorunso Fatukasi
0.4,Bryce Huff
0.35,Michael Carter
1.1923076923076923,Sheldon Rankins
0.9230769230769232,John Franklin-Myers
1.1153846153846154,Quinnen Williams
1.2307692307692308,Bryce Huff
1.0,Chris Jones
2.176470588235294,Jarran Reed
1.1764705882352942,Derrick Nnadi
0.5882352941176471,Michael Danna
1.4,Chris Jones
1.0,Jarran Reed
1.3,Derrick Nnadi
1.0,Michael Danna
1.0,Alex Okafor
1.318181818181818,Chris Jones
2.1818181818181817,Jarran Reed
0.0,Ben Niemann
1.0,Michael Danna
2.125,Fletcher Cox
1.0,Javon Hargrave
1.0,Derek Barnett
0.8125,Josh Sweat
1.368421052631579,Fletcher Cox
1.9473684210526316,Javon Hargrave
0.8421052631578947,Derek Barnett
0.631578947368421,Josh Sweat
1.9166666666666667,Ryan Kerrigan
1.75,Hassan Ridgeway
1.0,Milton Williams
1.0,Tarron Jackson
0.6956521739130435,Alex Okafor
1.2608695652173914,Khalen Saunders
2.0,Tershawn Wharton
1.0,Joshua Kaindoh
1.263157894736842,Alex Okafor
1.1578947368421053,Khalen Saunders
1.0,Tershawn Wharton
0.5789473684210527,Nick Bolton
1.2105263157894737,Joshua Kaindoh
0.7333333333333333,Alex Okafor
1.8,Chris Jones
1.3333333333333333,Jarran Reed
0.9333333333333332,Michael Danna
0.9,Chris Jones
1.15,Jarran Reed
1.75,Derrick Nnadi
0.0,Ben Niemann
0.5,Michael Danna
0.6,Nick Bolton
0.0666666666666666,Alex Okafor
1.0,Chris Jones
1.0,Jarran Reed
0.0,Ben Niemann
2.4,Michael Danna
1.3333333333333333,Fletcher Cox
1.9047619047619049,Javon Hargrave
0.8571428571428571,Derek Barnett
0.6666666666666666,Josh Sweat
2.0,Ryan Kerrigan
2.0,Hassan Ridgeway
2.0,Milton Williams
1.0,Tarron Jackson
0.875,Ryan Kerrigan
1.25,Hassan Ridgeway
0.0,Eric Wilson
2.0625,Milton Williams
0.75,Tarron Jackson
2.0714285714285716,Fletcher Cox
0.9285714285714286,Derek Barnett
0.7857142857142857,Josh Sweat
1.0714285714285714,Milton Williams
1.8888888888888888,Fletcher Cox
1.3333333333333333,Javon Hargrave
0.7222222222222222,Derek Barnett
0.7777777777777778,Josh Sweat
1.2272727272727273,Chris Jones
2.136363636363636,Jarran Reed
1.0,Khalen Saunders
1.0,Joshua Kaindoh
1.0,Chris Jones
1.0,Jarran Reed
1.4,Khalen Saunders
1.5333333333333334,Joshua Kaindoh
1.0,Alex Okafor
1.9230769230769231,Chris Jones
1.0,Michael Danna
1.0769230769230769,Tershawn Wharton
0.8888888888888888,Chris Jones
1.0555555555555556,Jarran Reed
1.6666666666666667,Derrick Nnadi
0.9444444444444444,Michael Danna
1.0,Alex Okafor
1.0,Chris Jones
2.0384615384615383,Jarran Reed
0.9615384615384616,Michael Danna
1.1538461538461535,Fletcher Cox
2.0,Javon Hargrave
0.9230769230769232,Derek Barnett
0.8076923076923077,Josh Sweat
1.3529411764705883,Fletcher Cox
2.0,Javon Hargrave
0.7647058823529411,Derek Barnett
0.6470588235294118,Josh Sweat
1.0,Alex Okafor
2.0,Chris Jones
1.5384615384615383,Jarran Reed
0.0,Michael Danna
0.9615384615384616,Alex Okafor
0.5,Chris Jones
1.1923076923076923,Jarran Reed
2.3846153846153846,Michael Danna
0.9047619047619048,Alex Okafor
2.047619047619047,Chris Jones
0.7142857142857143,Michael Danna
1.0952380952380951,Tershawn Wharton
0.4,Chris Jones
1.16,Michael Danna
2.4,Tershawn Wharton
1.08,Joshua Kaindoh
1.0,Chris Jones
0.6923076923076923,Ben Niemann
0.0,L'Jarius Sneed
1.1923076923076923,Michael Danna
1.9615384615384617,Tershawn Wharton
1.2692307692307692,Fletcher Cox
2.1923076923076925,Javon Hargrave
1.1538461538461535,Josh Sweat
0.8461538461538461,Genard Avery
0.8260869565217391,Ryan Kerrigan
1.173913043478261,Fletcher Cox
2.0,Hassan Ridgeway
0.9565217391304348,Tarron Jackson
0.625,Ryan Kerrigan
1.625,Fletcher Cox
2.0833333333333335,Javon Hargrave
0.6666666666666666,Josh Sweat
1.2307692307692308,Chris Jones
2.0,Jarran Reed
1.0,Derrick Nnadi
1.5,Michael Danna
0.85,Alex Okafor
1.15,Chris Jones
1.0,Michael Danna
2.0,Tershawn Wharton
1.0,Alex Okafor
1.72,Jarran Reed
1.0,Michael Danna
1.16,Tershawn Wharton
0.6666666666666666,Alex Okafor
2.0,Jarran Reed
1.0,Michael Danna
1.3333333333333333,Tershawn Wharton
1.1538461538461535,Alex Okafor
2.0,Chris Jones
0.1923076923076923,Ben Niemann
1.0,Michael Danna
2.076923076923077,Tershawn Wharton
2.0,Fletcher Cox
1.2142857142857142,Javon Hargrave
0.7857142857142857,Derek Barnett
0.7857142857142857,Josh Sweat
1.0,Ryan Kerrigan
2.0,Hassan Ridgeway
2.0,Milton Williams
1.0,Tarron Jackson
1.0,Ryan Kerrigan
2.0,Fletcher Cox
2.0,Hassan Ridgeway
1.0769230769230769,Tarron Jackson
1.0,Alex Okafor
1.1153846153846154,Derrick Nnadi
1.3846153846153846,Khalen Saunders
1.5769230769230769,Michael Danna
1.1923076923076923,Alex Okafor
1.2692307692307692,Chris Jones
1.0769230769230769,Derrick Nnadi
1.0769230769230769,Khalen Saunders
1.0,Chris Jones
2.0,Jarran Reed
1.0769230769230769,Derrick Nnadi
0.8461538461538461,Michael Danna
1.0,Alex Okafor
0.7272727272727273,Chris Jones
0.8636363636363636,Michael Danna
1.9090909090909092,Tershawn Wharton
1.0833333333333333,Fletcher Cox
1.0,Javon Hargrave
0.9166666666666666,Derek Barnett
1.5,Josh Sweat
0.5,Genard Avery
2.1666666666666665,Fletcher Cox
1.0555555555555556,Javon Hargrave
0.9444444444444444,Derek Barnett
0.7777777777777778,Josh Sweat
1.0,Alex Okafor
1.2692307692307692,Chris Jones
1.7307692307692308,Jarran Reed
0.9230769230769232,Michael Danna
0.9615384615384616,Alex Okafor
1.0384615384615383,Chris Jones
1.5769230769230769,Jarran Reed
1.0384615384615383,Michael Danna
0.8571428571428571,Alex Okafor
1.9523809523809523,Chris Jones
1.0,Michael Danna
1.0,Tershawn Wharton
0.8076923076923077,Alex Okafor
1.0,Khalen Saunders
1.0,Michael Danna
2.076923076923077,Tershawn Wharton
1.0,Chris Jones
1.6153846153846154,Michael Danna
2.230769230769231,Tershawn Wharton
0.5,Alex Okafor
1.2307692307692308,Chris Jones
1.5384615384615383,Jarran Reed
0.6153846153846154,Ben Niemann
0.9615384615384616,Michael Danna
0.3846153846153846,Tyrann Mathieu
0.3846153846153846,Daniel Sorensen
1.0,Chris Jones
0.9230769230769232,Dorian O'Daniel
1.2307692307692308,Ben Niemann
1.2692307692307692,Michael Danna
0.0,Ryan Kerrigan
2.230769230769231,Hassan Ridgeway
0.0,Avonte Maddox
1.0384615384615383,Milton Williams
1.2307692307692308,Tarron Jackson
1.7142857142857142,Alex Okafor
1.8571428571428572,Chris Jones
0.9523809523809524,Jarran Reed
0.3333333333333333,Tershawn Wharton
1.1666666666666667,Alex Okafor
1.125,Chris Jones
1.9583333333333333,Jarran Reed
1.4166666666666667,Tershawn Wharton
0.9615384615384616,Alex Okafor
1.4615384615384617,Chris Jones
0.8461538461538461,Michael Danna
1.7307692307692308,Tershawn Wharton
0.0,Tyrann Mathieu
1.3333333333333333,Daniel Sorensen
0.0,Chris Jones
1.5833333333333333,Jarran Reed
1.6666666666666667,Tershawn Wharton
1.0,Tyrann Mathieu
1.0,Chris Jones
1.1,Ben Niemann
0.0,Juan Thornhill
0.9,Khalen Saunders
0.0,Michael Danna
1.0,Tershawn Wharton
0.9166666666666666,J.J. Watt
1.6666666666666667,Chandler Jones
2.0,Markus Golden
0.0,Budda Baker
1.25,Rashard Lawrence
1.2608695652173914,J.J. Watt
1.2608695652173914,Chandler Jones
0.7391304347826086,Markus Golden
1.391304347826087,Rashard Lawrence
1.3,J.J. Watt
0.9,Chandler Jones
0.7,Markus Golden
1.7,Dennis Gardeck
1.2352941176470589,Chandler Jones
0.8823529411764706,Devon Kennard
1.588235294117647,Zach Allen
1.2857142857142858,J.J. Watt
1.0,Chandler Jones
0.8095238095238095,Markus Golden
1.1904761904761905,Zach Allen
2.9,Aaron Donald
0.0,Leonard Floyd
1.0,Sebastian Joseph
1.0,Troy Reeder
2.0,Aaron Donald
0.4666666666666667,Leonard Floyd
1.8666666666666667,Sebastian Joseph
0.0,Troy Reeder
0.5333333333333333,Terrell Lewis
2.0,Aaron Donald
1.4285714285714286,A'Shawn Robinson
0.5714285714285714,Ogbonnia Okoronkwo
1.0,Sebastian Joseph
2.1538461538461537,Aaron Donald
1.0769230769230769,Leonard Floyd
1.6153846153846154,Ogbonnia Okoronkwo
1.3846153846153846,Sebastian Joseph
1.16,Aaron Donald
1.76,Kenny Young
1.28,Sebastian Joseph
0.8,Terrell Lewis
1.6153846153846154,Chandler Jones
1.2307692307692308,Markus Golden
1.4615384615384617,Michael Dogbe
1.9285714285714288,Corey Peters
0.5714285714285714,Chandler Jones
1.0,Markus Golden
1.0,Michael Dogbe
2.272727272727273,J.J. Watt
0.9090909090909092,Chandler Jones
0.9545454545454546,Devon Kennard
1.181818181818182,Leki Fotu
0.9333333333333332,Jalen Ramsey
1.0,Leonard Floyd
1.3333333333333333,A'Shawn Robinson
1.0,Greg Gaines
1.0,Jonah Williams
2.4615384615384617,Aaron Donald
0.7692307692307693,Leonard Floyd
1.0,Sebastian Joseph
0.5384615384615384,Terrell Lewis
1.1875,Aaron Donald
0.8125,Leonard Floyd
1.0625,A'Shawn Robinson
1.125,Sebastian Joseph
0.8125,Terrell Lewis
0.6538461538461539,Aaron Donald
2.4615384615384617,A'Shawn Robinson
1.3846153846153846,Sebastian Joseph
1.0769230769230769,Aaron Donald
1.8846153846153848,A'Shawn Robinson
1.0769230769230769,Sebastian Joseph
0.9230769230769232,Terrell Lewis
1.0,Aaron Donald
0.9473684210526316,Leonard Floyd
1.0526315789473684,A'Shawn Robinson
1.0,Greg Gaines
2.7333333333333334,Aaron Donald
0.0,Leonard Floyd
0.4,Ogbonnia Okoronkwo
1.0666666666666669,Greg Gaines
0.9615384615384616,Leonard Floyd
2.0,Greg Gaines
0.7307692307692307,Terrell Lewis
1.2692307692307692,Michael Hoecht
1.6111111111111112,Aaron Donald
0.7222222222222222,Leonard Floyd
0.3888888888888889,Kenny Young
1.2222222222222223,Sebastian Joseph
1.0,Terrell Lewis
1.9230769230769231,J.J. Watt
0.0769230769230769,Chandler Jones
1.0769230769230769,Zach Allen
0.8461538461538461,Isaiah Simmons
1.0,Rashard Lawrence
2.0,J.J. Watt
2.4444444444444446,Chandler Jones
0.2222222222222222,Robert Alford
0.1111111111111111,Isaiah Simmons
1.3076923076923077,J.J. Watt
1.2307692307692308,Chandler Jones
0.8076923076923077,Markus Golden
1.4230769230769231,Dennis Gardeck
1.0384615384615383,Chandler Jones
0.9615384615384616,Markus Golden
1.0384615384615383,Zach Allen
1.9615384615384617,Rashard Lawrence
1.0,Chandler Jones
0.8947368421052632,Markus Golden
1.0526315789473684,Zach Allen
2.0,Rashard Lawrence
2.0384615384615383,Aaron Donald
0.6923076923076923,Leonard Floyd
1.2692307692307692,Sebastian Joseph
1.1153846153846154,Terrell Lewis
2.0,Corey Peters
1.0,J.J. Watt
1.2307692307692308,Chandler Jones
1.0,Markus Golden
1.3461538461538465,J.J. Watt
0.7692307692307693,Chandler Jones
0.8461538461538461,Markus Golden
2.6153846153846154,Zach Allen
1.3043478260869563,Chandler Jones
0.3043478260869565,Markus Golden
1.826086956521739,Michael Dogbe
1.7391304347826086,Leki Fotu
1.0,Chandler Jones
0.0,Markus Golden
1.0,Jordan Hicks
2.0,Michael Dogbe
0.0,Jalen Thompson
1.0,Leki Fotu
1.9285714285714288,J.J. Watt
1.5,Chandler Jones
1.0,Markus Golden
1.1428571428571428,Zach Allen
2.7333333333333334,Aaron Donald
0.8666666666666667,Leonard Floyd
0.2666666666666666,Ogbonnia Okoronkwo
1.0,Greg Gaines
1.9444444444444444,Aaron Donald
1.0,Leonard Floyd
0.8888888888888888,Ogbonnia Okoronkwo
1.1111111111111112,Greg Gaines
2.076923076923077,Aaron Donald
0.9615384615384616,Leonard Floyd
0.8846153846153846,Ogbonnia Okoronkwo
1.0,Sebastian Joseph
0.2692307692307692,Aaron Donald
2.0,Leonard Floyd
1.0769230769230769,Sebastian Joseph
1.0769230769230769,Terrell Lewis
2.0,Aaron Donald
0.7058823529411765,Leonard Floyd
1.2352941176470589,Greg Gaines
0.7058823529411765,Terrell Lewis
1.4761904761904765,Aaron Donald
0.7142857142857143,Taylor Rapp
1.761904761904762,Greg Gaines
0.1428571428571428,Terrell Lewis
1.1538461538461535,Aaron Donald
0.8461538461538461,Ogbonnia Okoronkwo
1.1153846153846154,Greg Gaines
1.0,Terrell Lewis
1.4,Aaron Donald
0.52,Leonard Floyd
1.76,Sebastian Joseph
0.92,Terrell Lewis
1.0,Aaron Donald
1.0,Leonard Floyd
2.0,A'Shawn Robinson
1.0,Sebastian Joseph
2.210526315789474,Aaron Donald
0.8421052631578947,Leonard Floyd
1.0,A'Shawn Robinson
0.631578947368421,Terrell Lewis
2.0,Aaron Donald
0.0,Kenny Young
1.5,Greg Gaines
0.9444444444444444,Terrell Lewis
1.3076923076923077,Aaron Donald
0.8846153846153846,Leonard Floyd
1.3461538461538465,Sebastian Joseph
0.7692307692307693,Terrell Lewis
0.6923076923076923,Michael Hoecht
1.48,J.J. Watt
1.32,Chandler Jones
0.92,Markus Golden
1.4,Zach Allen
1.9615384615384617,Aaron Donald
1.8461538461538465,A'Shawn Robinson
1.0,Ogbonnia Okoronkwo
1.0,Sebastian Joseph
1.2272727272727273,Aaron Donald
1.9545454545454544,A'Shawn Robinson
0.2727272727272727,Ogbonnia Okoronkwo
1.0,Greg Gaines
2.3157894736842106,Aaron Donald
0.8947368421052632,Leonard Floyd
1.0,Greg Gaines
0.631578947368421,Terrell Lewis
1.6923076923076923,J.J. Watt
1.0,Chandler Jones
1.0,Markus Golden
1.2307692307692308,Rashard Lawrence
1.0,J.J. Watt
1.875,Markus Golden
0.0,Budda Baker
0.125,Isaiah Simmons
2.0,Rashard Lawrence
1.0,Corey Peters
1.2307692307692308,J.J. Watt
1.0,Chandler Jones
1.3846153846153846,Markus Golden
0.9230769230769232,Corey Peters
0.1538461538461538,J.J. Watt
1.7692307692307692,Chandler Jones
1.5384615384615383,Markus Golden
2.1875,Devon Kennard
1.1875,Dennis Gardeck
0.8125,Zach Allen
0.8125,Leki Fotu
1.5263157894736843,J.J. Watt
2.526315789473684,Chandler Jones
0.4736842105263157,Markus Golden
1.7692307692307692,J.J. Watt
1.6153846153846154,Chandler Jones
1.2307692307692308,Markus Golden
1.5384615384615383,J.J. Watt
1.0,Chandler Jones
1.2692307692307692,Devon Kennard
1.1153846153846154,Michael Dogbe
2.0,J.J. Watt
0.9615384615384616,Chandler Jones
1.0,Devon Kennard
1.0,Zach Allen
2.0384615384615383,J.J. Watt
0.8461538461538461,Chandler Jones
0.7692307692307693,Devon Kennard
1.1153846153846154,Zach Allen
1.0833333333333333,J.J. Watt
1.0,Devon Kennard
1.0,Zach Allen
0.9166666666666666,Isaiah Simmons
1.0,Leki Fotu
2.0,J.J. Watt
0.7857142857142857,Chandler Jones
0.8571428571428571,Markus Golden
1.2142857142857142,Zach Allen
1.1,J.J. Watt
1.5,Chandler Jones
0.95,Markus Golden
1.3,Zach Allen
0.7368421052631579,J.J. Watt
1.105263157894737,Chandler Jones
0.8947368421052632,Markus Golden
1.0,Jordan Hicks
0.8421052631578947,Budda Baker
1.105263157894737,Zach Allen
1.16,J.J. Watt
0.84,Chandler Jones
1.52,Markus Golden
1.0,J.J. Watt
1.619047619047619,Chandler Jones
1.0,Markus Golden
1.0,Zach Allen
0.0,Jimmie Ward
2.0833333333333335,D.J. Jones
1.0,Nick Bosa
1.8333333333333333,Azeez Al-Shaair
0.0833333333333333,Javon Kinlaw
1.45,Al Woods
1.2,Kerry Hyder
1.0,Rasheem Green
1.0,Poona Ford
1.4761904761904765,Al Woods
1.0,Kerry Hyder
0.8095238095238095,Rasheem Green
1.619047619047619,Poona Ford
0.8333333333333334,Robert Nkemdiche
1.75,Poona Ford
1.0,Bryan Mone
0.6666666666666666,Jordyn Brooks
0.5,Alton Robinson
1.0,Carlos Dunlap
1.0,Kerry Hyder
1.75,Poona Ford
0.25,Ugochukwu Amadi
1.2,Bryan Mone
0.88,Al Woods
1.84,Robert Nkemdiche
2.0,Rasheem Green
1.04,Alton Robinson
0.8,Dee Ford
1.0,Arik Armstead
1.0,Nick Bosa
1.4666666666666666,Javon Kinlaw
0.5769230769230769,Dee Ford
1.0769230769230769,Arik Armstead
0.5769230769230769,Fred Warner
1.6538461538461535,Nick Bosa
1.0,Javon Kinlaw
0.72,Carlos Dunlap
1.0,Al Woods
2.0,Robert Nkemdiche
1.64,Rasheem Green
1.6666666666666667,D.J. Jones
1.1904761904761905,Arden Key
1.0476190476190477,Kentavius Street
0.7619047619047619,Nick Bosa
0.3076923076923077,Dee Ford
0.6538461538461539,Dontae Johnson
1.6923076923076923,Arik Armstead
0.8461538461538461,Nick Bosa
1.7307692307692308,Javon Kinlaw
1.1111111111111112,Kerry Hyder
1.6111111111111112,Poona Ford
1.1111111111111112,Bryan Mone
0.6666666666666666,Jordyn Brooks
1.1666666666666667,Darrell Taylor
1.3888888888888888,Kerry Hyder
1.0,Poona Ford
1.4444444444444444,Bryan Mone
0.6666666666666666,Darrell Taylor
1.3333333333333333,Alton Robinson
1.1923076923076923,Al Woods
1.0,Robert Nkemdiche
1.4230769230769231,Poona Ford
1.3846153846153846,Darrell Taylor
2.0,Alton Robinson
1.8666666666666667,Al Woods
1.4,Robert Nkemdiche
1.0,Rasheem Green
0.3333333333333333,Jordyn Brooks
0.5333333333333333,Alton Robinson
1.0384615384615383,Kerry Hyder
1.3076923076923077,Poona Ford
2.3846153846153846,Bryan Mone
0.0,Alton Robinson
1.1764705882352942,Carlos Dunlap
1.3529411764705883,Kerry Hyder
1.5294117647058822,Poona Ford
0.8823529411764706,Bryan Mone
2.0,Kerry Hyder
0.6923076923076923,Rasheem Green
0.4615384615384615,Ugochukwu Amadi
1.0,Darrell Taylor
1.0,Carlos Dunlap
1.263157894736842,Kerry Hyder
1.2105263157894737,Rasheem Green
0.3157894736842105,Darrell Taylor
0.625,Dee Ford
1.25,Arik Armstead
1.1875,Fred Warner
0.8125,Nick Bosa
0.9375,Javon Kinlaw
0.9565217391304348,Carlos Dunlap
1.2173913043478262,Kerry Hyder
1.2608695652173914,Rasheem Green
1.1304347826086956,Darrell Taylor
1.2307692307692308,Samson Ebukam
2.076923076923077,Kentavius Street
1.5,Nick Bosa
0.7692307692307693,Javon Kinlaw
1.4210526315789471,Samson Ebukam
2.4210526315789473,Kentavius Street
0.6842105263157895,Nick Bosa
1.0,Azeez Al-Shaair
0.5789473684210527,Javon Kinlaw
1.0,Arik Armstead
2.0,D.J. Jones
0.875,Arden Key
1.0,Maurice Hurst
0.0,Marcell Harris
1.0,Carlos Dunlap
1.0,Kerry Hyder
2.4615384615384617,Rasheem Green
0.5384615384615384,Darrell Taylor
1.0434782608695652,Carlos Dunlap
0.391304347826087,Kerry Hyder
1.9130434782608696,Rasheem Green
0.8695652173913043,Darrell Taylor
0.6153846153846154,Carlos Dunlap
1.1153846153846154,Kerry Hyder
1.5,Rasheem Green
0.9615384615384616,Darrell Taylor
1.0,Dee Ford
1.0384615384615383,Arik Armstead
1.4615384615384617,Fred Warner
0.6923076923076923,Nick Bosa
0.2692307692307692,Azeez Al-Shaair
1.2307692307692308,Javon Kinlaw
1.0714285714285714,Carlos Dunlap
1.6428571428571428,Kerry Hyder
1.2142857142857142,Rasheem Green
0.7142857142857143,Darrell Taylor
1.1153846153846154,D.J. Jones
1.3461538461538465,Arden Key
2.3076923076923075,Maurice Hurst
1.3846153846153846,Nick Bosa
0.8461538461538461,Arik Armstead
0.8076923076923077,Samson Ebukam
1.9615384615384617,Kentavius Street
1.0769230769230769,Javon Kinlaw
0.0,Dontae Johnson
0.5,Arik Armstead
1.9230769230769231,D.J. Jones
1.0384615384615383,Maurice Hurst
1.2692307692307692,Nick Bosa
1.0,Carlos Dunlap
1.0,Al Woods
1.0384615384615383,Robert Nkemdiche
1.9615384615384617,Poona Ford
1.3076923076923077,Samson Ebukam
1.6153846153846154,Arden Key
2.1538461538461537,Kentavius Street
1.2307692307692308,Javon Kinlaw
1.0,Samson Ebukam
1.0,Arden Key
1.2222222222222223,Kentavius Street
1.7777777777777777,Javon Kinlaw
1.4230769230769231,Al Woods
1.2307692307692308,Kerry Hyder
1.0,Rasheem Green
0.9615384615384616,Poona Ford
1.6153846153846154,Carlos Dunlap
2.0,Kerry Hyder
1.0,Rasheem Green
0.8846153846153846,Darrell Taylor
1.7692307692307692,Arik Armstead
1.3461538461538465,D.J. Jones
0.8461538461538461,Maurice Hurst
2.0384615384615383,Nick Bosa
1.1923076923076923,Carlos Dunlap
2.269230769230769,Kerry Hyder
0.0,Jamal Adams
2.0,Poona Ford
1.0,Bryan Mone
0.72,Carlos Dunlap
1.52,Kerry Hyder
2.12,Poona Ford
1.4,Bryan Mone
1.6470588235294117,Carlos Dunlap
1.1764705882352942,Kerry Hyder
1.9411764705882353,Rasheem Green
0.2352941176470588,Darrell Taylor
1.0,Carlos Dunlap
2.0,Al Woods
1.0,Kerry Hyder
1.0,Poona Ford
1.0,Carlos Dunlap
1.7692307692307692,Kerry Hyder
1.1538461538461535,Rasheem Green
1.0,Darrell Taylor
0.9285714285714286,Carlos Dunlap
1.0714285714285714,Kerry Hyder
1.7857142857142858,Rasheem Green
0.7857142857142857,Alton Robinson
1.0,Carlos Dunlap
2.08,Robert Nkemdiche
1.0,Poona Ford
0.88,Alton Robinson
1.0384615384615383,Carlos Dunlap
1.2307692307692308,Robert Nkemdiche
1.8846153846153848,Poona Ford
0.7692307692307693,Alton Robinson
1.1923076923076923,Kerry Hyder
1.1153846153846154,Rasheem Green
2.0384615384615383,Poona Ford
0.7307692307692307,Alton Robinson
0.8846153846153846,Carlos Dunlap
1.1923076923076923,Kerry Hyder
1.2692307692307692,Rasheem Green
0.8461538461538461,Darrell Taylor
1.0,Carlos Dunlap
0.6923076923076923,Kerry Hyder
2.0,Rasheem Green
1.0,Darrell Taylor
0.3888888888888889,Carlos Dunlap
2.2222222222222223,Al Woods
1.0,Poona Ford
1.0,Alton Robinson
0.8846153846153846,Carlos Dunlap
1.1153846153846154,Kerry Hyder
1.2692307692307692,Rasheem Green
1.6538461538461535,Darrell Taylor
1.0,Carlos Dunlap
1.76,Kerry Hyder
1.72,Rasheem Green
0.28,Darrell Taylor
1.0,Carlos Dunlap
1.9333333333333331,Kerry Hyder
1.1333333333333333,Rasheem Green
0.7333333333333333,Darrell Taylor
0.6153846153846154,Carlos Dunlap
2.1538461538461537,Kerry Hyder
1.0,Rasheem Green
0.8461538461538461,Darrell Taylor
1.1333333333333333,Calais Campbell
0.9333333333333332,Justin Houston
1.5333333333333334,Brandon Williams
0.0,Patrick Queen
1.4,Justin Madubuike
0.2666666666666666,Malik Harrison
2.1923076923076925,Calais Campbell
0.7692307692307693,Justin Houston
1.3076923076923077,Brandon Williams
0.8846153846153846,Justin Madubuike
1.263157894736842,Calais Campbell
0.8421052631578947,Justin Houston
1.0,Brandon Williams
0.7368421052631579,Tyus Bowser
1.0526315789473684,Justin Madubuike
1.3076923076923077,Calais Campbell
1.1538461538461535,Justin Houston
1.6923076923076923,Chris Board
0.8846153846153846,Patrick Queen
1.0,Odafe Oweh
0.6923076923076923,Von Miller
1.0384615384615383,Mike Purcell
1.2692307692307692,Shamar Stephen
2.0,DeShawn Williams
0.0769230769230769,Von Miller
1.4615384615384617,DeShawn Williams
1.0,A.J. Johnson
0.6923076923076923,Malik Reed
0.5384615384615384,Justin Strnad
0.0,Caden Sterns
1.5,Justin Ellis
1.6428571428571428,Justin Madubuike
0.0,Malik Harrison
1.0,Broderick Washington
0.7857142857142857,Odafe Oweh
0.5,Pernell McPhee
1.9444444444444444,Justin Ellis
1.8888888888888888,Justin Madubuike
1.2777777777777777,Odafe Oweh
1.9166666666666667,Calais Campbell
0.75,Justin Houston
0.9166666666666666,Tyus Bowser
1.1666666666666667,Chris Board
0.0,Patrick Queen
0.4166666666666667,Odafe Oweh
0.8181818181818182,Von Miller
1.7727272727272727,Mike Purcell
1.5454545454545454,Shelby Harris
1.6363636363636365,Dre'Mont Jones
0.5909090909090909,Malik Reed
0.8333333333333334,Justin Houston
1.1111111111111112,Brandon Williams
1.8888888888888888,Justin Madubuike
1.0,Odafe Oweh
1.3333333333333333,Calais Campbell
0.7777777777777778,Justin Houston
0.1111111111111111,Tavon Young
1.5,Patrick Queen
2.611111111111111,Odafe Oweh
0.5882352941176471,Von Miller
1.2941176470588236,Shamar Stephen
1.2352941176470589,DeShawn Williams
0.5882352941176471,Malik Reed
1.2941176470588236,McTelvin Agim
0.8846153846153846,Von Miller
1.0,Shelby Harris
1.8076923076923077,Dre'Mont Jones
0.8461538461538461,Malik Reed
1.0,Calais Campbell
1.0,Pernell McPhee
1.1666666666666667,Brandon Williams
0.0833333333333333,Chuck Clark
0.0,Chris Board
1.4166666666666667,Justin Madubuike
0.6363636363636364,Von Miller
1.3636363636363635,Mike Purcell
0.9090909090909092,Shelby Harris
1.3636363636363635,Dre'Mont Jones
0.7272727272727273,Malik Reed
0.5,Von Miller
1.8461538461538465,Mike Purcell
1.1923076923076923,DeShawn Williams
1.1923076923076923,Dre'Mont Jones
0.5769230769230769,Jonathon Cooper
1.4230769230769231,Shamar Stephen
1.4230769230769231,DeShawn Williams
1.9230769230769231,McTelvin Agim
1.4615384615384617,Shamar Stephen
1.3076923076923077,DeShawn Williams
0.3076923076923077,A.J. Johnson
1.3846153846153846,McTelvin Agim
0.7619047619047619,Justin Houston
1.9047619047619049,Brandon Williams
1.1428571428571428,Justin Madubuike
1.0476190476190477,Broderick Washington
2.076923076923077,Calais Campbell
0.9230769230769232,Justin Houston
0.7692307692307693,Tyus Bowser
0.7692307692307693,Odafe Oweh
1.875,Mike Purcell
0.125,Shamar Stephen
2.0625,DeShawn Williams
0.0,A.J. Johnson
0.9375,Justin Strnad
1.9615384615384617,Von Miller
1.0384615384615383,Mike Purcell
1.5384615384615383,Shamar Stephen
1.5,DeShawn Williams
0.1153846153846153,Malik Reed
0.6538461538461539,Von Miller
1.0,Mike Purcell
1.5769230769230769,Shelby Harris
1.2692307692307692,Dre'Mont Jones
0.7692307692307693,Malik Reed
0.8,Justin Houston
1.8666666666666667,Brandon Williams
1.2666666666666666,Justin Madubuike
0.1333333333333333,Malik Harrison
0.7333333333333333,Odafe Oweh
0.9375,Brandon Williams
1.0,Tyus Bowser
0.5625,Patrick Queen
1.8125,Justin Madubuike
0.4375,Odafe Oweh
0.9230769230769232,Von Miller
2.0,Shelby Harris
1.0,DeShawn Williams
1.5,Dre'Mont Jones
0.0,Malik Reed
0.5384615384615384,Justin Strnad
2.0384615384615383,Calais Campbell
1.3076923076923077,Justin Houston
0.0,Tavon Young
1.3846153846153846,Odafe Oweh
1.8076923076923077,Calais Campbell
1.3076923076923077,Justin Houston
0.8461538461538461,Tyus Bowser
0.3461538461538461,Odafe Oweh
1.0769230769230769,Von Miller
1.1153846153846154,Shelby Harris
2.0384615384615383,Dre'Mont Jones
0.8076923076923077,Malik Reed
1.173913043478261,Von Miller
1.1304347826086956,Shelby Harris
0.0869565217391304,A.J. Johnson
1.6956521739130437,Dre'Mont Jones
0.782608695652174,Malik Reed
0.0,
0.7368421052631579,Von Miller
1.105263157894737,Shelby Harris
0.4736842105263157,A.J. Johnson
2.210526315789474,Dre'Mont Jones
0.7894736842105263,Malik Reed
0.2916666666666667,Von Miller
0.7083333333333334,Shelby Harris
1.5,Dre'Mont Jones
0.875,Malik Reed
0.5833333333333334,Caden Sterns
0.7692307692307693,Von Miller
1.1153846153846154,Shelby Harris
1.0,A.J. Johnson
1.8461538461538465,Dre'Mont Jones
0.3846153846153846,Malik Reed
1.7307692307692308,Calais Campbell
1.2692307692307692,Brandon Williams
1.2307692307692308,Justin Madubuike
0.6538461538461539,Odafe Oweh
0.85,Calais Campbell
1.25,Justin Houston
0.5,Tyus Bowser
1.0,Patrick Queen
1.4,Odafe Oweh
1.6666666666666667,Calais Campbell
1.0,Justin Houston
1.7142857142857142,Justin Ellis
0.8571428571428571,Odafe Oweh
1.5769230769230769,Pernell McPhee
1.5384615384615383,Justin Ellis
0.4615384615384615,Tyus Bowser
1.5,Justin Madubuike
1.3076923076923077,Broderick Washington
1.2307692307692308,Calais Campbell
0.1538461538461538,Justin Houston
2.0,Chris Board
1.5384615384615383,Patrick Queen
0.7692307692307693,Odafe Oweh
1.8076923076923077,Von Miller
1.5769230769230769,Mike Purcell
1.0769230769230769,Shelby Harris
1.7692307692307692,Dre'Mont Jones
0.7307692307692307,Malik Reed
0.6842105263157895,Von Miller
1.1578947368421053,Mike Purcell
1.1578947368421053,Shelby Harris
0.5789473684210527,A.J. Johnson
1.368421052631579,Dre'Mont Jones
0.0,Malik Reed
1.0,Von Miller
1.2692307692307692,DeShawn Williams
0.8461538461538461,Justin Simmons
0.9615384615384616,A.J. Johnson
0.6923076923076923,Malik Reed
0.7307692307692307,Justin Strnad
0.0,Caden Sterns
1.1923076923076923,Pernell McPhee
2.076923076923077,Brandon Williams
1.5384615384615383,Justin Madubuike
2.076923076923077,Broderick Washington
1.25,Pernell McPhee
1.65,Brandon Williams
0.8,Justin Madubuike
1.25,Broderick Washington
1.6153846153846154,Calais Campbell
1.1538461538461535,Justin Houston
0.8846153846153846,Tyus Bowser
1.3461538461538465,Odafe Oweh
0.0384615384615384,Von Miller
1.3076923076923077,Shamar Stephen
0.5769230769230769,DeShawn Williams
0.0,A.J. Johnson
0.3846153846153846,Malik Reed
1.5,McTelvin Agim
1.3461538461538465,Justin Strnad
0.9,Von Miller
1.35,Shelby Harris
1.35,Dre'Mont Jones
0.7,Malik Reed
0.5384615384615384,Mike Purcell
1.8076923076923077,Shelby Harris
1.7307692307692308,Dre'Mont Jones
0.3461538461538461,Justin Strnad
1.6153846153846154,Mike Purcell
1.2692307692307692,Shamar Stephen
1.1538461538461535,DeShawn Williams
0.0,Malik Reed
0.9230769230769232,Justin Strnad
0.0384615384615384,Jonathon Cooper
0.5,Von Miller
2.2857142857142856,Shelby Harris
0.0,Bryce Callahan
0.0,A.J. Johnson
0.5,Dre'Mont Jones
1.7142857142857142,Malik Reed
0.2857142857142857,Justin Strnad
0.6666666666666666,Von Miller
1.7777777777777777,Mike Purcell
0.9444444444444444,Shamar Stephen
1.6666666666666667,Dre'Mont Jones
0.7307692307692307,Von Miller
2.0,Shelby Harris
1.2307692307692308,DeShawn Williams
1.9230769230769231,McTelvin Agim
1.6842105263157894,DeShawn Williams
0.8421052631578947,Malik Reed
1.3157894736842106,McTelvin Agim
0.7368421052631579,Jonathon Cooper
1.0,Shamar Stephen
0.6363636363636364,A.J. Johnson
1.3636363636363635,Dre'Mont Jones
0.3636363636363636,Malik Reed
0.6363636363636364,Jonathon Cooper
0.8,Justin Houston
1.1333333333333333,Justin Ellis
2.2666666666666666,Justin Madubuike
0.6,Odafe Oweh
2.1875,Calais Campbell
0.75,Justin Houston
0.5625,Tyus Bowser
1.3125,Patrick Queen
1.263157894736842,Calais Campbell
1.3157894736842106,Justin Houston
0.5263157894736842,Brandon Williams
0.0,Tavon Young
0.9473684210526316,Odafe Oweh
1.3125,Calais Campbell
1.0,Justin Houston
2.125,Brandon Williams
0.6875,Odafe Oweh
1.2105263157894737,Calais Campbell
0.8947368421052632,Justin Houston
0.7894736842105263,Tyus Bowser
1.0,Odafe Oweh
1.2307692307692308,Calais Campbell
1.3846153846153846,Justin Houston
0.8846153846153846,Chris Board
1.0,Patrick Queen
1.4230769230769231,Odafe Oweh
0.9130434782608696,Von Miller
1.173913043478261,Mike Purcell
1.2608695652173914,Shelby Harris
0.5217391304347826,A.J. Johnson
1.0434782608695652,Dre'Mont Jones
0.3478260869565217,Malik Reed
0.3529411764705882,Von Miller
1.5294117647058822,Shelby Harris
0.0,Justin Simmons
2.0,Dre'Mont Jones
0.6470588235294118,Malik Reed
0.6923076923076923,Von Miller
1.0,Shelby Harris
0.0,A.J. Johnson
1.2692307692307692,Dre'Mont Jones
1.3846153846153846,Malik Reed
1.0384615384615383,Justin Strnad
0.5555555555555556,Von Miller
1.5,Mike Purcell
1.1111111111111112,Shamar Stephen
0.9444444444444444,DeShawn Williams
1.4444444444444444,Dre'Mont Jones
0.0,Malik Reed
0.5769230769230769,Von Miller
2.0,Mike Purcell
0.4615384615384615,Shamar Stephen
0.4230769230769231,Shelby Harris
0.0,A.J. Johnson
1.0,Malik Reed
0.8461538461538461,Calais Campbell
1.5,Justin Houston
1.3076923076923077,Tyus Bowser
1.1538461538461535,Odafe Oweh
1.44,Calais Campbell
1.4,Justin Houston
0.68,Tyus Bowser
1.52,Odafe Oweh
2.0,Calais Campbell
1.0434782608695652,Pernell McPhee
1.0,Tyus Bowser
1.0,Odafe Oweh
1.0,Calais Campbell
1.6842105263157894,Tyus Bowser
0.2105263157894736,Chuck Clark
0.1578947368421052,Chris Board
1.631578947368421,Odafe Oweh
0.5789473684210527,Brandon Stephens
1.2173913043478262,Calais Campbell
1.434782608695652,Justin Houston
1.1304347826086956,Tyus Bowser
0.9565217391304348,Odafe Oweh
0.8421052631578947,Calais Campbell
1.631578947368421,Brandon Williams
1.0,Tyus Bowser
1.263157894736842,Odafe Oweh
1.5909090909090908,Calais Campbell
1.5454545454545454,Brandon Williams
0.4090909090909091,Tyus Bowser
0.9090909090909092,Odafe Oweh
0.5714285714285714,Preston Smith
1.0,Kenny Clark
1.0714285714285714,Dean Lowry
0.9285714285714286,Rashan Gary
1.4285714285714286,Kingsley Keke
2.0,Kenny Clark
1.588235294117647,Dean Lowry
1.0,Rashan Gary
0.4117647058823529,Jonathan Garvin
1.4230769230769231,Kenny Clark
0.5769230769230769,Rashan Gary
2.1153846153846154,Kingsley Keke
0.5769230769230769,Jonathan Garvin
1.4615384615384617,Cameron Heyward
1.8461538461538465,Chris Wormley
1.0769230769230769,Isaiah Buggs
0.5384615384615384,Alex Highsmith
1.3571428571428572,Cameron Heyward
0.5,T.J. Watt
1.2142857142857142,Chris Wormley
0.5714285714285714,Devin Bush
1.6428571428571428,Isaiah Buggs
1.2692307692307692,Cameron Heyward
2.0,Chris Wormley
1.6923076923076923,Isaiah Buggs
1.3461538461538465,Cameron Heyward
1.6153846153846154,Chris Wormley
0.1923076923076923,Devin Bush
0.8076923076923077,Alex Highsmith
2.0,Kenny Clark
1.4166666666666667,Dean Lowry
0.5833333333333334,Rashan Gary
0.5833333333333334,Jonathan Garvin
1.8,Kenny Clark
1.0,De'Vondre Campbell
0.7333333333333333,Rashan Gary
1.2666666666666666,Kingsley Keke
0.4,Jonathan Garvin
1.0454545454545454,Cameron Heyward
0.9090909090909092,T.J. Watt
1.3636363636363635,Chris Wormley
0.8636363636363636,Alex Highsmith
1.0,Cameron Heyward
0.0952380952380952,Joe Schobert
2.0,Chris Wormley
1.2857142857142858,Derrek Tuszka
0.9230769230769232,Melvin Ingram
1.0769230769230769,Henry Mondeaux
0.8076923076923077,Isaiah Buggs
2.1153846153846154,Isaiahh Loudermilk
2.0,Cameron Heyward
0.9375,Melvin Ingram
0.625,T.J. Watt
1.25,Isaiahh Loudermilk
1.4,Cameron Heyward
0.6,T.J. Watt
1.2,Chris Wormley
0.0,Devin Bush
1.2,Isaiah Buggs
1.1578947368421053,Cameron Heyward
0.1052631578947368,T.J. Watt
1.105263157894737,Alex Highsmith
2.526315789473684,Isaiahh Loudermilk
1.2307692307692308,Cameron Heyward
0.9230769230769232,T.J. Watt
0.5,Arthur Maulet
0.7692307692307693,Alex Highsmith
1.1923076923076923,Isaiahh Loudermilk
1.0,Preston Smith
1.9523809523809523,Kenny Clark
1.0,Dean Lowry
0.7619047619047619,Rashan Gary
1.2857142857142858,Kingsley Keke
0.5217391304347826,Preston Smith
2.1739130434782608,Kenny Clark
0.8260869565217391,Rashan Gary
1.0,Kingsley Keke
1.4230769230769231,Cameron Heyward
1.8461538461538465,Chris Wormley
0.2692307692307692,Arthur Maulet
0.4615384615384615,Derrek Tuszka
2.0,Cameron Heyward
0.9615384615384616,Melvin Ingram
0.5384615384615384,T.J. Watt
1.4615384615384617,Isaiahh Loudermilk
0.7142857142857143,Preston Smith
1.1428571428571428,Kenny Clark
2.2857142857142856,Kingsley Keke
0.2857142857142857,Jonathan Garvin
1.7647058823529411,Kenny Clark
0.3529411764705882,De'Vondre Campbell
1.8823529411764703,Dean Lowry
0.8235294117647058,Jonathan Garvin
1.92,Kenny Clark
1.32,Dean Lowry
1.24,Jonathan Garvin
1.48,Chauncey Rivers
1.4375,Preston Smith
1.0625,Kenny Clark
0.6875,Rashan Gary
2.25,Kingsley Keke
0.8846153846153846,T.J. Watt
1.2307692307692308,Chris Wormley
1.4615384615384617,Henry Mondeaux
1.3846153846153846,Alex Highsmith
1.6956521739130437,Cameron Heyward
0.8695652173913043,Melvin Ingram
1.0,Chris Wormley
1.0,Isaiah Buggs
1.0,Cameron Heyward
0.8823529411764706,T.J. Watt
1.9411764705882353,Chris Wormley
0.5294117647058824,Melvin Ingram
1.0,T.J. Watt
1.3529411764705883,Chris Wormley
0.2941176470588235,Arthur Maulet
1.1176470588235294,Isaiah Buggs
1.3125,Cameron Heyward
0.6875,Melvin Ingram
0.75,Joe Schobert
0.5,T.J. Watt
1.75,Chris Wormley
0.9411764705882352,Cameron Heyward
0.8235294117647058,Melvin Ingram
0.5294117647058824,T.J. Watt
1.2352941176470589,Chris Wormley
1.25,Cameron Heyward
1.1666666666666667,T.J. Watt
1.0833333333333333,Alex Highsmith
1.4166666666666667,Isaiahh Loudermilk
1.8846153846153848,Cameron Heyward
0.7307692307692307,Joe Schobert
2.0,Chris Wormley
1.0,Alex Highsmith
0.8333333333333334,T.J. Watt
1.0555555555555556,Chris Wormley
0.0,Devin Bush
1.1111111111111112,Isaiah Buggs
0.5,Alex Highsmith
1.6666666666666667,Isaiahh Loudermilk
1.2,Cameron Heyward
1.25,T.J. Watt
1.0,Chris Wormley
1.0,Isaiah Buggs
1.1153846153846154,Cameron Heyward
0.8076923076923077,Melvin Ingram
1.6153846153846154,T.J. Watt
1.2692307692307692,Chris Wormley
1.0454545454545454,Cameron Heyward
0.9545454545454546,Melvin Ingram
0.8181818181818182,T.J. Watt
2.1818181818181817,Chris Wormley
1.0,Preston Smith
1.0,Kenny Clark
2.0,Dean Lowry
0.0,Oren Burks
0.6666666666666666,Rashan Gary
0.1666666666666666,Preston Smith
2.0,Kenny Clark
1.3333333333333333,Dean Lowry
0.8333333333333334,Rashan Gary
0.5652173913043478,Preston Smith
1.3043478260869563,Kenny Clark
0.8695652173913043,Rashan Gary
2.0,Kingsley Keke
0.3809523809523809,Preston Smith
1.619047619047619,Kenny Clark
0.7142857142857143,Rashan Gary
1.8571428571428572,Kingsley Keke
1.84,Kenny Clark
1.36,Dean Lowry
1.12,Jonathan Garvin
1.44,Chauncey Rivers
0.5,Preston Smith
1.2222222222222223,Dean Lowry
0.7222222222222222,Rashan Gary
1.5,Kingsley Keke
0.9166666666666666,Preston Smith
2.0,Kenny Clark
0.6666666666666666,Rashan Gary
2.4375,Cameron Heyward
1.5625,T.J. Watt
1.125,Chris Wormley
0.875,Alex Highsmith
0.76,Preston Smith
1.0,Rashan Gary
1.24,Kingsley Keke
1.84,Jack Heflin
1.0555555555555556,Preston Smith
0.7777777777777778,Rashan Gary
1.4444444444444444,Kingsley Keke
1.2222222222222223,Jack Heflin
0.7333333333333333,Preston Smith
1.7333333333333334,Kenny Clark
0.0,
1.2,Rashan Gary
1.2,Cameron Heyward
0.8666666666666667,T.J. Watt
2.2,Chris Wormley
1.761904761904762,Cameron Heyward
0.6190476190476191,Melvin Ingram
1.0,T.J. Watt
0.5714285714285714,Chris Wormley
0.7058823529411765,Preston Smith
1.3529411764705883,Dean Lowry
0.5882352941176471,Rashan Gary
1.588235294117647,Tedarrell Slaton
1.3076923076923077,Preston Smith
1.3846153846153846,Kenny Clark
1.2692307692307692,Dean Lowry
0.7307692307692307,Rashan Gary
2.0,Kenny Clark
1.5333333333333334,Kingsley Keke
0.6666666666666666,Jonathan Garvin
0.4666666666666667,Chauncey Rivers
1.3157894736842106,Kenny Clark
1.4210526315789471,Kingsley Keke
0.5789473684210527,Jonathan Garvin
1.105263157894737,Chauncey Rivers
1.5,Cameron Heyward
0.9545454545454546,Melvin Ingram
1.0,T.J. Watt
1.0,Isaiah Buggs
2.0,Isaiahh Loudermilk
2.6666666666666665,Cameron Heyward
0.9333333333333332,Joe Schobert
0.8,T.J. Watt
1.0,Isaiahh Loudermilk
1.5333333333333334,Cameron Heyward
1.6,Joe Schobert
0.3333333333333333,T.J. Watt
1.4,Isaiahh Loudermilk
0.56,Preston Smith
1.52,Kenny Clark
2.04,Dean Lowry
1.28,Rashan Gary
0.9523809523809524,Preston Smith
1.5238095238095235,Kenny Clark
1.380952380952381,Dean Lowry
0.6190476190476191,Rashan Gary
1.2727272727272727,Kenny Clark
1.3636363636363635,Kingsley Keke
0.7272727272727273,Jonathan Garvin
0.7272727272727273,Chauncey Rivers
1.28,Kingsley Keke
0.8,Jonathan Garvin
0.64,Chauncey Rivers
2.2,Tedarrell Slaton
1.3529411764705883,Kingsley Keke
0.7647058823529411,Jonathan Garvin
0.6470588235294118,Chauncey Rivers
2.235294117647059,Tedarrell Slaton
1.3076923076923077,Kingsley Keke
0.8461538461538461,Jonathan Garvin
1.0384615384615383,Chauncey Rivers
1.1538461538461535,Tedarrell Slaton
1.3636363636363635,Cameron Heyward
0.0454545454545454,T.J. Watt
1.9545454545454544,Chris Wormley
1.6363636363636365,Alex Highsmith
0.6111111111111112,Preston Smith
1.1666666666666667,Kenny Clark
1.9444444444444444,Dean Lowry
0.7777777777777778,Rashan Gary
0.6,Preston Smith
1.5,Kenny Clark
1.6,Dean Lowry
0.75,Rashan Gary
1.6923076923076923,Ndamukong Suh
0.1538461538461538,Ross Cockrell
1.6153846153846154,Vita Vea
1.1538461538461535,Joe Tryon
1.7692307692307692,Ndamukong Suh
0.4615384615384615,Shaquil Barrett
1.8461538461538465,Vita Vea
0.6923076923076923,Joe Tryon
2.0454545454545454,Ndamukong Suh
0.5909090909090909,Shaquil Barrett
2.0,Vita Vea
0.8636363636363636,Joe Tryon
2.0,Ndamukong Suh
1.3846153846153846,Shaquil Barrett
1.0384615384615383,Vita Vea
1.0,Joe Tryon
1.1923076923076923,Ndamukong Suh
1.1538461538461535,Shaquil Barrett
1.4230769230769231,Vita Vea
0.7307692307692307,Devin White
0.9615384615384616,Joe Tryon
1.3157894736842106,Lawrence Guy
1.6842105263157894,Matt Judon
1.1578947368421053,Deatrich Wise
1.0,Davon Godchaux
1.0,Dont'a Hightower
2.0,Deatrich Wise
2.0,Christian Barmore
0.8333333333333334,Matt Judon
1.9444444444444444,Deatrich Wise
1.0,Josh Uche
2.0,Christian Barmore
0.6923076923076923,Matt Judon
1.0769230769230769,Chase Winovich
0.7692307692307693,Kyle Dugger
0.7692307692307693,Josh Uche
1.1538461538461535,Christian Barmore
1.1875,Steve McLendon
1.0,William Gholston
2.0,Rakeem Nunez-Roches
1.25,Joe Tryon
2.3076923076923075,Ndamukong Suh
0.6538461538461539,Shaquil Barrett
0.6538461538461539,Vita Vea
0.8076923076923077,Joe Tryon
1.9615384615384617,Lawrence Guy
0.9230769230769232,Matt Judon
1.2307692307692308,Deatrich Wise
0.6153846153846154,Davon Godchaux
0.0952380952380952,Dont'a Hightower
1.761904761904762,Carl Davis
1.4285714285714286,Deatrich Wise
1.7142857142857142,Christian Barmore
1.0,Kyle Van Noy
1.3076923076923077,Carl Davis
1.0,Matt Judon
1.0,Deatrich Wise
1.3076923076923077,Christian Barmore
2.45,Lawrence Guy
0.55,Henry Anderson
1.0,Davon Godchaux
0.9,Chase Winovich
0.5789473684210527,Matt Judon
0.8421052631578947,Deatrich Wise
1.5263157894736843,Josh Uche
1.368421052631579,Christian Barmore
1.1176470588235294,Ndamukong Suh
1.0,Shaquil Barrett
1.0588235294117647,Vita Vea
0.8823529411764706,Joe Tryon
1.6538461538461535,Ndamukong Suh
1.5769230769230769,William Gholston
0.7692307692307693,Joe Tryon
1.6,Ndamukong Suh
0.35,Shaquil Barrett
1.55,Vita Vea
0.0,Devin White
1.5,Joe Tryon
1.2727272727272727,Matt Judon
0.6363636363636364,Deatrich Wise
1.2727272727272727,Davon Godchaux
2.0,Christian Barmore
0.8636363636363636,Deatrich Wise
1.0,Davon Godchaux
0.7727272727272727,Chase Winovich
2.136363636363636,Christian Barmore
1.4615384615384617,Matt Judon
1.8846153846153848,Chase Winovich
0.1538461538461538,Josh Uche
1.5384615384615383,Christian Barmore
1.8846153846153848,Lawrence Guy
0.7692307692307693,Deatrich Wise
1.0384615384615383,Davon Godchaux
0.0666666666666666,Matt Judon
0.6666666666666666,Chase Winovich
2.0,Christian Barmore
0.4230769230769231,Lavonte David
1.5,William Gholston
1.6923076923076923,Rakeem Nunez-Roches
0.9615384615384616,Devin White
0.3846153846153846,Mike Edwards
0.8888888888888888,Lavonte David
1.1111111111111112,William Gholston
0.9444444444444444,Shaquil Barrett
1.3333333333333333,Rakeem Nunez-Roches
1.4444444444444444,Joe Tryon
1.6,Ndamukong Suh
0.8,Shaquil Barrett
0.7333333333333333,Vita Vea
0.8666666666666667,Joe Tryon
1.4210526315789471,Ndamukong Suh
0.0,Ross Cockrell
0.5789473684210527,Shaquil Barrett
1.368421052631579,Vita Vea
0.5789473684210527,Devin White
1.631578947368421,Joe Tryon
1.625,Ndamukong Suh
0.5416666666666666,Ross Cockrell
1.25,Vita Vea
0.9166666666666666,Anthony Nelson
0.6666666666666666,Joe Tryon
1.631578947368421,Ndamukong Suh
1.5789473684210529,Vita Vea
0.9473684210526316,Anthony Nelson
0.5263157894736842,Joe Tryon
2.0,Steve McLendon
1.2222222222222223,William Gholston
1.0555555555555556,Rakeem Nunez-Roches
2.0,Steve McLendon
1.3846153846153846,William Gholston
0.6153846153846154,Shaquil Barrett
1.0,Anthony Nelson
1.3076923076923077,Kyle Van Noy
2.0,Deatrich Wise
2.0,Christian Barmore
1.4230769230769231,Lawrence Guy
1.5769230769230769,Carl Davis
1.1923076923076923,Matt Judon
1.2692307692307692,Deatrich Wise
1.0769230769230769,Kyle Van Noy
2.0384615384615383,Davon Godchaux
1.2692307692307692,Christian Barmore
1.0,Ndamukong Suh
0.0,Shaquil Barrett
2.0,Vita Vea
1.0,Anthony Nelson
1.0,Joe Tryon
1.3076923076923077,Ndamukong Suh
1.4615384615384617,Shaquil Barrett
1.3461538461538465,Vita Vea
0.6538461538461539,Joe Tryon
0.0,Matt Judon
0.6923076923076923,Deatrich Wise
1.3076923076923077,Josh Uche
2.3846153846153846,Christian Barmore
0.5769230769230769,Matt Judon
0.6538461538461539,Deatrich Wise
1.4615384615384617,Josh Uche
1.1538461538461535,Christian Barmore
1.0,Kyle Van Noy
0.85,Matt Judon
0.65,Chase Winovich
1.35,Josh Uche
1.45,Christian Barmore
0.75,Matt Judon
1.2916666666666667,Chase Winovich
1.9166666666666667,Christian Barmore
1.0,Matt Judon
1.0,Chase Winovich
1.0625,Josh Uche
1.5,Christian Barmore
1.2,Matt Judon
1.2666666666666666,Davon Godchaux
0.5333333333333333,Chase Winovich
1.2,Josh Uche
0.3125,Deatrich Wise
1.0,Davon Godchaux
0.0,Chase Winovich
2.0,Josh Uche
1.1764705882352942,Lawrence Guy
1.0,Matt Judon
0.5294117647058824,Deatrich Wise
0.8823529411764706,Davon Godchaux
2.0,Ndamukong Suh
1.3461538461538465,Lavonte David
1.0384615384615383,William Gholston
0.7692307692307693,Vita Vea
0.6538461538461539,Devin White
1.25,Ndamukong Suh
0.5,Shaquil Barrett
1.8333333333333333,Vita Vea
0.6666666666666666,Joe Tryon
2.125,Lawrence Guy
0.75,Kyle Van Noy
0.625,Matt Judon
0.8125,Deatrich Wise
1.0625,Davon Godchaux
1.1538461538461535,Ndamukong Suh
0.5769230769230769,Richard Sherman
1.5769230769230769,William Gholston
0.6153846153846154,Vita Vea
1.0,Joe Tryon
0.9565217391304348,Ndamukong Suh
1.0,Shaquil Barrett
1.6956521739130437,Vita Vea
0.3043478260869565,Joe Tryon
1.761904761904762,Carl Davis
0.6666666666666666,Deatrich Wise
0.3333333333333333,Chase Winovich
1.8095238095238095,Christian Barmore
1.1904761904761905,Steve McLendon
0.8095238095238095,Shaquil Barrett
1.6666666666666667,Rakeem Nunez-Roches
0.0,Devin White
1.0476190476190477,Joe Tryon
1.8695652173913044,Steve McLendon
2.0869565217391304,William Gholston
1.3478260869565215,Shaquil Barrett
1.1304347826086956,Rakeem Nunez-Roches
0.8695652173913043,Devin White
1.2857142857142858,Steve McLendon
1.0,William Gholston
0.7142857142857143,Anthony Nelson
1.391304347826087,Steve McLendon
1.0434782608695652,William Gholston
1.565217391304348,Rakeem Nunez-Roches
1.0,Anthony Nelson
0.391304347826087,Antoine Winfield
1.0,Steve McLendon
0.6842105263157895,Lavonte David
2.0,William Gholston
1.3157894736842106,Rakeem Nunez-Roches
0.631578947368421,Devin White
1.1538461538461535,Steve McLendon
2.1538461538461537,Ndamukong Suh
1.1538461538461535,William Gholston
0.8461538461538461,Rakeem Nunez-Roches
0.0,Pat O'Connor
0.3076923076923077,Vita Vea
0.5384615384615384,Antoine Winfield
2.0,Matt Judon
0.875,Chase Winovich
1.0,Christian Barmore
1.6153846153846154,Carl Davis
0.8076923076923077,Matt Judon
0.7307692307692307,Deatrich Wise
1.2692307692307692,Christian Barmore
1.5,Kyle Van Noy
0.8461538461538461,Matt Judon
1.4230769230769231,Davon Godchaux
0.5769230769230769,Josh Uche
1.3157894736842106,Lawrence Guy
0.8421052631578947,Matt Judon
0.7894736842105263,Deatrich Wise
1.7894736842105263,Davon Godchaux
0.0,Devin McCourty
0.2666666666666666,Adrian Phillips
1.8666666666666667,Matt Judon
0.6666666666666666,Chase Winovich
1.5333333333333334,Christian Barmore
1.0,Matt Judon
1.0,Davon Godchaux
0.7777777777777778,Josh Uche
2.0555555555555554,Christian Barmore
0.2307692307692307,Kyle Van Noy
1.4615384615384617,Matt Judon
2.0384615384615383,Davon Godchaux
0.8846153846153846,Josh Uche
1.1923076923076923,Ndamukong Suh
0.1923076923076923,Richard Sherman
1.0,William Gholston
1.2307692307692308,Vita Vea
1.3846153846153846,Joe Tryon
1.6,Ndamukong Suh
1.0,William Gholston
0.6666666666666666,Shaquil Barrett
1.4,Vita Vea
0.3333333333333333,Jordan Whitehead
1.2222222222222223,Ndamukong Suh
0.6666666666666666,Shaquil Barrett
1.6666666666666667,Vita Vea
0.4444444444444444,Joe Tryon
1.3846153846153846,Ndamukong Suh
2.0,William Gholston
1.1538461538461535,Rakeem Nunez-Roches
1.5,Adrian Phillips
1.0769230769230769,Deatrich Wise
2.5384615384615383,Christian Barmore
0.56,Matt Judon
1.0,Chase Winovich
1.2,Josh Uche
1.4,Christian Barmore
1.6,Lawrence Guy
2.0,Deatrich Wise
1.4,Davon Godchaux
0.5,Kyle Van Noy
1.4545454545454546,Matt Judon
0.9090909090909092,Josh Uche
2.0,Christian Barmore
1.1666666666666667,Ndamukong Suh
0.0,Richard Sherman
0.0,Ross Cockrell
1.6666666666666667,Shaquil Barrett
0.0769230769230769,Ndamukong Suh
1.0,Shaquil Barrett
1.3076923076923077,Vita Vea
2.0,Joe Tryon
0.8235294117647058,Ndamukong Suh
1.0,Shaquil Barrett
1.0,Vita Vea
0.8823529411764706,Jordan Whitehead
1.3529411764705883,Devin White
0.7058823529411765,Joe Tryon
1.375,Ndamukong Suh
1.0,Lavonte David
0.625,Shaquil Barrett
0.75,Vita Vea
1.5,Devin White
0.5,Joe Tryon
0.6428571428571429,Ndamukong Suh
1.7857142857142858,Lavonte David
0.4285714285714285,Shaquil Barrett
0.8571428571428571,Vita Vea
1.2142857142857142,Devin White
0.5714285714285714,Joe Tryon
1.0,Johnathan Hankins
1.0,Yannick Ngakoue
2.0,Quinton Jefferson
0.9285714285714286,Maxx Crosby
1.3333333333333333,Johnathan Hankins
0.875,Yannick Ngakoue
1.5,Quinton Jefferson
0.8333333333333334,Maxx Crosby
1.0,Johnathan Hankins
1.0,Yannick Ngakoue
2.1153846153846154,Quinton Jefferson
0.8846153846153846,Maxx Crosby
1.9375,Johnathan Hankins
1.125,Darius Philon
0.875,Carl Nassib
0.9375,Clelin Ferrell
2.8666666666666667,Darius Philon
1.0,Yannick Ngakoue
0.6666666666666666,Maxx Crosby
2.0,Johnathan Hankins
0.9130434782608696,Yannick Ngakoue
1.3043478260869563,Maxx Crosby
0.6190476190476191,Joey Bosa
0.3333333333333333,Tevaughn Campbell
0.3333333333333333,Derwin James
1.1904761904761905,Uchenna Nwosu
1.2857142857142858,Jerry Tillery
0.8421052631578947,Yannick Ngakoue
1.736842105263158,Quinton Jefferson
1.1578947368421053,Solomon Thomas
0.7894736842105263,Maxx Crosby
1.2,Linval Joseph
1.0,Christian Covington
1.1,Joey Bosa
0.55,Uchenna Nwosu
2.0,Jerry Tillery
1.2777777777777777,Linval Joseph
1.6111111111111112,Christian Covington
0.5555555555555556,Joey Bosa
0.8888888888888888,Uchenna Nwosu
0.8095238095238095,Joey Bosa
0.5714285714285714,Kyler Fackrell
1.3333333333333333,Uchenna Nwosu
1.8095238095238095,Jerry Tillery
1.0,Drue Tranquill
1.608695652173913,Johnathan Hankins
0.391304347826087,Darius Philon
1.0869565217391304,Carl Nassib
0.8695652173913043,Clelin Ferrell
2.0,Johnathan Hankins
1.0,Darius Philon
0.7391304347826086,Carl Nassib
0.9130434782608696,Clelin Ferrell
1.7692307692307692,Darius Philon
1.2307692307692308,Yannick Ngakoue
1.7692307692307692,Maxx Crosby
1.0769230769230769,Linval Joseph
1.9615384615384617,Christian Covington
1.4615384615384617,Jerry Tillery
0.6923076923076923,Chris Rumph
1.75,Christian Covington
0.625,Joey Bosa
0.6666666666666666,Uchenna Nwosu
1.7916666666666667,Jerry Tillery
1.0,Johnathan Hankins
0.9,Yannick Ngakoue
1.95,Quinton Jefferson
0.95,Maxx Crosby
2.12,Christian Covington
1.2,Joey Bosa
0.6,Kyler Fackrell
1.16,Jerry Tillery
1.5384615384615383,Johnathan Hankins
1.0,Carl Nassib
1.0384615384615383,Solomon Thomas
0.9615384615384616,Clelin Ferrell
0.8846153846153846,Yannick Ngakoue
1.0,Quinton Jefferson
2.1153846153846154,Solomon Thomas
1.0,Maxx Crosby
2.0,Linval Joseph
0.8666666666666667,Joey Bosa
0.8,Uchenna Nwosu
1.4,Jerry Tillery
1.5384615384615383,Linval Joseph
0.6153846153846154,Joey Bosa
1.0769230769230769,Uchenna Nwosu
1.6538461538461535,Jerry Tillery
0.9047619047619048,Joey Bosa
0.8095238095238095,Kyler Fackrell
1.1428571428571428,Uchenna Nwosu
1.4761904761904765,Jerry Tillery
1.3571428571428572,Linval Joseph
1.7142857142857142,Christian Covington
0.7857142857142857,Joey Bosa
0.7142857142857143,Kyler Fackrell
1.681818181818182,Christian Covington
1.0454545454545454,Joey Bosa
1.8636363636363635,Jerry Tillery
0.0,Drue Tranquill
1.3571428571428572,Christian Covington
1.0,Joey Bosa
0.5714285714285714,Kyler Fackrell
0.7142857142857143,Jerry Tillery
1.1428571428571428,Drue Tranquill
1.76,Darius Philon
1.0,Carl Nassib
1.04,Quinton Jefferson
1.6,Clelin Ferrell
1.5909090909090908,Johnathan Hankins
1.0,Yannick Ngakoue
1.7272727272727273,Quinton Jefferson
1.0,Maxx Crosby
1.380952380952381,Johnathan Hankins
1.0952380952380951,Yannick Ngakoue
1.2857142857142858,Solomon Thomas
1.0,Maxx Crosby
0.8333333333333334,Yannick Ngakoue
1.2777777777777777,Quinton Jefferson
2.0,Solomon Thomas
0.4444444444444444,Maxx Crosby
1.55,Darius Philon
0.85,Yannick Ngakoue
1.15,Solomon Thomas
1.05,Maxx Crosby
1.0,Darius Philon
0.8571428571428571,Yannick Ngakoue
2.0,Solomon Thomas
0.9523809523809524,Maxx Crosby
1.2666666666666666,Darius Philon
0.0,Yannick Ngakoue
1.0,Nick Kwiatkoski
1.7333333333333334,Solomon Thomas
0.8666666666666667,Maxx Crosby
1.2222222222222223,Darius Philon
1.1111111111111112,Yannick Ngakoue
2.0555555555555554,Solomon Thomas
0.7777777777777778,Maxx Crosby
1.0,Darius Philon
0.6666666666666666,Yannick Ngakoue
1.9047619047619049,Solomon Thomas
1.3333333333333333,Maxx Crosby
1.1923076923076923,Darius Philon
0.8846153846153846,Yannick Ngakoue
1.6923076923076923,Solomon Thomas
0.8076923076923077,Maxx Crosby
1.0,Johnathan Hankins
1.0,Carl Nassib
0.0,Yannick Ngakoue
2.5625,Quinton Jefferson
2.0,Linval Joseph
0.6923076923076923,Joey Bosa
0.7692307692307693,Uchenna Nwosu
1.0769230769230769,Jerry Tillery
1.7307692307692308,Linval Joseph
0.8461538461538461,Uchenna Nwosu
0.5384615384615384,Kyzir White
1.3461538461538465,Jerry Tillery
1.2,Linval Joseph
1.32,Joey Bosa
0.84,Uchenna Nwosu
0.72,Jerry Tillery
2.2777777777777777,Linval Joseph
0.6111111111111112,Joey Bosa
0.7222222222222222,Kyler Fackrell
1.0555555555555556,Jerry Tillery
1.0384615384615383,Linval Joseph
1.1923076923076923,Christian Covington
0.7692307692307693,Joey Bosa
0.8076923076923077,Kyler Fackrell
1.1538461538461535,Joe Gaziano
1.238095238095238,Christian Covington
0.6190476190476191,Joey Bosa
0.8095238095238095,Kyler Fackrell
1.9047619047619049,Joe Gaziano
1.8461538461538465,Christian Covington
1.0,Joey Bosa
0.8076923076923077,Kyler Fackrell
1.1538461538461535,Jerry Tillery
1.8076923076923077,Johnathan Hankins
1.0,Carl Nassib
2.0,Quinton Jefferson
1.0,Clelin Ferrell
1.9615384615384617,Johnathan Hankins
0.0,Yannick Ngakoue
1.1923076923076923,Solomon Thomas
1.5384615384615383,Maxx Crosby
2.076923076923077,Linval Joseph
0.5384615384615384,Uchenna Nwosu
1.4615384615384617,Jerry Tillery
0.7692307692307693,Chris Rumph
2.16,Christian Covington
0.76,Joey Bosa
0.88,Uchenna Nwosu
1.04,Jerry Tillery
0.8461538461538461,Linval Joseph
1.5384615384615383,Christian Covington
0.8461538461538461,Joey Bosa
0.8846153846153846,Uchenna Nwosu
2.230769230769231,Jerry Tillery
1.6923076923076923,Christian Covington
1.0384615384615383,Joey Bosa
0.9230769230769232,Uchenna Nwosu
1.1538461538461535,Joe Gaziano
2.0,Johnathan Hankins
0.9444444444444444,Yannick Ngakoue
1.0,Solomon Thomas
1.0,Maxx Crosby
2.0833333333333335,Johnathan Hankins
1.0,Yannick Ngakoue
1.0,Solomon Thomas
1.0833333333333333,Maxx Crosby
0.0833333333333333,Roderic Teamer
1.25,Johnathan Hankins
0.9166666666666666,Carl Nassib
0.875,Quinton Jefferson
0.9166666666666666,Clelin Ferrell
0.8333333333333334,Johnathan Abram
2.0,Johnathan Hankins
1.0,Darius Philon
0.0,Carl Nassib
1.0,Cory Littleton
1.0,Clelin Ferrell
1.6153846153846154,Darius Philon
0.9615384615384616,Yannick Ngakoue
1.0384615384615383,Solomon Thomas
0.3846153846153846,Johnathan Abram
0.7692307692307693,Maxx Crosby
0.1538461538461538,Roderic Teamer
1.8846153846153848,Linval Joseph
1.8461538461538465,Christian Covington
0.8461538461538461,Kyler Fackrell
1.6923076923076923,Jerry Tillery
2.0384615384615383,Christian Covington
0.9230769230769232,Joey Bosa
0.7307692307692307,Kyler Fackrell
1.1923076923076923,Jerry Tillery
1.8333333333333333,Johnathan Hankins
1.1666666666666667,Yannick Ngakoue
1.0555555555555556,Solomon Thomas
0.9444444444444444,Maxx Crosby
1.0,Johnathan Hankins
0.8947368421052632,Yannick Ngakoue
2.1052631578947367,Solomon Thomas
1.0,Maxx Crosby
1.5714285714285714,Darius Philon
1.0,Yannick Ngakoue
1.0,Quinton Jefferson
1.0952380952380951,Maxx Crosby
1.391304347826087,Linval Joseph
1.1304347826086956,Joey Bosa
0.8695652173913043,Uchenna Nwosu
1.0434782608695652,Jerry Tillery
1.4666666666666666,Linval Joseph
1.2666666666666666,Uchenna Nwosu
1.6666666666666667,Jerry Tillery
0.4666666666666667,Drue Tranquill
1.375,Christian Covington
0.9375,Joey Bosa
0.5,Uchenna Nwosu
0.6875,Jerry Tillery
1.125,Drue Tranquill
1.8846153846153848,Christian Covington
0.8846153846153846,Joey Bosa
0.8461538461538461,Uchenna Nwosu
1.1153846153846154,Joe Gaziano
1.6538461538461535,Christian Covington
1.1153846153846154,Kyler Fackrell
0.6153846153846154,Uchenna Nwosu
1.6923076923076923,Joe Gaziano
1.2307692307692308,Christian Covington
0.8461538461538461,Kyler Fackrell
1.1923076923076923,Uchenna Nwosu
1.7692307692307692,Joe Gaziano
1.3478260869565215,Linval Joseph
0.6086956521739131,Joey Bosa
1.0434782608695652,Kyler Fackrell
1.2173913043478262,Jerry Tillery
2.0,Linval Joseph
0.9615384615384616,Joey Bosa
0.8076923076923077,Kyler Fackrell
1.3461538461538465,Jerry Tillery
1.3076923076923077,Linval Joseph
1.0769230769230769,Joey Bosa
1.1923076923076923,Kyler Fackrell
1.0769230769230769,Jerry Tillery
1.6923076923076923,Christian Covington
0.7692307692307693,Joey Bosa
1.0384615384615383,Kyler Fackrell
1.2307692307692308,Jerry Tillery
1.0,Al Woods
2.0,Kerry Hyder
0.5769230769230769,Rasheem Green
1.4230769230769231,Poona Ford
1.0454545454545454,Al Woods
1.4090909090909092,Kerry Hyder
0.7727272727272727,Rasheem Green
1.181818181818182,Poona Ford
0.5909090909090909,Jordyn Brooks
1.2222222222222223,Aaron Donald
1.5,Sebastian Joseph
2.3333333333333335,Greg Gaines
0.8333333333333334,Michael Hoecht
0.5882352941176471,Carlos Dunlap
1.5294117647058822,Al Woods
1.2941176470588236,Kerry Hyder
1.3529411764705883,Poona Ford
2.0,Al Woods
0.7857142857142857,Benson Mayowa
1.2142857142857142,Kerry Hyder
1.0,Poona Ford
0.4285714285714285,Jordyn Brooks
2.0,Aaron Donald
0.0,Leonard Floyd
1.0,A'Shawn Robinson
1.0,Sebastian Joseph
1.0,Terrell Lewis
1.5769230769230769,Aaron Donald
0.6923076923076923,Leonard Floyd
0.7692307692307693,Sebastian Joseph
1.3846153846153846,Terrell Lewis
1.5769230769230769,Rasheem Green
1.6923076923076923,L.J. Collier
1.1538461538461535,Bryan Mone
1.2307692307692308,Darrell Taylor
2.576923076923077,Rasheem Green
1.1923076923076923,L.J. Collier
1.2307692307692308,Bryan Mone
1.5769230769230769,Darrell Taylor
1.2272727272727273,Al Woods
1.3636363636363635,Rasheem Green
1.0454545454545454,Poona Ford
0.9545454545454546,Darrell Taylor
1.0454545454545454,Al Woods
0.7727272727272727,Rasheem Green
2.0454545454545454,Poona Ford
0.8636363636363636,Darrell Taylor
1.1153846153846154,Al Woods
1.8846153846153848,Kerry Hyder
1.0769230769230769,Poona Ford
0.9230769230769232,Darrell Taylor
0.9230769230769232,Aaron Donald
2.0,Sebastian Joseph
2.0,Greg Gaines
1.0,Michael Hoecht
1.5769230769230769,Aaron Donald
1.1153846153846154,Leonard Floyd
0.6538461538461539,Ogbonnia Okoronkwo
2.0,Sebastian Joseph
1.9230769230769231,Al Woods
1.0384615384615383,Kerry Hyder
1.8076923076923077,Rasheem Green
1.5769230769230769,Poona Ford
1.6666666666666667,Al Woods
1.3333333333333333,Kerry Hyder
0.6666666666666666,Rasheem Green
1.3333333333333333,Poona Ford
2.533333333333333,Aaron Donald
1.0,Leonard Floyd
1.0,Sebastian Joseph
0.3333333333333333,Terrell Lewis
1.2307692307692308,Rasheem Green
1.9615384615384617,L.J. Collier
1.1538461538461535,Bryan Mone
0.9230769230769232,Alton Robinson
1.0,Al Woods
1.0,Rasheem Green
1.5333333333333334,Poona Ford
0.9333333333333332,Alton Robinson
1.0,Carlos Dunlap
1.125,Al Woods
1.0,Kerry Hyder
1.75,Poona Ford
2.0,Aaron Donald
0.6363636363636364,Leonard Floyd
1.2727272727272727,Sebastian Joseph
1.0,Terrell Lewis
1.8235294117647056,Aaron Donald
0.8235294117647058,Leonard Floyd
1.0,Sebastian Joseph
0.7058823529411765,Terrell Lewis
2.0,Aaron Donald
1.0,Leonard Floyd
1.5294117647058822,Terrell Lewis
2.1923076923076925,Aaron Donald
1.8846153846153848,A'Shawn Robinson
0.7692307692307693,Sebastian Joseph
1.0,Terrell Lewis
2.0,Aaron Donald
0.6538461538461539,Kenny Young
1.8461538461538465,Sebastian Joseph
0.9615384615384616,Terrell Lewis
1.3846153846153846,Al Woods
1.3076923076923077,Kerry Hyder
0.7692307692307693,Rasheem Green
1.2307692307692308,Poona Ford
1.5416666666666667,Al Woods
1.3333333333333333,Kerry Hyder
0.7083333333333334,Rasheem Green
1.2916666666666667,Poona Ford
2.1818181818181817,Al Woods
1.0,Kerry Hyder
0.6363636363636364,Rasheem Green
1.181818181818182,Poona Ford
2.0,Al Woods
1.0,Kerry Hyder
0.7916666666666666,Rasheem Green
1.2083333333333333,Poona Ford
1.12,Kerry Hyder
0.72,Rasheem Green
1.28,Poona Ford
1.68,Bryan Mone
1.0,Kerry Hyder
1.0,Rasheem Green
1.6538461538461535,Poona Ford
1.5384615384615383,L.J. Collier
1.5416666666666667,Aaron Donald
0.4583333333333333,Leonard Floyd
0.9166666666666666,Ogbonnia Okoronkwo
2.0,Greg Gaines
2.076923076923077,Al Woods
1.0769230769230769,Poona Ford
1.3461538461538465,Bryan Mone
0.9230769230769232,Darrell Taylor
1.0,Al Woods
0.7142857142857143,Bobby Wagner
1.0476190476190477,Poona Ford
2.0952380952380953,Bryan Mone
1.0,Darrell Taylor
1.6538461538461535,Carlos Dunlap
1.2692307692307692,Poona Ford
1.2692307692307692,Bryan Mone
1.0,Darrell Taylor
1.0476190476190477,Carlos Dunlap
1.1428571428571428,Rasheem Green
1.380952380952381,L.J. Collier
1.0952380952380951,Bryan Mone
0.7619047619047619,Jordyn Brooks
1.4705882352941178,Aaron Donald
0.1764705882352941,Leonard Floyd
1.0588235294117647,Sebastian Joseph
0.0,Troy Reeder
2.0,Jonah Williams
1.9230769230769231,Aaron Donald
0.7307692307692307,Leonard Floyd
1.2692307692307692,Sebastian Joseph
0.8461538461538461,Troy Reeder
0.9230769230769232,Terrell Lewis
1.24,Al Woods
0.2,Kerry Hyder
1.4,Rasheem Green
1.96,L.J. Collier
0.96,Carlos Dunlap
0.72,Bobby Wagner
1.68,Kerry Hyder
1.44,Rasheem Green
0.28,Darrell Taylor
2.0,Aaron Donald
1.0,A'Shawn Robinson
2.0,Sebastian Joseph
0.0,Terrell Lewis
1.25,Aaron Donald
0.75,Leonard Floyd
1.25,Greg Gaines
0.05,Terrell Lewis
1.7,Michael Hoecht
1.6111111111111112,Aaron Donald
0.6111111111111112,Leonard Floyd
1.5555555555555556,Greg Gaines
1.0,Michael Hoecht
1.8461538461538465,Aaron Donald
1.1923076923076923,Leonard Floyd
0.7692307692307693,Ogbonnia Okoronkwo
1.3461538461538465,Sebastian Joseph
0.8333333333333334,Ogbonnia Okoronkwo
1.7083333333333333,Greg Gaines
0.6666666666666666,Troy Reeder
1.5833333333333333,Michael Hoecht
0.9166666666666666,Benson Mayowa
1.0833333333333333,Rasheem Green
1.5416666666666667,Poona Ford
1.3333333333333333,Bryan Mone
0.5833333333333334,Jordyn Brooks
1.3461538461538465,Rasheem Green
1.8076923076923077,Poona Ford
1.8076923076923077,Bryan Mone
0.5769230769230769,Darrell Taylor
1.0,Al Woods
1.36,Rasheem Green
1.12,Poona Ford
0.64,Jordyn Brooks
0.52,Darrell Taylor
2.2142857142857144,Aaron Donald
1.7857142857142858,Greg Gaines
0.5,Troy Reeder
0.2857142857142857,Terrell Lewis
2.44,Aaron Donald
2.0,Sebastian Joseph
0.88,Terrell Lewis
1.8571428571428572,Aaron Donald
0.2142857142857142,Leonard Floyd
1.5714285714285714,Sebastian Joseph
0.0,Troy Reeder
0.9285714285714286,Terrell Lewis
1.6666666666666667,Aaron Donald
0.8333333333333334,Leonard Floyd
1.0555555555555556,Sebastian Joseph
1.1111111111111112,Troy Reeder
0.3333333333333333,Terrell Lewis
2.1052631578947367,Aaron Donald
0.5789473684210527,Leonard Floyd
0.8421052631578947,Ogbonnia Okoronkwo
1.0,Sebastian Joseph
1.9166666666666667,Aaron Donald
0.625,Leonard Floyd
0.875,Ogbonnia Okoronkwo
1.0833333333333333,Sebastian Joseph
2.1923076923076925,Aaron Donald
0.6538461538461539,Leonard Floyd
0.9230769230769232,Ogbonnia Okoronkwo
1.0384615384615383,Sebastian Joseph
1.8846153846153848,Aaron Donald
0.9230769230769232,Leonard Floyd
0.8846153846153846,Ogbonnia Okoronkwo
1.0384615384615383,Sebastian Joseph
1.24,Carlos Dunlap
1.6,Kerry Hyder
1.16,Rasheem Green
0.84,Darrell Taylor
2.076923076923077,Aaron Donald
0.6538461538461539,Leonard Floyd
1.1538461538461535,Sebastian Joseph
0.9615384615384616,Terrell Lewis
1.4166666666666667,Leonard Floyd
1.375,Greg Gaines
0.7083333333333334,Terrell Lewis
1.125,Michael Hoecht
0.8076923076923077,Leonard Floyd
1.9230769230769231,Greg Gaines
0.9230769230769232,Terrell Lewis
1.7692307692307692,Michael Hoecht
1.9,Aaron Donald
0.75,Leonard Floyd
1.5,Greg Gaines
0.1,Terrell Lewis
0.0,John Franklin-Myers
1.0434782608695652,Folorunso Fatukasi
2.8260869565217392,Quinnen Williams
1.0,Bryce Huff
1.5769230769230769,John Franklin-Myers
2.0,Folorunso Fatukasi
2.0384615384615383,Quinnen Williams
0.9230769230769232,Bryce Huff
1.0,Sheldon Rankins
1.0,Shaq Lawson
2.210526315789474,Nathan Shepherd
1.3157894736842106,Tim Ward
1.0,Jamien Sherwood
2.0,Sheldon Rankins
0.8888888888888888,John Franklin-Myers
1.2222222222222223,Quinnen Williams
0.7777777777777778,Bryce Huff
1.0,John Franklin-Myers
1.3571428571428572,Folorunso Fatukasi
1.2142857142857142,Quinnen Williams
0.6428571428571429,Quincy Williams
0.7857142857142857,Bryce Huff
1.0869565217391304,John Franklin-Myers
1.8695652173913044,Folorunso Fatukasi
1.0,Quinnen Williams
1.0,Bryce Huff
0.9230769230769232,Dante Fowler
2.076923076923077,Grady Jarrett
1.0,Tyeler Davison
1.6153846153846154,Jonathan Bullard
1.4230769230769231,Steven Means
0.9230769230769232,Dante Fowler
1.0,Grady Jarrett
1.4615384615384617,Tyeler Davison
0.7307692307692307,C.J. Mosley
1.0,Sheldon Rankins
0.6153846153846154,Shaq Lawson
1.3846153846153846,Nathan Shepherd
1.1923076923076923,Tim Ward
1.0,John Franklin-Myers
1.0,Folorunso Fatukasi
1.4,Quinnen Williams
1.8,Bryce Huff
0.9545454545454546,Sheldon Rankins
0.6363636363636364,Shaq Lawson
2.0,Folorunso Fatukasi
1.0,Bryce Huff
0.8235294117647058,Sheldon Rankins
1.2941176470588236,Shaq Lawson
1.2352941176470589,Nathan Shepherd
0.7058823529411765,Folorunso Fatukasi
1.411764705882353,Quinnen Williams
0.8235294117647058,Del'Shawn Phillips
0.4705882352941176,Jamien Sherwood
1.2083333333333333,Brandon Copeland
1.75,Grady Jarrett
1.125,Tyeler Davison
1.3333333333333333,Jonathan Bullard
0.9166666666666666,Foyesade Oluokun
2.0,Steven Means
0.9230769230769232,Dante Fowler
1.1923076923076923,Grady Jarrett
0.8076923076923077,Adetokunbo Ogundeji
1.1111111111111112,John Franklin-Myers
1.6666666666666667,Folorunso Fatukasi
1.3333333333333333,Quinnen Williams
0.4444444444444444,Bryce Huff
0.5769230769230769,C.J. Mosley
1.0,Sheldon Rankins
1.0,Nathan Shepherd
2.3076923076923075,John Franklin-Myers
1.0,Bryce Huff
1.1428571428571428,C.J. Mosley
0.5714285714285714,Sheldon Rankins
0.6428571428571429,John Franklin-Myers
2.0714285714285716,Quinnen Williams
0.0714285714285714,Quincy Williams
0.6428571428571429,Michael Carter
1.0,Steven Means
1.6923076923076923,Brandon Copeland
1.5384615384615383,Grady Jarrett
2.3846153846153846,Tyeler Davison
0.6363636363636364,John Franklin-Myers
1.4545454545454546,Folorunso Fatukasi
1.7272727272727273,Quinnen Williams
1.0,Bryce Huff
0.6818181818181818,John Franklin-Myers
1.2272727272727273,Folorunso Fatukasi
1.5909090909090908,Quinnen Williams
0.9090909090909092,Bryce Huff
1.0,Steven Means
2.0,Grady Jarrett
1.0,Tyeler Davison
1.0,Adetokunbo Ogundeji
0.5,Steven Means
2.5,Grady Jarrett
1.1153846153846154,Tyeler Davison
0.5,Deion Jones
1.4230769230769231,Adetokunbo Ogundeji
0.6923076923076923,Steven Means
0.8846153846153846,Mike Pennel
2.423076923076923,Grady Jarrett
1.1538461538461535,Jonathan Bullard
1.2692307692307692,Steven Means
1.3846153846153846,Grady Jarrett
1.7307692307692308,Jonathan Bullard
0.8846153846153846,Adetokunbo Ogundeji
1.1904761904761905,Steven Means
0.4285714285714285,Dante Fowler
1.5714285714285714,Grady Jarrett
0.7619047619047619,Deion Jones
0.8571428571428571,Adetokunbo Ogundeji
1.625,Steven Means
1.0416666666666667,Dante Fowler
1.6666666666666667,Grady Jarrett
0.3333333333333333,Adetokunbo Ogundeji
0.4117647058823529,C.J. Mosley
1.1176470588235294,Sheldon Rankins
1.4705882352941178,John Franklin-Myers
1.1176470588235294,Quinnen Williams
0.8823529411764706,Bryce Huff
1.8095238095238095,Sheldon Rankins
0.9047619047619048,John Franklin-Myers
1.0952380952380951,Quinnen Williams
0.9047619047619048,Bryce Huff
1.8846153846153848,Sheldon Rankins
0.1153846153846153,Jarrod Wilson
0.8846153846153846,John Franklin-Myers
1.9230769230769231,Quinnen Williams
0.5,Quincy Williams
1.3636363636363635,Shaq Lawson
1.2272727272727273,Nathan Shepherd
1.181818181818182,Folorunso Fatukasi
0.8181818181818182,Bryce Huff
0.8181818181818182,Shaq Lawson
1.0,Nathan Shepherd
1.6363636363636365,Folorunso Fatukasi
1.1363636363636365,Bryce Huff
1.0833333333333333,C.J. Mosley
0.9166666666666666,Sheldon Rankins
0.9166666666666666,John Franklin-Myers
1.1666666666666667,Quinnen Williams
0.8333333333333334,Bryce Huff
0.3809523809523809,John Franklin-Myers
1.5714285714285714,Folorunso Fatukasi
2.857142857142857,Quinnen Williams
0.8095238095238095,Bryce Huff
0.0,John Franklin-Myers
1.368421052631579,Folorunso Fatukasi
2.0526315789473686,Quinnen Williams
1.4210526315789471,Bryce Huff
0.0,Jamien Sherwood
1.3333333333333333,Shaq Lawson
0.8095238095238095,John Franklin-Myers
1.8095238095238095,Folorunso Fatukasi
0.2916666666666667,C.J. Mosley
1.7083333333333333,Sheldon Rankins
0.5833333333333334,John Franklin-Myers
1.1666666666666667,Quinnen Williams
1.5416666666666667,Bryce Huff
2.4615384615384617,Brandon Copeland
1.0769230769230769,Grady Jarrett
1.1923076923076923,Tyeler Davison
1.1153846153846154,Jonathan Bullard
0.7692307692307693,Duron Harmon
1.0,Dante Fowler
2.076923076923077,Grady Jarrett
0.7692307692307693,Foyesade Oluokun
1.0,Adetokunbo Ogundeji
1.2307692307692308,Sheldon Rankins
1.1538461538461535,Shaq Lawson
2.1538461538461537,Folorunso Fatukasi
1.3461538461538465,Tim Ward
1.2173913043478262,Sheldon Rankins
0.8695652173913043,John Franklin-Myers
1.4782608695652173,Quinnen Williams
1.0,Bryce Huff
1.9285714285714288,Nathan Shepherd
0.0714285714285714,John Franklin-Myers
1.9285714285714288,Quinnen Williams
1.0714285714285714,Bryce Huff
0.5,Jamien Sherwood
1.0,Shaq Lawson
1.2941176470588236,Nathan Shepherd
0.2352941176470588,John Franklin-Myers
2.0,Folorunso Fatukasi
1.3076923076923077,Steven Means
1.3076923076923077,Dante Fowler
1.3846153846153846,Grady Jarrett
0.8846153846153846,Adetokunbo Ogundeji
1.0,Sheldon Rankins
1.1923076923076923,Shaq Lawson
0.7692307692307693,John Franklin-Myers
2.3846153846153846,Quinnen Williams
1.6470588235294117,Sheldon Rankins
1.2352941176470589,John Franklin-Myers
1.1176470588235294,Folorunso Fatukasi
1.0,Bryce Huff
1.0,Shaq Lawson
1.263157894736842,Folorunso Fatukasi
1.105263157894737,Quinnen Williams
1.263157894736842,Bryce Huff
0.625,C.J. Mosley
1.2916666666666667,Sheldon Rankins
1.0833333333333333,John Franklin-Myers
1.5416666666666667,Quinnen Williams
0.375,Javelin Guidry
0.75,Bryce Huff
1.0,Steven Means
1.0,Brandon Copeland
1.0,Mike Pennel
1.4444444444444444,Ta'Quon Graham
0.8846153846153846,Steven Means
1.0,Brandon Copeland
1.1153846153846154,Mike Pennel
2.1538461538461537,Ta'Quon Graham
1.0,Steven Means
0.84,Brandon Copeland
1.04,Grady Jarrett
1.76,Ta'Quon Graham
1.1538461538461535,Shaq Lawson
1.1923076923076923,John Franklin-Myers
2.3076923076923075,Folorunso Fatukasi
1.8461538461538465,Quinnen Williams
1.2352941176470589,Sheldon Rankins
1.7058823529411764,Shaq Lawson
0.7647058823529411,John Franklin-Myers
1.2941176470588236,Quinnen Williams
1.4375,Sheldon Rankins
1.0625,John Franklin-Myers
0.875,Quinnen Williams
1.25,Bryce Huff
2.24,Steven Means
0.44,Dante Fowler
1.08,Grady Jarrett
0.88,Adetokunbo Ogundeji
2.1923076923076925,Steven Means
1.0,Dante Fowler
1.6153846153846154,Grady Jarrett
0.7692307692307693,Adetokunbo Ogundeji
0.92,Steven Means
1.0,Dante Fowler
1.04,Grady Jarrett
1.96,Ta'Quon Graham
1.0,Steven Means
1.32,Dante Fowler
1.44,Grady Jarrett
1.16,Ta'Quon Graham
1.0,Steven Means
0.875,Dante Fowler
1.0,Grady Jarrett
2.0,Ta'Quon Graham
1.4230769230769231,Steven Means
1.8461538461538465,Grady Jarrett
1.3846153846153846,Ta'Quon Graham
1.4615384615384617,Adetokunbo Ogundeji
0.8823529411764706,Steven Means
1.0,Grady Jarrett
1.7647058823529411,Ta'Quon Graham
0.8823529411764706,Adetokunbo Ogundeji
1.1923076923076923,Jonathan Bullard
1.0,Jacob Tuioti-Mariner
1.3846153846153846,Ta'Quon Graham
1.8461538461538465,Adetokunbo Ogundeji
1.1538461538461535,Tyeler Davison
1.8846153846153848,Jonathan Bullard
0.8846153846153846,Jacob Tuioti-Mariner
0.9230769230769232,Adetokunbo Ogundeji
1.391304347826087,Steven Means
1.7826086956521738,Grady Jarrett
0.8695652173913043,Jacob Tuioti-Mariner
0.7307692307692307,Steven Means
1.4615384615384617,Grady Jarrett
0.9230769230769232,Jacob Tuioti-Mariner
1.1153846153846154,Ta'Quon Graham
1.2222222222222223,DaQuan Jones
1.4444444444444444,Morgan Fox
0.9444444444444444,Brian Burns
1.0555555555555556,Derrick Brown
1.1333333333333333,Fletcher Cox
1.5333333333333334,Javon Hargrave
0.8,Derek Barnett
1.2666666666666666,Josh Sweat
1.0,Fletcher Cox
1.4230769230769231,Javon Hargrave
1.5384615384615383,Derek Barnett
1.0,Josh Sweat
1.125,Javon Hargrave
0.9583333333333334,Derek Barnett
1.0833333333333333,Josh Sweat
1.5833333333333333,Milton Williams
1.3846153846153846,Fletcher Cox
1.6538461538461535,Javon Hargrave
1.2307692307692308,Derek Barnett
0.8846153846153846,Josh Sweat
1.5263157894736843,Morgan Fox
0.8947368421052632,Haason Reddick
0.9473684210526316,Brian Burns
1.5789473684210529,Derrick Brown
2.0,Fletcher Cox
1.0476190476190477,Hassan Ridgeway
0.8571428571428571,Derek Barnett
0.9523809523809524,Josh Sweat
1.0769230769230769,DaQuan Jones
2.1538461538461537,Morgan Fox
0.6923076923076923,Haason Reddick
1.0,Brian Burns
1.0,Ryan Kerrigan
0.5333333333333333,Alex Singleton
1.2666666666666666,Hassan Ridgeway
0.0,Avonte Maddox
2.2666666666666666,Milton Williams
1.2307692307692308,Ryan Kerrigan
0.8846153846153846,Fletcher Cox
2.3076923076923075,Javon Hargrave
0.5769230769230769,Tarron Jackson
1.0,Fletcher Cox
1.3125,Javon Hargrave
0.3125,Derek Barnett
1.25,Josh Sweat
0.75,Genard Avery
1.8095238095238095,Fletcher Cox
1.4761904761904765,Javon Hargrave
1.4761904761904765,Josh Sweat
0.9411764705882352,Fletcher Cox
1.7058823529411764,Javon Hargrave
1.1176470588235294,Josh Sweat
0.1176470588235294,Genard Avery
0.8947368421052632,Haason Reddick
0.7368421052631579,Marquis Haynes
1.8421052631578947,Derrick Brown
1.3157894736842106,Bravvion Roy
0.8666666666666667,Morgan Fox
1.9333333333333331,Derrick Brown
0.8,Yetur Gross-Matos
1.2,Bravvion Roy
1.1904761904761905,Morgan Fox
0.9047619047619048,Haason Reddick
0.7142857142857143,Brian Burns
1.5238095238095235,Derrick Brown
1.4210526315789471,Fletcher Cox
1.736842105263158,Javon Hargrave
0.7894736842105263,Derek Barnett
1.5263157894736843,Josh Sweat
1.0769230769230769,Fletcher Cox
1.9230769230769231,Javon Hargrave
0.4230769230769231,Derek Barnett
0.9615384615384616,Josh Sweat
1.0,Fletcher Cox
1.12,Javon Hargrave
1.84,Derek Barnett
1.24,Josh Sweat
0.6666666666666666,Julian Stanford
1.5555555555555556,DaQuan Jones
1.0,Brian Burns
1.3333333333333333,Daviyon Nixon
0.1538461538461538,A.J. Bouye
1.6923076923076923,Haason Reddick
1.3846153846153846,Brian Burns
0.2307692307692307,Jeremy Chinn
1.0,Haason Reddick
0.7307692307692307,Brian Burns
1.0,Derrick Brown
1.5384615384615383,Bravvion Roy
2.076923076923077,Morgan Fox
1.1538461538461535,Haason Reddick
0.9615384615384616,Brian Burns
1.2307692307692308,Yetur Gross-Matos
1.6,Fletcher Cox
0.84,Javon Hargrave
1.16,Derek Barnett
1.36,Josh Sweat
0.6538461538461539,Frankie Luvu
1.0,Brian Burns
1.0,Derrick Brown
2.6538461538461537,Yetur Gross-Matos
1.3461538461538465,Bravvion Roy
1.3076923076923077,Ryan Kerrigan
1.0,Fletcher Cox
1.1153846153846154,Hassan Ridgeway
1.7307692307692308,Tarron Jackson
0.9615384615384616,Fletcher Cox
2.0,Javon Hargrave
0.6923076923076923,Derek Barnett
1.0384615384615383,Josh Sweat
1.380952380952381,Ryan Kerrigan
1.0,Hassan Ridgeway
1.619047619047619,Milton Williams
1.0,Tarron Jackson
1.5714285714285714,Fletcher Cox
2.0,Javon Hargrave
0.2142857142857142,Derek Barnett
0.0,Eric Wilson
0.8571428571428571,Josh Sweat
2.227272727272727,DaQuan Jones
0.9090909090909092,Frankie Luvu
0.8636363636363636,Brian Burns
0.9090909090909092,Derrick Brown
1.8846153846153848,DaQuan Jones
1.6153846153846154,Morgan Fox
0.9615384615384616,Marquis Haynes
0.2307692307692307,Frankie Luvu
1.5333333333333334,DaQuan Jones
1.8,Morgan Fox
1.0,Brian Burns
0.4666666666666667,Jeremy Chinn
0.0,
0.4,Haason Reddick
0.96,Brian Burns
2.0,Derrick Brown
0.8,Yetur Gross-Matos
1.0,Fletcher Cox
1.4210526315789471,Javon Hargrave
1.0,Derek Barnett
1.4736842105263157,Josh Sweat
1.3461538461538465,Fletcher Cox
1.0384615384615383,Javon Hargrave
1.2307692307692308,Derek Barnett
2.076923076923077,Josh Sweat
1.0,Fletcher Cox
1.6538461538461535,Javon Hargrave
1.3846153846153846,Derek Barnett
0.9615384615384616,Josh Sweat
1.1153846153846154,Ryan Kerrigan
0.2307692307692307,Fletcher Cox
1.8076923076923077,Javon Hargrave
1.1153846153846154,Josh Sweat
1.0,Genard Avery
1.5625,Morgan Fox
0.625,Haason Reddick
0.8125,Frankie Luvu
0.8125,Brian Burns
1.1875,Yetur Gross-Matos
1.0,Fletcher Cox
1.6923076923076923,Javon Hargrave
0.9615384615384616,Derek Barnett
1.0,Josh Sweat
2.1923076923076925,DaQuan Jones
1.0,Haason Reddick
0.8846153846153846,Brian Burns
0.9230769230769232,Derrick Brown
1.0769230769230769,Ryan Kerrigan
1.3076923076923077,Hassan Ridgeway
1.0,Milton Williams
1.6153846153846154,Tarron Jackson
0.3636363636363636,Julian Stanford
2.5454545454545454,DaQuan Jones
1.0,Haason Reddick
0.2727272727272727,Brian Burns
1.0,Derrick Brown
2.0,DaQuan Jones
1.0,Haason Reddick
0.8461538461538461,Brian Burns
1.1538461538461535,Derrick Brown
1.8076923076923077,Morgan Fox
1.1538461538461535,Haason Reddick
1.4230769230769231,Brian Burns
1.0384615384615383,Derrick Brown
0.9473684210526316,Fletcher Cox
1.0,Javon Hargrave
0.9473684210526316,Derek Barnett
1.1578947368421053,Josh Sweat
0.7894736842105263,Genard Avery
1.4615384615384617,Fletcher Cox
1.9230769230769231,Javon Hargrave
0.9615384615384616,Derek Barnett
1.0,Josh Sweat
1.619047619047619,Fletcher Cox
1.0952380952380951,Hassan Ridgeway
0.7142857142857143,Derek Barnett
1.2857142857142858,Josh Sweat
1.4230769230769231,Fletcher Cox
1.4615384615384617,Javon Hargrave
1.0769230769230769,Derek Barnett
0.6538461538461539,Josh Sweat
1.1333333333333333,Morgan Fox
1.0,Haason Reddick
0.8666666666666667,Brian Burns
2.0,Derrick Brown
1.0,Haason Reddick
1.08,Brian Burns
1.0,Derrick Brown
1.84,Yetur Gross-Matos
0.7692307692307693,Morgan Fox
0.9230769230769232,Haason Reddick
0.8461538461538461,Frankie Luvu
0.9230769230769232,Brian Burns
1.3076923076923077,Yetur Gross-Matos
1.0,Ryan Kerrigan
1.0,Fletcher Cox
1.96,Javon Hargrave
0.72,Tarron Jackson
2.0,Fletcher Cox
1.3461538461538465,Javon Hargrave
1.0384615384615383,Derek Barnett
1.0,Josh Sweat
2.0,DaQuan Jones
0.7916666666666666,Morgan Fox
0.9583333333333334,Marquis Haynes
0.9166666666666666,Frankie Luvu
2.0,DaQuan Jones
1.0,Haason Reddick
1.0,Brian Burns
0.6153846153846154,Daviyon Nixon
1.5416666666666667,Morgan Fox
0.8333333333333334,Haason Reddick
0.5,Frankie Luvu
0.9583333333333334,Brian Burns
1.1666666666666667,Yetur Gross-Matos
1.588235294117647,Morgan Fox
0.8823529411764706,Frankie Luvu
0.4705882352941176,Brian Burns
1.1176470588235294,Yetur Gross-Matos
0.2857142857142857,A.J. Bouye
2.238095238095238,Morgan Fox
1.3333333333333333,Haason Reddick
0.5714285714285714,Jermaine Carter
0.6190476190476191,Derrick Brown
2.0555555555555554,Fletcher Cox
0.9444444444444444,Javon Hargrave
0.7222222222222222,Derek Barnett
0.9444444444444444,Josh Sweat
1.0,Fletcher Cox
1.7307692307692308,Javon Hargrave
0.9230769230769232,Derek Barnett
1.0,Josh Sweat
1.0,Fletcher Cox
1.8461538461538465,Javon Hargrave
1.0,Derek Barnett
1.0,Josh Sweat
1.7083333333333333,Javon Hargrave
0.9166666666666666,Derek Barnett
1.2916666666666667,Josh Sweat
1.0,Milton Williams
2.0,Larry Ogunjobi
1.8461538461538465,Trey Hendrickson
1.0,Sam Hubbard
1.0,Cameron Sample
0.8333333333333334,Preston Smith
0.6666666666666666,Kenny Clark
2.0,Dean Lowry
1.3333333333333333,Rashan Gary
1.5,Kenny Clark
1.4375,Dean Lowry
1.0,Tyler Lancaster
1.0,Kingsley Keke
1.0,Larry Ogunjobi
1.0416666666666667,Josh Tupou
0.9166666666666666,Germaine Pratt
2.4166666666666665,Wyatt Ray
1.0416666666666667,Cameron Sample
1.0769230769230769,Larry Ogunjobi
1.5,Josh Tupou
0.8846153846153846,Wyatt Ray
1.1538461538461535,Cameron Sample
0.8461538461538461,Preston Smith
1.0769230769230769,Kenny Clark
2.076923076923077,Dean Lowry
0.9230769230769232,Rashan Gary
2.0,Kenny Clark
2.0,Dean Lowry
0.8846153846153846,Rashan Gary
0.7692307692307693,Krys Barnes
0.9230769230769232,Preston Smith
1.5384615384615383,Kenny Clark
1.3846153846153846,Rashan Gary
1.4615384615384617,Kingsley Keke
2.4444444444444446,D.J. Reader
1.3888888888888888,B.J. Hill
0.8333333333333334,Sam Hubbard
0.0,Akeem Davis-Gaither
1.6153846153846154,Larry Ogunjobi
0.9615384615384616,Trey Hendrickson
0.8461538461538461,Sam Hubbard
1.1538461538461535,Cameron Sample
1.238095238095238,Kenny Clark
1.761904761904762,Dean Lowry
1.380952380952381,Kingsley Keke
0.6190476190476191,Ladarius Hamilton
1.1666666666666667,Kenny Clark
0.3333333333333333,Oren Burks
0.8333333333333334,Rashan Gary
2.5555555555555554,Kingsley Keke
1.12,Preston Smith
1.12,Kenny Clark
0.88,Rashan Gary
1.52,Kingsley Keke
1.3571428571428572,Kenny Clark
1.6428571428571428,Dean Lowry
0.9285714285714286,Jonathan Garvin
0.6428571428571429,Ladarius Hamilton
2.0,Kenny Clark
0.8461538461538461,Dean Lowry
0.9230769230769232,Jonathan Garvin
0.8846153846153846,Ladarius Hamilton
1.0,Preston Smith
1.0,Kenny Clark
1.2,Tyler Lancaster
1.3333333333333333,Rashan Gary
1.0,Tedarrell Slaton
1.5714285714285714,D.J. Reader
1.4761904761904765,Larry Ogunjobi
0.9523809523809524,Trey Hendrickson
1.3333333333333333,Cameron Sample
1.9615384615384617,D.J. Reader
1.2307692307692308,Larry Ogunjobi
1.0769230769230769,Trey Hendrickson
0.7692307692307693,Sam Hubbard
2.05,D.J. Reader
1.7,B.J. Hill
0.7,Sam Hubbard
0.3,Wyatt Ray
0.7692307692307693,Preston Smith
2.1153846153846154,Kenny Clark
0.7692307692307693,Rashan Gary
1.2307692307692308,Kingsley Keke
1.5384615384615383,Larry Ogunjobi
1.0,Trey Hendrickson
1.1153846153846154,Josh Tupou
1.3076923076923077,Sam Hubbard
0.0909090909090909,Vonn Bell
1.0454545454545454,D.J. Reader
1.1363636363636365,Larry Ogunjobi
0.8636363636363636,Sam Hubbard
0.9090909090909092,Logan Wilson
0.9545454545454546,Akeem Davis-Gaither
0.8846153846153846,Dean Lowry
0.9230769230769232,Jonathan Garvin
1.2692307692307692,Ladarius Hamilton
1.6153846153846154,Tedarrell Slaton
1.105263157894737,Dean Lowry
0.8947368421052632,Jonathan Garvin
0.8947368421052632,Ladarius Hamilton
2.0,Tedarrell Slaton
1.2307692307692308,Preston Smith
1.0384615384615383,Kenny Clark
1.5,Rashan Gary
1.0,Kingsley Keke
2.0,Josh Tupou
1.6,B.J. Hill
0.7333333333333333,Wyatt Ray
0.8,Cameron Sample
1.625,Larry Ogunjobi
1.4166666666666667,B.J. Hill
1.0,Wyatt Ray
1.0,Cameron Sample
1.5769230769230769,D.J. Reader
2.0,Josh Tupou
1.2692307692307692,B.J. Hill
0.7692307692307693,Sam Hubbard
1.8461538461538465,D.J. Reader
0.0,Trey Hendrickson
2.0,B.J. Hill
1.0,Sam Hubbard
2.0,D.J. Reader
1.0434782608695652,Josh Tupou
2.0,B.J. Hill
1.0,Sam Hubbard
0.7692307692307693,Preston Smith
1.2307692307692308,Kenny Clark
0.6923076923076923,Rashan Gary
1.7692307692307692,Kingsley Keke
1.3461538461538465,Kenny Clark
1.8461538461538465,Kingsley Keke
1.0769230769230769,Larry Ogunjobi
0.9230769230769232,Trey Hendrickson
1.3461538461538465,Sam Hubbard
1.5384615384615383,Cameron Sample
2.0,Kenny Clark
0.2666666666666666,De'Vondre Campbell
0.4666666666666667,Dean Lowry
1.5333333333333334,Rashan Gary
1.0,D.J. Reader
2.1153846153846154,Larry Ogunjobi
1.0,Trey Hendrickson
1.0,Josh Tupou
1.3125,D.J. Reader
1.6875,Larry Ogunjobi
1.0,Trey Hendrickson
0.6875,Sam Hubbard
1.8846153846153848,B.J. Hill
0.8076923076923077,Sam Hubbard
0.8461538461538461,Wyatt Ray
1.1923076923076923,Cameron Sample
2.0,D.J. Reader
0.8,Trey Hendrickson
1.2,Josh Tupou
0.48,Cameron Sample
1.1666666666666667,D.J. Reader
1.0,Trey Hendrickson
0.9166666666666666,Sam Hubbard
0.8333333333333334,Logan Wilson
1.0833333333333333,Cameron Sample
0.8125,Preston Smith
1.75,Kenny Clark
1.25,Dean Lowry
0.875,Rashan Gary
1.2727272727272727,Kenny Clark
1.2727272727272727,Dean Lowry
1.1363636363636365,Tyler Lancaster
0.7272727272727273,Ladarius Hamilton
1.05,Preston Smith
1.45,Kenny Clark
0.9,Rashan Gary
1.0,Kingsley Keke
1.0,Dean Lowry
1.4615384615384617,Tyler Lancaster
1.0,Ladarius Hamilton
1.4615384615384617,Tedarrell Slaton
2.0,D.J. Reader
1.0,Trey Hendrickson
2.0,B.J. Hill
1.0,Sam Hubbard
1.12,Preston Smith
1.16,Kenny Clark
1.08,Rashan Gary
1.8,Kingsley Keke
0.5909090909090909,Preston Smith
1.5,Dean Lowry
1.4090909090909092,Tyler Lancaster
0.5,Rashan Gary
1.0,Tedarrell Slaton
0.4375,Adrian Amos
1.75,Kenny Clark
1.0,Oren Burks
0.9375,Rashan Gary
1.625,Kingsley Keke
1.0,D.J. Reader
2.0,Larry Ogunjobi
0.8181818181818182,Trey Hendrickson
0.6818181818181818,Sam Hubbard
0.4705882352941176,Preston Smith
1.5294117647058822,Kenny Clark
1.411764705882353,Dean Lowry
0.7058823529411765,Rashan Gary
1.25,Preston Smith
1.2,Kenny Clark
1.65,Dean Lowry
0.8,Rashan Gary
0.75,Preston Smith
1.75,Kenny Clark
0.05,Rashan Gary
2.0,Kingsley Keke
0.5,Preston Smith
0.7777777777777778,De'Vondre Campbell
0.8333333333333334,Rashan Gary
1.3333333333333333,Kingsley Keke
1.3333333333333333,Jonathan Garvin
0.9615384615384616,Preston Smith
2.0,Kingsley Keke
1.0384615384615383,Jonathan Garvin
0.9615384615384616,Ladarius Hamilton
1.2666666666666666,Preston Smith
2.0,Kenny Clark
0.8,Kingsley Keke
0.0,Ladarius Hamilton
1.6538461538461535,D.J. Reader
1.3846153846153846,Larry Ogunjobi
1.1153846153846154,Trey Hendrickson
1.4230769230769231,Sam Hubbard
0.1538461538461538,Preston Smith
1.5384615384615383,Kenny Clark
2.1923076923076925,Dean Lowry
0.8846153846153846,Rashan Gary
0.3684210526315789,Preston Smith
1.5789473684210529,Kenny Clark
1.0526315789473684,De'Vondre Campbell
1.5789473684210529,Dean Lowry
0.4210526315789473,Rashan Gary
1.1428571428571428,D.J. Reader
1.380952380952381,Larry Ogunjobi
1.1904761904761905,Trey Hendrickson
0.8571428571428571,Sam Hubbard
1.5384615384615383,D.J. Reader
1.4615384615384617,Larry Ogunjobi
1.0769230769230769,Trey Hendrickson
1.0,Sam Hubbard
1.6153846153846154,Larry Ogunjobi
0.3846153846153846,Trey Hendrickson
0.6538461538461539,Sam Hubbard
1.7692307692307692,Cameron Sample
0.5384615384615384,Matt Judon
1.3846153846153846,Deatrich Wise
0.6153846153846154,Josh Uche
1.4615384615384617,Christian Barmore
1.9615384615384617,Lawrence Guy
1.0,Kyle Van Noy
1.0,Carl Davis
1.1153846153846154,Deatrich Wise
0.8846153846153846,Chase Winovich
0.3333333333333333,Lawrence Guy
1.0,Kyle Van Noy
1.6666666666666667,Deatrich Wise
1.5555555555555556,Davon Godchaux
1.3076923076923077,Maliek Collins
0.5384615384615384,Kamu Grugier-Hill
0.6923076923076923,Jacob Martin
1.0,Jonathan Greenard
1.4615384615384617,Roy Lopez
1.0,Whitney Mercilus
1.0,Jordan Jenkins
2.0,DeMarcus Walker
1.6875,Jaleel Johnson
1.7692307692307692,Lawrence Guy
1.4230769230769231,Deatrich Wise
1.1923076923076923,Davon Godchaux
1.0,Whitney Mercilus
0.6923076923076923,Jordan Jenkins
1.0,DeMarcus Walker
2.0,Jaleel Johnson
1.9333333333333331,Maliek Collins
0.9333333333333332,Kamu Grugier-Hill
0.3333333333333333,Jacob Martin
1.0,Jonathan Greenard
0.8,Roy Lopez
1.2941176470588236,Maliek Collins
0.0,Zach Cunningham
1.0,Jacob Martin
2.1176470588235294,Jonathan Greenard
1.8823529411764703,Roy Lopez
1.0,Whitney Mercilus
1.0,Jordan Jenkins
0.0,Kamu Grugier-Hill
2.0,DeMarcus Walker
1.9473684210526316,Jaleel Johnson
0.1666666666666666,Dont'a Hightower
1.5555555555555556,Matt Judon
0.7222222222222222,Josh Uche
2.3333333333333335,Christian Barmore
1.7,Lawrence Guy
1.95,Deatrich Wise
1.9,Davon Godchaux
1.0,Chase Winovich
1.15,Kyle Van Noy
1.0,Carl Davis
0.85,Matt Judon
1.0,Josh Uche
0.75,Christian Barmore
1.0,Kyle Van Noy
1.6,Davon Godchaux
2.0,Christian Barmore
1.6538461538461535,Dont'a Hightower
0.9615384615384616,Matt Judon
0.6923076923076923,Josh Uche
1.4230769230769231,Christian Barmore
1.8461538461538465,Maliek Collins
1.1538461538461535,DeMarcus Walker
0.8846153846153846,Jacob Martin
0.5769230769230769,Jonathan Greenard
0.6153846153846154,Maliek Collins
1.0,DeMarcus Walker
0.9615384615384616,Jacob Martin
0.9615384615384616,Jonathan Greenard
2.0,Maliek Collins
1.1764705882352942,DeMarcus Walker
0.3529411764705882,Jacob Martin
0.8235294117647058,Jonathan Greenard
1.2608695652173914,Whitney Mercilus
1.391304347826087,Maliek Collins
1.2173913043478262,Jordan Jenkins
0.9565217391304348,Roy Lopez
0.8846153846153846,Whitney Mercilus
1.2692307692307692,Maliek Collins
1.6538461538461535,Jordan Jenkins
1.1153846153846154,Roy Lopez
1.0,Whitney Mercilus
1.9523809523809523,Maliek Collins
0.9047619047619048,Jordan Jenkins
1.0476190476190477,Roy Lopez
2.230769230769231,Maliek Collins
0.9230769230769232,Jacob Martin
0.3846153846153846,Jonathan Greenard
0.8461538461538461,Roy Lopez
0.9230769230769232,Whitney Mercilus
1.0,Jordan Jenkins
2.076923076923077,DeMarcus Walker
0.9230769230769232,Jaleel Johnson
0.6923076923076923,Whitney Mercilus
1.9230769230769231,Maliek Collins
0.2692307692307692,Jordan Jenkins
1.3076923076923077,DeMarcus Walker
1.0,Lawrence Guy
2.0,Carl Davis
1.0,Matt Judon
1.2777777777777777,Christian Barmore
1.0625,Carl Davis
1.9375,Deatrich Wise
1.25,Christian Barmore
1.105263157894737,Carl Davis
0.0526315789473684,Matt Judon
0.8947368421052632,Josh Uche
2.263157894736842,Christian Barmore
1.0,Whitney Mercilus
0.6818181818181818,Jordan Jenkins
2.272727272727273,DeMarcus Walker
1.0454545454545454,Jaleel Johnson
1.0,Whitney Mercilus
2.8823529411764706,Jordan Jenkins
1.3529411764705883,DeMarcus Walker
0.8235294117647058,Jaleel Johnson
2.0,Davon Godchaux
1.0,Ja'Whaun Bentley
2.0,Christian Barmore
1.5217391304347827,Lawrence Guy
0.8260869565217391,Kyle Van Noy
1.0,Carl Davis
1.173913043478261,Deatrich Wise
0.5769230769230769,Dont'a Hightower
1.1923076923076923,Matt Judon
0.9230769230769232,Josh Uche
1.6538461538461535,Christian Barmore
0.75,Whitney Mercilus
1.0,Maliek Collins
1.0,Jonathan Greenard
1.9166666666666667,Roy Lopez
1.4,Jordan Jenkins
1.25,DeMarcus Walker
1.15,Jaleel Johnson
0.85,Jacob Martin
0.4583333333333333,Jamie Collins
1.0,Matt Judon
0.0,Deatrich Wise
1.375,Davon Godchaux
2.0,Christian Barmore
1.2916666666666667,Dont'a Hightower
1.25,Kyle Van Noy
1.2083333333333333,Matt Judon
1.5416666666666667,Christian Barmore
1.5,Maliek Collins
1.3,Jacob Martin
1.0,Jonathan Greenard
1.0,Roy Lopez
1.7307692307692308,Maliek Collins
1.8461538461538465,Jacob Martin
0.8461538461538461,Jonathan Greenard
1.1923076923076923,Roy Lopez
2.0,Maliek Collins
1.1923076923076923,DeMarcus Walker
1.0,Jacob Martin
0.6923076923076923,Jonathan Greenard
0.8,Whitney Mercilus
2.0,Maliek Collins
0.96,Jordan Jenkins
1.2,DeMarcus Walker
1.5769230769230769,Maliek Collins
1.2692307692307692,Jaleel Johnson
2.0,Jacob Martin
1.0,Jonathan Greenard
1.6538461538461535,Matt Judon
1.8846153846153848,Deatrich Wise
1.6521739130434785,Matt Judon
1.9565217391304348,Deatrich Wise
0.6538461538461539,Denico Autry
1.0769230769230769,Jeffery Simmons
1.9230769230769231,Amani Bledsoe
1.0,Teair Tart
1.6923076923076923,Denico Autry
1.1153846153846154,Harold Landry
0.9230769230769232,Olasunkanmi Adeniyi
1.1538461538461535,Jeffery Simmons
1.0,Malcom Brown
3.0,Adam Gotsis
1.0,Dawuane Smoot
1.0,Davon Hamilton
0.9166666666666666,Malcom Brown
0.6666666666666666,Damien Wilson
1.75,Adam Gotsis
0.0,K'Lavon Chaisson
1.0833333333333333,Davon Hamilton
2.0,Jihad Ward
1.0,Adam Gotsis
0.8181818181818182,Dawuane Smoot
0.9090909090909092,Josh Allen
0.8181818181818182,Harold Landry
0.8181818181818182,Olasunkanmi Adeniyi
1.4545454545454546,Jeffery Simmons
1.7272727272727273,Naquan Jones
1.0,John Simon
0.8235294117647058,Denico Autry
0.9411764705882352,Harold Landry
1.1764705882352942,Jeffery Simmons
0.9411764705882352,Naquan Jones
1.7692307692307692,Denico Autry
0.5384615384615384,Harold Landry
1.6538461538461535,Olasunkanmi Adeniyi
1.5,Jeffery Simmons
0.3846153846153846,Malcom Brown
1.0,Adam Gotsis
0.0,Josh Allen
0.4615384615384615,K'Lavon Chaisson
1.6538461538461535,Davon Hamilton
1.2173913043478262,Jihad Ward
1.3478260869565215,Adam Gotsis
1.434782608695652,Dawuane Smoot
0.4347826086956521,Josh Allen
0.5652173913043478,K'Lavon Chaisson
2.0,Malcom Brown
0.7307692307692307,Dawuane Smoot
1.6538461538461535,Taven Bryan
1.0,Josh Allen
1.0,Myles Jack
1.7727272727272727,Jihad Ward
1.5909090909090908,Adam Gotsis
0.6363636363636364,Dawuane Smoot
1.0,Malcom Brown
0.92,Dawuane Smoot
1.4,Taven Bryan
1.2,Davon Hamilton
1.3333333333333333,Denico Autry
0.9523809523809524,Olasunkanmi Adeniyi
1.5238095238095235,Jeffery Simmons
1.0,John Simon
0.6923076923076923,Denico Autry
0.3846153846153846,Rashaan Evans
0.6923076923076923,Jeffery Simmons
1.0,Amani Bledsoe
1.0,Teair Tart
1.2307692307692308,Naquan Jones
1.2692307692307692,Taven Bryan
0.6153846153846154,Josh Allen
1.0,K'Lavon Chaisson
0.9615384615384616,Davon Hamilton
1.3846153846153846,Jay Tufele
1.2307692307692308,Malcom Brown
0.7692307692307693,Jihad Ward
1.9230769230769231,Adam Gotsis
1.0769230769230769,Davon Hamilton
1.1666666666666667,Denico Autry
1.0,Harold Landry
0.8333333333333334,Jeffery Simmons
1.6666666666666667,Naquan Jones
1.0,John Simon
1.0,Denico Autry
0.6,Harold Landry
1.0,Olasunkanmi Adeniyi
1.4,Jeffery Simmons
2.5454545454545454,Malcom Brown
0.8636363636363636,Adam Gotsis
1.0,Dawuane Smoot
0.6363636363636364,Josh Allen
1.631578947368421,Malcom Brown
1.0,Adam Gotsis
1.105263157894737,Dawuane Smoot
1.0,Josh Allen
1.3846153846153846,Jihad Ward
1.5384615384615383,Adam Gotsis
0.6153846153846154,Dawuane Smoot
1.3461538461538465,Josh Allen
1.2272727272727273,Jihad Ward
1.1363636363636365,Adam Gotsis
1.0,Dawuane Smoot
1.0,Josh Allen
0.6923076923076923,Denico Autry
1.4615384615384617,Harold Landry
0.9615384615384616,Olasunkanmi Adeniyi
2.076923076923077,Jeffery Simmons
1.1923076923076923,Denico Autry
0.8076923076923077,Harold Landry
1.2692307692307692,Olasunkanmi Adeniyi
1.0384615384615383,Jeffery Simmons
2.04,Denico Autry
1.6,Olasunkanmi Adeniyi
1.0,Jeffery Simmons
1.1538461538461535,Damien Wilson
1.0769230769230769,Myles Jack
1.2692307692307692,Jihad Ward
1.5,Adam Gotsis
1.0,Josh Allen
1.7894736842105263,Jihad Ward
1.736842105263158,Dawuane Smoot
0.5789473684210527,Rayshawn Jenkins
1.0,Josh Allen
0.8421052631578947,K'Lavon Chaisson
1.3846153846153846,Malcom Brown
1.0,Taven Bryan
0.6538461538461539,Josh Allen
1.0384615384615383,K'Lavon Chaisson
1.0384615384615383,Davon Hamilton
0.8076923076923077,Denico Autry
1.0,Harold Landry
1.1923076923076923,Jeffery Simmons
1.5769230769230769,Teair Tart
0.7857142857142857,Malcom Brown
1.0,Jihad Ward
0.4285714285714285,Josh Allen
2.142857142857143,Jay Tufele
1.6923076923076923,Jihad Ward
1.7307692307692308,Adam Gotsis
1.2692307692307692,Dawuane Smoot
1.1153846153846154,Josh Allen
0.5909090909090909,Damien Wilson
1.318181818181818,Adam Gotsis
1.0,Dawuane Smoot
1.0454545454545454,Josh Allen
1.0454545454545454,Davon Hamilton
1.3461538461538465,Jihad Ward
0.7692307692307693,Adam Gotsis
1.1153846153846154,Dawuane Smoot
0.1923076923076923,Josh Allen
0.8461538461538461,K'Lavon Chaisson
2.0,Denico Autry
0.5,Kevin Byard
1.9230769230769231,Harold Landry
0.9615384615384616,Jeffery Simmons
1.8076923076923077,Teair Tart
1.0,Jihad Ward
1.6538461538461535,Taven Bryan
1.3461538461538465,Davon Hamilton
0.7307692307692307,Jay Tufele
1.0,Denico Autry
1.2307692307692308,Harold Landry
2.230769230769231,Jeffery Simmons
1.2307692307692308,Teair Tart
0.625,Denico Autry
0.9166666666666666,Harold Landry
1.8333333333333333,Jeffery Simmons
1.0833333333333333,Amani Bledsoe
1.5,Naquan Jones
1.7916666666666667,Jeffery Simmons
0.5416666666666666,David Long
1.2916666666666667,Amani Bledsoe
1.5833333333333333,Teair Tart
1.0,Naquan Jones
0.8823529411764706,Harold Landry
1.1176470588235294,Jeffery Simmons
0.5882352941176471,David Long
1.0,Amani Bledsoe
1.0,Teair Tart
1.0,Naquan Jones
1.0,Malcom Brown
1.1538461538461535,Taven Bryan
1.0,Josh Allen
0.3461538461538461,K'Lavon Chaisson
1.3076923076923077,Davon Hamilton
1.6666666666666667,Jihad Ward
0.5,Adam Gotsis
0.75,Dawuane Smoot
1.3333333333333333,Josh Allen
1.0454545454545454,Denico Autry
1.1363636363636365,Harold Landry
0.9545454545454546,Olasunkanmi Adeniyi
1.4545454545454546,Jeffery Simmons
1.6538461538461535,Denico Autry
0.5,Harold Landry
1.0,Olasunkanmi Adeniyi
1.6923076923076923,Jeffery Simmons
1.173913043478261,Denico Autry
1.0869565217391304,Harold Landry
1.2608695652173914,Olasunkanmi Adeniyi
1.2608695652173914,Jeffery Simmons
0.9523809523809524,John Simon
1.5238095238095235,Caraun Reid
0.8571428571428571,Harold Landry
1.380952380952381,Amani Bledsoe
1.3846153846153846,Caraun Reid
1.2307692307692308,Joseph Jones
1.2307692307692308,Olasunkanmi Adeniyi
1.2307692307692308,Amani Bledsoe
0.2857142857142857,John Simon
1.2142857142857142,Caraun Reid
0.9285714285714286,Olasunkanmi Adeniyi
2.2857142857142856,Amani Bledsoe
0.2857142857142857,Chris Jackson
0.2142857142857142,Elijah Molden
0.2727272727272727,John Simon
1.181818181818182,Caraun Reid
0.8181818181818182,Olasunkanmi Adeniyi
1.818181818181818,Amani Bledsoe
0.7692307692307693,John Simon
1.1153846153846154,Caraun Reid
0.8846153846153846,Olasunkanmi Adeniyi
1.9615384615384617,Amani Bledsoe
1.631578947368421,Everson Griffen
0.5789473684210527,Danielle Hunter
1.4210526315789471,Dalvin Tomlinson
1.3157894736842106,Armon Watts
1.0588235294117647,Everson Griffen
0.7647058823529411,Anthony Barr
0.7058823529411765,Danielle Hunter
1.2941176470588236,Dalvin Tomlinson
1.1764705882352942,Armon Watts
0.8095238095238095,Everson Griffen
1.0,Danielle Hunter
1.4285714285714286,Dalvin Tomlinson
1.6666666666666667,Armon Watts
0.8235294117647058,Everson Griffen
1.0588235294117647,Sheldon Richardson
0.8235294117647058,Danielle Hunter
1.9411764705882353,D.J. Wonnum
1.2105263157894737,Nicholas Williams
1.736842105263158,Trey Flowers
0.7894736842105263,Charles Harris
0.5789473684210527,Julian Okwara
1.0625,Michael Brockers
0.8125,Trey Flowers
0.6875,Charles Harris
1.3125,Levi Onwuzurike
1.0,Alim McNeill
1.736842105263158,Nicholas Williams
1.7894736842105263,Trey Flowers
1.894736842105263,Charles Harris
0.2631578947368421,Julian Okwara
2.076923076923077,Trey Flowers
1.0,Charles Harris
0.7307692307692307,Julian Okwara
1.0,Danielle Hunter
1.0,Dalvin Tomlinson
2.0,Armon Watts
2.0,D.J. Wonnum
0.6923076923076923,Everson Griffen
1.7692307692307692,Sheldon Richardson
0.8461538461538461,Danielle Hunter
1.8076923076923077,James Lynch
0.9166666666666666,Everson Griffen
1.2083333333333333,Sheldon Richardson
0.7916666666666666,Danielle Hunter
2.0,James Lynch
1.6538461538461535,Michael Brockers
2.0384615384615383,Nicholas Williams
0.9615384615384616,Trey Flowers
1.0,Charles Harris
1.2222222222222223,Michael Brockers
2.0,Nicholas Williams
1.0,Trey Flowers
0.7777777777777778,Charles Harris
1.4545454545454546,Nicholas Williams
1.5,Trey Flowers
0.8181818181818182,Charles Harris
0.4545454545454545,Will Harris
1.2272727272727273,Julian Okwara
0.9615384615384616,Austin Bryant
1.1153846153846154,John Penisini
0.9230769230769232,Levi Onwuzurike
1.9615384615384617,Alim McNeill
0.9230769230769232,Nicholas Williams
0.9615384615384616,Trey Flowers
1.2692307692307692,Levi Onwuzurike
1.3076923076923077,Alim McNeill
1.1538461538461535,Nicholas Williams
0.7307692307692307,Charles Harris
0.8076923076923077,Julian Okwara
1.8571428571428572,Sheldon Richardson
0.5,Eric Kendricks
0.5714285714285714,Danielle Hunter
0.0,Mackensie Alexander
1.7142857142857142,D.J. Wonnum
2.2,Michael Brockers
1.0,Nicholas Williams
1.0,Trey Flowers
0.8,Charles Harris
0.4545454545454545,Charles Harris
1.0,Austin Bryant
1.7272727272727273,John Penisini
2.0,Levi Onwuzurike
1.0,Michael Brockers
0.8,Trey Flowers
0.9,Charles Harris
2.05,Alim McNeill
1.0,Everson Griffen
1.238095238095238,Danielle Hunter
1.0,Dalvin Tomlinson
1.3333333333333333,Armon Watts
0.2222222222222222,Everson Griffen
1.4444444444444444,Danielle Hunter
1.7777777777777777,Dalvin Tomlinson
1.4444444444444444,Armon Watts
0.8571428571428571,Everson Griffen
0.1428571428571428,Anthony Barr
1.238095238095238,Eric Kendricks
0.9523809523809524,Danielle Hunter
1.2857142857142858,Dalvin Tomlinson
1.0,Armon Watts
0.7142857142857143,Everson Griffen
2.0,Sheldon Richardson
0.2857142857142857,Danielle Hunter
1.3571428571428572,D.J. Wonnum
0.631578947368421,Everson Griffen
1.631578947368421,Sheldon Richardson
0.8421052631578947,Danielle Hunter
1.1578947368421053,D.J. Wonnum
0.65,Everson Griffen
1.3,Sheldon Richardson
0.85,Danielle Hunter
1.9,D.J. Wonnum
1.5217391304347827,Everson Griffen
1.8695652173913044,Sheldon Richardson
0.0,Danielle Hunter
1.2608695652173914,D.J. Wonnum
1.0769230769230769,Michael Brockers
1.1153846153846154,Nicholas Williams
0.6538461538461539,Trey Flowers
0.8461538461538461,Alex Anzalone
2.269230769230769,Alim McNeill
1.4583333333333333,Everson Griffen
0.5416666666666666,Anthony Barr
0.5833333333333334,Danielle Hunter
1.4583333333333333,Dalvin Tomlinson
0.9583333333333334,Armon Watts
2.0,Michael Brockers
1.0,John Penisini
2.0,Levi Onwuzurike
0.7368421052631579,Everson Griffen
2.0,Sheldon Richardson
0.9473684210526316,Danielle Hunter
1.263157894736842,D.J. Wonnum
1.3157894736842106,Michael Brockers
1.7894736842105263,Nicholas Williams
0.0,Alex Anzalone
1.263157894736842,Tracy Walker
0.8947368421052632,Austin Bryant
0.631578947368421,Julian Okwara
1.263157894736842,Alim McNeill
1.4230769230769231,Nicholas Williams
1.5769230769230769,Trey Flowers
0.7692307692307693,Charles Harris
0.9615384615384616,Julian Okwara
1.0,Nicholas Williams
1.619047619047619,Trey Flowers
1.0,Levi Onwuzurike
1.2857142857142858,Alim McNeill
1.6956521739130437,Sheldon Richardson
1.1304347826086956,Stephen Weatherly
1.0,D.J. Wonnum
2.0,James Lynch
1.1428571428571428,Michael Brockers
1.619047619047619,Nicholas Williams
2.047619047619047,John Penisini
2.0,Michael Brockers
1.6153846153846154,Nicholas Williams
1.5,Trey Flowers
0.8846153846153846,Charles Harris
0.9047619047619048,Michael Brockers
1.3333333333333333,Nicholas Williams
1.6666666666666667,Charles Harris
1.0952380952380951,Julian Okwara
2.0,Michael Brockers
1.0,Trey Flowers
1.0,Charles Harris
1.8076923076923077,Levi Onwuzurike
1.1538461538461535,Michael Brockers
0.8076923076923077,Trey Flowers
0.7307692307692307,Charles Harris
1.8461538461538465,Levi Onwuzurike
1.3333333333333333,Nicholas Williams
0.4166666666666667,Charles Harris
1.8333333333333333,Alex Anzalone
0.6666666666666666,Julian Okwara
0.7619047619047619,Everson Griffen
0.9047619047619048,Danielle Hunter
1.1904761904761905,Dalvin Tomlinson
1.8095238095238095,Armon Watts
0.84,Everson Griffen
1.44,Sheldon Richardson
1.48,Danielle Hunter
1.16,D.J. Wonnum
0.7368421052631579,Everson Griffen
1.8421052631578947,Sheldon Richardson
1.0,Danielle Hunter
1.2105263157894737,D.J. Wonnum
1.0,Everson Griffen
1.2692307692307692,Sheldon Richardson
0.8461538461538461,Danielle Hunter
1.6153846153846154,D.J. Wonnum
0.8076923076923077,Everson Griffen
1.7692307692307692,Sheldon Richardson
1.5384615384615383,Danielle Hunter
0.4230769230769231,D.J. Wonnum
0.8461538461538461,Everson Griffen
1.2307692307692308,Sheldon Richardson
0.6538461538461539,Danielle Hunter
1.8461538461538465,D.J. Wonnum
0.7391304347826086,Everson Griffen
1.565217391304348,Sheldon Richardson
1.0,Danielle Hunter
1.391304347826087,D.J. Wonnum
0.7894736842105263,Everson Griffen
1.0526315789473684,Sheldon Richardson
1.0,Danielle Hunter
1.631578947368421,D.J. Wonnum
0.45,Everson Griffen
2.15,Sheldon Richardson
1.45,Danielle Hunter
1.55,D.J. Wonnum
0.2,Everson Griffen
0.7333333333333333,Danielle Hunter
1.2666666666666666,Dalvin Tomlinson
1.4666666666666666,Armon Watts
2.0,Nicholas Williams
0.9615384615384616,Trey Flowers
0.8076923076923077,Charles Harris
1.0,Julian Okwara
2.142857142857143,Nicholas Williams
0.7857142857142857,Trey Flowers
0.2142857142857142,Dean Marlowe
1.2857142857142858,Charles Harris
1.9615384615384617,Nicholas Williams
0.7692307692307693,Austin Bryant
1.1153846153846154,Julian Okwara
0.4705882352941176,Von Miller
1.3529411764705883,Mike Purcell
0.4705882352941176,Shelby Harris
1.5294117647058822,Dre'Mont Jones
1.3529411764705883,Malik Reed
0.9130434782608696,Von Miller
1.8695652173913044,Shamar Stephen
1.2173913043478262,DeShawn Williams
1.0,Dre'Mont Jones
0.75,Von Miller
1.3,Shelby Harris
1.25,Dre'Mont Jones
0.7,Malik Reed
1.1428571428571428,Cameron Heyward
1.9285714285714288,Melvin Ingram
0.7142857142857143,T.J. Watt
0.6428571428571429,Alex Highsmith
1.1333333333333333,Von Miller
1.8,Shelby Harris
0.8,Dre'Mont Jones
0.6,Malik Reed
0.8333333333333334,Von Miller
1.5555555555555556,Mike Purcell
1.5,Shamar Stephen
1.0,DeShawn Williams
0.7777777777777778,Von Miller
1.0,Shelby Harris
2.2222222222222223,Dre'Mont Jones
0.7222222222222222,Malik Reed
1.0,Von Miller
1.6153846153846154,Mike Purcell
1.2307692307692308,Shamar Stephen
0.6153846153846154,A.J. Johnson
0.8076923076923077,Malik Reed
1.16,Cameron Heyward
1.6,Melvin Ingram
0.36,T.J. Watt
0.84,Alex Highsmith
0.3333333333333333,Von Miller
2.0,Shelby Harris
1.5833333333333333,Dre'Mont Jones
0.6666666666666666,Malik Reed
1.0,Von Miller
2.0,Shelby Harris
1.75,Dre'Mont Jones
0.0,Malik Reed
0.9166666666666666,Von Miller
1.9583333333333333,DeShawn Williams
1.1666666666666667,Malik Reed
1.125,P.J. Locke
1.0,Cameron Heyward
0.7894736842105263,T.J. Watt
1.1578947368421053,Chris Wormley
1.9473684210526316,Isaiah Buggs
1.1904761904761905,Cameron Heyward
1.3333333333333333,Melvin Ingram
0.3333333333333333,Karl Joseph
0.7619047619047619,T.J. Watt
1.1904761904761905,Chris Wormley
0.0,Devin Bush
1.380952380952381,Von Miller
1.238095238095238,Shelby Harris
1.1428571428571428,Dre'Mont Jones
0.5714285714285714,Malik Reed
1.5384615384615383,Cameron Heyward
0.8461538461538461,Melvin Ingram
0.8846153846153846,Chris Wormley
1.6538461538461535,Isaiah Buggs
1.0,Cameron Heyward
0.8076923076923077,T.J. Watt
1.0769230769230769,Chris Wormley
0.5769230769230769,Devin Bush
1.4230769230769231,Isaiah Buggs
2.3076923076923075,Mike Purcell
1.3846153846153846,Shelby Harris
0.6153846153846154,Dre'Mont Jones
0.6153846153846154,Malik Reed
0.0384615384615384,Von Miller
1.4230769230769231,Shelby Harris
1.8846153846153848,Dre'Mont Jones
1.5,Malik Reed
0.5217391304347826,Joe Schobert
0.5652173913043478,T.J. Watt
1.6521739130434785,Chris Wormley
0.0434782608695652,Devin Bush
0.9130434782608696,Alex Highsmith
1.565217391304348,Isaiahh Loudermilk
1.2,Cameron Heyward
0.8,T.J. Watt
1.0,Chris Wormley
0.75,Alex Highsmith
2.0,Cameron Heyward
0.6666666666666666,T.J. Watt
1.3333333333333333,Chris Wormley
1.1333333333333333,Alex Highsmith
2.1153846153846154,Cameron Heyward
1.1923076923076923,Melvin Ingram
0.8846153846153846,T.J. Watt
1.0,Alex Highsmith
1.1428571428571428,Von Miller
1.5714285714285714,Shelby Harris
1.3571428571428572,Dre'Mont Jones
0.5,Malik Reed
1.3846153846153846,Cameron Heyward
1.0,T.J. Watt
1.2692307692307692,Chris Wormley
0.9615384615384616,Arthur Maulet
0.8461538461538461,Alex Highsmith
1.4230769230769231,Cameron Heyward
0.1153846153846153,T.J. Watt
1.5769230769230769,Chris Wormley
1.5769230769230769,Isaiah Buggs
0.8181818181818182,Joe Schobert
0.7727272727272727,T.J. Watt
1.318181818181818,Chris Wormley
1.1363636363636365,Henry Mondeaux
0.0,Devin Bush
0.8181818181818182,Alex Highsmith
1.6842105263157894,Cameron Heyward
0.8947368421052632,Melvin Ingram
1.0526315789473684,T.J. Watt
0.7368421052631579,Alex Highsmith
0.4736842105263157,Von Miller
1.8421052631578947,Shelby Harris
1.5263157894736843,Dre'Mont Jones
1.1578947368421053,Malik Reed
0.5714285714285714,Von Miller
2.2857142857142856,Shelby Harris
0.7857142857142857,Justin Simmons
1.0,Dre'Mont Jones
0.7142857142857143,Malik Reed
1.0,Mike Purcell
1.0384615384615383,Shamar Stephen
1.8846153846153848,A.J. Johnson
1.0,Aaron Patrick
0.9615384615384616,Jonathon Cooper
1.3478260869565215,Shelby Harris
1.6521739130434785,A.J. Johnson
1.3043478260869563,Dre'Mont Jones
1.2173913043478262,Justin Strnad
0.8636363636363636,Von Miller
1.0,Shelby Harris
0.9090909090909092,A.J. Johnson
0.8181818181818182,Dre'Mont Jones
0.6363636363636364,Malik Reed
0.631578947368421,Von Miller
1.0526315789473684,Mike Purcell
1.1578947368421053,Shamar Stephen
1.1578947368421053,DeShawn Williams
0.7894736842105263,Malik Reed
0.9444444444444444,Von Miller
1.8888888888888888,Mike Purcell
1.0,Shamar Stephen
0.6111111111111112,DeShawn Williams
0.5,Malik Reed
0.0,Justin Strnad
0.4736842105263157,Von Miller
1.368421052631579,Shelby Harris
1.6842105263157894,Dre'Mont Jones
0.8947368421052632,Malik Reed
1.36,Cameron Heyward
1.28,Melvin Ingram
0.96,Joe Schobert
0.88,T.J. Watt
1.08,Henry Mondeaux
0.32,Devin Bush
1.3461538461538465,Cameron Heyward
0.8076923076923077,T.J. Watt
1.1538461538461535,Henry Mondeaux
1.6153846153846154,Isaiah Buggs
1.0416666666666667,Cameron Heyward
2.0833333333333335,Melvin Ingram
0.8333333333333334,T.J. Watt
0.4166666666666667,Alex Highsmith
1.1153846153846154,Cameron Heyward
2.1538461538461537,Melvin Ingram
0.7307692307692307,T.J. Watt
0.5,Robert Spillane
1.0,Alex Highsmith
0.4705882352941176,T.J. Watt
2.0588235294117645,Chris Wormley
1.1176470588235294,Henry Mondeaux
0.5882352941176471,Alex Highsmith
1.64,Cameron Heyward
0.72,Melvin Ingram
0.76,T.J. Watt
0.64,Alex Highsmith
0.55,Cameron Heyward
1.55,T.J. Watt
1.6,Chris Wormley
0.45,Arthur Maulet
0.2,Robert Spillane
1.45,Alex Highsmith
1.0,T.J. Watt
1.0,Chris Wormley
1.8421052631578947,Isaiah Buggs
1.0,Alex Highsmith
1.0,Isaiahh Loudermilk
1.0,Cameron Heyward
1.1923076923076923,Melvin Ingram
2.1538461538461537,Chris Wormley
0.8461538461538461,Alex Highsmith
0.875,Von Miller
0.6875,Shelby Harris
0.9375,A.J. Johnson
1.1875,Dre'Mont Jones
0.625,Malik Reed
1.7894736842105263,Cameron Heyward
0.1052631578947368,Melvin Ingram
1.8421052631578947,Chris Wormley
0.7894736842105263,Alex Highsmith
1.3043478260869563,Cameron Heyward
1.4782608695652173,Melvin Ingram
1.2608695652173914,Chris Wormley
0.6956521739130435,Alex Highsmith
1.0,Melvin Ingram
0.9230769230769232,T.J. Watt
1.8846153846153848,Chris Wormley
1.1538461538461535,Henry Mondeaux
1.44,Cameron Heyward
0.88,T.J. Watt
1.0,Henry Mondeaux
1.0,Alex Highsmith
2.176470588235294,Cameron Heyward
0.6470588235294118,T.J. Watt
1.1764705882352942,Henry Mondeaux
0.7647058823529411,Alex Highsmith
1.125,Cameron Heyward
0.6875,T.J. Watt
2.125,Henry Mondeaux
0.9375,Alex Highsmith
1.1923076923076923,Cameron Heyward
0.8076923076923077,Melvin Ingram
0.5384615384615384,T.J. Watt
2.0,Chris Wormley
1.0909090909090908,Cameron Heyward
1.4545454545454546,Melvin Ingram
0.8636363636363636,T.J. Watt
1.318181818181818,Chris Wormley
0.9545454545454546,Melvin Ingram
0.4545454545454545,T.J. Watt
1.4545454545454546,Chris Wormley
1.0454545454545454,Henry Mondeaux
0.9130434782608696,Melvin Ingram
0.9565217391304348,T.J. Watt
1.0434782608695652,Henry Mondeaux
1.3478260869565215,Isaiahh Loudermilk
1.0,Melvin Ingram
0.8461538461538461,T.J. Watt
1.3846153846153846,Henry Mondeaux
1.0,Isaiahh Loudermilk
1.25,Cameron Heyward
0.9583333333333334,Melvin Ingram
0.9166666666666666,T.J. Watt
1.8333333333333333,Chris Wormley
1.0,Cameron Heyward
1.0,Melvin Ingram
0.875,T.J. Watt
1.5,Chris Wormley
1.2307692307692308,Cameron Heyward
0.9230769230769232,Melvin Ingram
0.8461538461538461,T.J. Watt
1.6153846153846154,Chris Wormley
1.4230769230769231,Ndamukong Suh
1.6153846153846154,Jason Pierre-Paul
1.9230769230769231,Shaquil Barrett
0.8076923076923077,Vita Vea
0.6153846153846154,Joe Tryon
1.5,Ndamukong Suh
0.5,Jason Pierre-Paul
0.0,Lavonte David
1.0,William Gholston
2.0,Vita Vea
1.3333333333333333,Ndamukong Suh
1.0666666666666669,Jason Pierre-Paul
0.0,Lavonte David
1.4,Shaquil Barrett
1.0666666666666669,Vita Vea
0.2,Jordan Whitehead
0.4,Devin White
0.5333333333333333,Mike Edwards
1.0,Emmanuel Ogbah
1.5454545454545454,Adam Butler
0.9090909090909092,Brandon Jones
1.0,Jaelan Phillips
0.7692307692307693,Brennan Scarlett
1.5384615384615383,Zach Sieler
1.0769230769230769,Christian Wilkins
1.9230769230769231,Raekwon Davis
1.0,Emmanuel Ogbah
2.0,Christian Wilkins
2.0,Raekwon Davis
1.0,Jaelan Phillips
1.4230769230769231,Emmanuel Ogbah
2.0,Christian Wilkins
1.0,Raekwon Davis
1.0,Jaelan Phillips
1.411764705882353,Emmanuel Ogbah
0.0,Sam Eguavoen
1.411764705882353,Adam Butler
0.8235294117647058,Brandon Jones
1.0,Jaelan Phillips
1.6153846153846154,Steve McLendon
1.1153846153846154,Jason Pierre-Paul
1.6538461538461535,Rakeem Nunez-Roches
0.7692307692307693,Joe Tryon
1.2666666666666666,William Gholston
1.8,Rakeem Nunez-Roches
1.2,Vita Vea
0.7333333333333333,Anthony Nelson
1.24,William Gholston
1.96,Vita Vea
1.0,Anthony Nelson
0.76,Joe Tryon
1.5714285714285714,Ndamukong Suh
1.5,Jason Pierre-Paul
1.5,Rakeem Nunez-Roches
0.1428571428571428,Jordan Whitehead
0.5416666666666666,Ndamukong Suh
1.5416666666666667,William Gholston
2.0833333333333335,Rakeem Nunez-Roches
1.0,Emmanuel Ogbah
1.9615384615384617,Adam Butler
1.0,Christian Wilkins
1.0,Jaelan Phillips
0.875,Emmanuel Ogbah
1.9375,Adam Butler
1.0,Andrew Van Ginkel
1.125,Jaelan Phillips
1.8695652173913044,Emmanuel Ogbah
1.0,Adam Butler
1.0,Andrew Van Ginkel
1.0,Jaelan Phillips
1.0,Zach Sieler
1.0,Christian Wilkins
1.0,Raekwon Davis
1.0,Jaelan Phillips
1.0,Emmanuel Ogbah
1.2307692307692308,Adam Butler
0.8846153846153846,Jerome Baker
1.0,Andrew Van Ginkel
1.4230769230769231,Jaelan Phillips
1.2,Ndamukong Suh
0.8,Jason Pierre-Paul
0.72,Shaquil Barrett
2.24,Vita Vea
0.4285714285714285,Ndamukong Suh
1.2142857142857142,Jason Pierre-Paul
2.142857142857143,Lavonte David
0.5714285714285714,Shaquil Barrett
0.9285714285714286,Vita Vea
1.0,Emmanuel Ogbah
0.9523809523809524,Sam Eguavoen
0.3333333333333333,Adam Butler
1.2857142857142858,Jaelan Phillips
2.0,Ndamukong Suh
1.6538461538461535,Jason Pierre-Paul
1.0,Shaquil Barrett
2.0,Rakeem Nunez-Roches
0.75,Ndamukong Suh
2.15,Lavonte David
0.9,Vita Vea
1.75,Devin White
1.8421052631578947,Jason Pierre-Paul
0.8947368421052632,Richard Sherman
0.0,Ross Cockrell
1.9473684210526316,Shaquil Barrett
1.5384615384615383,Ndamukong Suh
0.3846153846153846,Jason Pierre-Paul
1.3846153846153846,Lavonte David
0.8461538461538461,Shaquil Barrett
1.3846153846153846,Vita Vea
0.3076923076923077,Devin White
1.0,Jabaal Sheard
1.0,Zach Sieler
2.0,Raekwon Davis
1.0,Jaelan Phillips
1.3461538461538465,Jabaal Sheard
0.3846153846153846,Zach Sieler
2.0,Raekwon Davis
1.6153846153846154,Jaelan Phillips
0.7222222222222222,Jabaal Sheard
1.5555555555555556,Sam Eguavoen
1.4444444444444444,Adam Butler
1.0,Jaelan Phillips
0.85,Jabaal Sheard
1.0,Zach Sieler
1.45,Raekwon Davis
1.0,Jaelan Phillips
0.8125,Emmanuel Ogbah
1.75,Sam Eguavoen
1.1875,Adam Butler
1.0,Jaelan Phillips
0.6923076923076923,Brennan Scarlett
1.6923076923076923,Adam Butler
1.3846153846153846,Zach Sieler
1.6153846153846154,Christian Wilkins
0.6363636363636364,Emmanuel Ogbah
2.0,Christian Wilkins
1.0,Raekwon Davis
1.0,Jaelan Phillips
1.0588235294117647,Emmanuel Ogbah
1.2941176470588236,Christian Wilkins
1.0,Raekwon Davis
1.1764705882352942,Brandon Jones
1.0,Jaelan Phillips
1.0,Zach Sieler
1.0,Christian Wilkins
1.7727272727272727,Raekwon Davis
1.2272727272727273,Jaelan Phillips
0.631578947368421,Ndamukong Suh
1.5263157894736843,Jason Pierre-Paul
1.368421052631579,William Gholston
1.1578947368421053,Shaquil Barrett
1.8461538461538465,Ndamukong Suh
0.7692307692307693,Jason Pierre-Paul
0.6153846153846154,Lavonte David
1.5,William Gholston
0.5882352941176471,Ndamukong Suh
1.9411764705882353,Kevin Minter
1.4705882352941178,William Gholston
0.0,Ross Cockrell
1.5294117647058822,Devin White
1.5789473684210529,Ndamukong Suh
1.4210526315789471,Jason Pierre-Paul
0.3157894736842105,Kevin Minter
1.5263157894736843,William Gholston
0.8421052631578947,Shaquil Barrett
1.3461538461538465,Ndamukong Suh
1.1538461538461535,Jason Pierre-Paul
1.0384615384615383,William Gholston
1.0,Shaquil Barrett
0.9615384615384616,Emmanuel Ogbah
1.8461538461538465,Adam Butler
1.0,Jaelan Phillips
1.5769230769230769,Emmanuel Ogbah
2.3461538461538463,Adam Butler
1.0,Jaelan Phillips
1.0,Emmanuel Ogbah
1.5238095238095235,Adam Butler
1.0,Jaelan Phillips
0.9285714285714286,Emmanuel Ogbah
1.4285714285714286,Adam Butler
1.0,Andrew Van Ginkel
1.5,Jaelan Phillips
0.9615384615384616,Emmanuel Ogbah
1.8461538461538465,Adam Butler
1.4230769230769231,Andrew Van Ginkel
1.9130434782608696,Ndamukong Suh
2.130434782608696,Jason Pierre-Paul
1.1304347826086956,Shaquil Barrett
1.0434782608695652,Vita Vea
1.7307692307692308,Ndamukong Suh
1.0,Jason Pierre-Paul
1.2307692307692308,Shaquil Barrett
1.5384615384615383,Vita Vea
1.6923076923076923,Steve McLendon
1.5769230769230769,William Gholston
1.3846153846153846,Rakeem Nunez-Roches
1.5384615384615383,Steve McLendon
0.5,Kevin Minter
1.5,Rakeem Nunez-Roches
0.0769230769230769,Devin White
0.9230769230769232,Anthony Nelson
1.5384615384615383,Joe Tryon
1.8076923076923077,Steve McLendon
0.8461538461538461,Jason Pierre-Paul
1.0,Shaquil Barrett
1.2307692307692308,Rakeem Nunez-Roches
2.269230769230769,Steve McLendon
0.0,Jason Pierre-Paul
0.9230769230769232,Shaquil Barrett
0.2307692307692307,Rakeem Nunez-Roches
0.9230769230769232,Devin White
2.411764705882353,Ndamukong Suh
1.0,Vita Vea
0.0,Jordan Whitehead
0.0,Mike Edwards
0.5882352941176471,Anthony Nelson
1.0,Joe Tryon
1.45,Zach Sieler
1.15,Christian Wilkins
1.0,Raekwon Davis
0.65,Brandon Jones
0.55,Jaelan Phillips
0.9615384615384616,Emmanuel Ogbah
1.0,Adam Butler
1.0769230769230769,Jerome Baker
0.7692307692307693,Andrew Van Ginkel
1.9615384615384617,Jaelan Phillips
0.75,Emmanuel Ogbah
0.9166666666666666,Adam Butler
1.2083333333333333,Jerome Baker
0.8333333333333334,Andrew Van Ginkel
2.1666666666666665,Jaelan Phillips
2.0,Emmanuel Ogbah
1.9230769230769231,Christian Wilkins
1.0769230769230769,Raekwon Davis
1.0,Jaelan Phillips
0.3529411764705882,Emmanuel Ogbah
0.9411764705882352,Adam Butler
1.0,Jerome Baker
2.588235294117647,Zach Sieler
0.0,Brandon Jones
1.0,Jaelan Phillips
0.9166666666666666,Jabaal Sheard
2.0,Sam Eguavoen
0.9166666666666666,Adam Butler
1.0,Jaelan Phillips
1.5,Steve McLendon
2.0,Rakeem Nunez-Roches
0.6538461538461539,Anthony Nelson
0.8846153846153846,Joe Tryon
1.2307692307692308,Steve McLendon
1.0,Rakeem Nunez-Roches
0.5384615384615384,Anthony Nelson
0.7692307692307693,Joe Tryon
0.6923076923076923,Ndamukong Suh
2.3076923076923075,Vita Vea
0.5384615384615384,Anthony Nelson
0.7307692307692307,Joe Tryon
0.5454545454545454,Elandon Roberts
1.4545454545454546,Zach Sieler
2.0,Christian Wilkins
0.0,Andrew Van Ginkel
1.0,Raekwon Davis
1.3333333333333333,Emmanuel Ogbah
1.0,Adam Butler
1.6666666666666667,Christian Wilkins
0.8095238095238095,Brandon Jones
1.0,Jaelan Phillips
0.3333333333333333,Jason Pierre-Paul
1.8333333333333333,William Gholston
1.0,Shaquil Barrett
1.5,Rakeem Nunez-Roches
1.2142857142857142,Jason Pierre-Paul
0.2142857142857142,William Gholston
0.7142857142857143,Shaquil Barrett
2.0714285714285716,Rakeem Nunez-Roches
1.0384615384615383,Zach Sieler
1.6923076923076923,Christian Wilkins
0.9615384615384616,Andrew Van Ginkel
1.0,Raekwon Davis
1.0,Emmanuel Ogbah
1.85,Sam Eguavoen
1.15,Adam Butler
0.95,Jaelan Phillips
1.1538461538461535,Ndamukong Suh
1.0,Jason Pierre-Paul
0.8461538461538461,Shaquil Barrett
2.0,Vita Vea
2.0384615384615383,Ndamukong Suh
1.0,Jason Pierre-Paul
1.0,Shaquil Barrett
0.2692307692307692,Vita Vea
1.1363636363636365,Steve McLendon
2.0454545454545454,William Gholston
0.8181818181818182,Shaquil Barrett
0.8636363636363636,Joe Tryon
1.2307692307692308,Ndamukong Suh
0.8461538461538461,Jason Pierre-Paul
0.6538461538461539,Shaquil Barrett
0.8846153846153846,Vita Vea
1.0,Devin White
2.0,Jabaal Sheard
1.25,Adam Butler
0.75,Zach Sieler
1.0,Andrew Van Ginkel
1.1538461538461535,Matt Ioannidis
1.2307692307692308,Jonathan Allen
0.7307692307692307,Daron Payne
0.8076923076923077,Montez Sweat
0.3846153846153846,Chase Young
1.4166666666666667,Jonathan Allen
1.625,Daron Payne
1.0,Montez Sweat
0.75,Chase Young
0.9375,Jonathan Allen
2.0,Daron Payne
0.0,Montez Sweat
1.0,Cole Holcomb
1.0625,Chase Young
1.6153846153846154,Matt Ioannidis
1.9615384615384617,Jonathan Allen
0.4615384615384615,Daron Payne
1.0,Montez Sweat
1.5769230769230769,Chase Young
1.5416666666666667,Matt Ioannidis
1.2083333333333333,Jonathan Allen
1.0416666666666667,Daron Payne
0.4166666666666667,Chase Young
0.7916666666666666,James Smith-Williams
1.3846153846153846,Cameron Jordan
1.5769230769230769,Tanoh Kpassagnon
1.1153846153846154,Shy Tuttle
2.0,Albert Huggins
1.8076923076923077,Cameron Jordan
1.0384615384615383,Tanoh Kpassagnon
1.0769230769230769,Chauncey Gardner-Johnson
1.9615384615384617,Payton Turner
0.5652173913043478,Kendall Fuller
1.434782608695652,Jonathan Allen
1.434782608695652,Tim Settle
1.0434782608695652,Montez Sweat
0.9130434782608696,Chase Young
2.0,Montravius Adams
1.0,Carl Granderson
1.2692307692307692,Malcolm Roach
0.7307692307692307,Payton Turner
1.0,Cameron Jordan
1.0,Tanoh Kpassagnon
1.0,Shy Tuttle
2.0,Albert Huggins
2.230769230769231,Cameron Jordan
0.9230769230769232,Carl Granderson
0.0,Shy Tuttle
0.0769230769230769,Albert Huggins
0.7692307692307693,Cameron Jordan
2.0,Montravius Adams
1.0,Carl Granderson
1.0,Malcolm Roach
1.6923076923076923,Cameron Jordan
1.1923076923076923,Montravius Adams
1.0,Malcolm Roach
0.5769230769230769,Payton Turner
1.0,Cameron Jordan
1.0,Montravius Adams
1.380952380952381,Malcolm Roach
1.4761904761904765,Payton Turner
1.6,Matt Ioannidis
1.0,Daron Payne
1.0,Chase Young
1.0,Casey Toohill
1.0,Carl Granderson
1.6153846153846154,Shy Tuttle
1.4230769230769231,Albert Huggins
0.6538461538461539,Payton Turner
1.4761904761904765,Cameron Jordan
1.380952380952381,Tanoh Kpassagnon
0.9047619047619048,Payton Turner
1.4615384615384617,Cameron Jordan
0.6923076923076923,Tanoh Kpassagnon
1.3076923076923077,Montravius Adams
1.5384615384615383,Malcolm Roach
1.5833333333333333,Cameron Jordan
1.375,Shy Tuttle
0.9583333333333334,Albert Huggins
1.0,Payton Turner
1.2857142857142858,Matt Ioannidis
1.2142857142857142,Jonathan Allen
0.9285714285714286,Daron Payne
0.7857142857142857,Montez Sweat
0.7857142857142857,Chase Young
1.0769230769230769,Cameron Jordan
2.0,Montravius Adams
1.5384615384615383,Shy Tuttle
2.0,Payton Turner
0.5769230769230769,Cameron Jordan
1.7307692307692308,Montravius Adams
1.9230769230769231,Shy Tuttle
1.4230769230769231,Payton Turner
1.0,Cameron Jordan
0.9333333333333332,Carl Granderson
1.0666666666666669,Albert Huggins
1.6666666666666667,Malcolm Roach
1.5384615384615383,Cameron Jordan
0.6153846153846154,Demario Davis
1.4230769230769231,Tanoh Kpassagnon
1.0,Payton Turner
1.1923076923076923,Cameron Jordan
0.6538461538461539,Tanoh Kpassagnon
1.1538461538461535,Albert Huggins
2.3076923076923075,Malcolm Roach
1.0,Cameron Jordan
1.818181818181818,Montravius Adams
1.0,Carl Granderson
1.181818181818182,Shy Tuttle
1.0384615384615383,Matt Ioannidis
1.8846153846153848,Daron Payne
1.5,Tim Settle
1.5384615384615383,Montez Sweat
0.9615384615384616,Chase Young
2.55,Matt Ioannidis
1.4,Daron Payne
1.35,Tim Settle
1.25,Cole Holcomb
1.4761904761904765,Matt Ioannidis
0.8095238095238095,Daron Payne
1.4761904761904765,Montez Sweat
0.9523809523809524,Chase Young
1.4230769230769231,Cameron Jordan
1.2307692307692308,Tanoh Kpassagnon
1.6538461538461535,Payton Turner
1.44,Cameron Jordan
0.92,Tanoh Kpassagnon
1.08,Albert Huggins
1.28,Malcolm Roach
1.3461538461538465,Malcolm Jenkins
1.3846153846153846,Cameron Jordan
0.5384615384615384,Demario Davis
1.1153846153846154,Carl Granderson
1.0,Malcolm Roach
0.5384615384615384,Pete Werner
1.2916666666666667,Cameron Jordan
1.0416666666666667,Demario Davis
0.4166666666666667,Chauncey Gardner-Johnson
0.75,Carl Granderson
1.0,Malcolm Roach
1.25,Pete Werner
1.4615384615384617,Jonathan Allen
1.3076923076923077,Daron Payne
0.5384615384615384,Montez Sweat
1.3076923076923077,Chase Young
1.3461538461538465,Matt Ioannidis
1.5384615384615383,Jonathan Allen
0.5384615384615384,Daron Payne
0.8846153846153846,Montez Sweat
0.6923076923076923,James Smith-Williams
1.7692307692307692,Matt Ioannidis
1.0769230769230769,Jonathan Allen
0.6923076923076923,Daron Payne
0.9230769230769232,Montez Sweat
0.5384615384615384,James Smith-Williams
1.9230769230769231,Jonathan Allen
1.0,Chase Young
1.6538461538461535,James Smith-Williams
1.0,Cameron Jordan
1.3076923076923077,Tanoh Kpassagnon
1.0,Montravius Adams
1.0384615384615383,Shy Tuttle
0.9230769230769232,Cameron Jordan
2.0,Demario Davis
1.0,Tanoh Kpassagnon
0.3461538461538461,Payton Turner
0.6538461538461539,Pete Werner
1.1176470588235294,Matt Ioannidis
1.2352941176470589,Jonathan Allen
1.2352941176470589,Daron Payne
0.7647058823529411,Montez Sweat
0.5882352941176471,Chase Young
1.2692307692307692,Jonathan Allen
2.1923076923076925,Daron Payne
0.7307692307692307,Montez Sweat
0.6153846153846154,Chase Young
1.0454545454545454,Carl Granderson
1.7272727272727273,Shy Tuttle
1.2272727272727273,Payton Turner
0.9565217391304348,Tanoh Kpassagnon
1.173913043478261,Carl Granderson
1.0434782608695652,Shy Tuttle
1.826086956521739,Albert Huggins
1.0,Cameron Jordan
1.0,Tanoh Kpassagnon
1.9615384615384617,Montravius Adams
1.0384615384615383,Malcolm Roach
1.631578947368421,Cameron Jordan
1.0,Malcolm Roach
2.0,Payton Turner
1.173913043478261,Matt Ioannidis
1.0,Jonathan Allen
1.0,Daron Payne
0.8260869565217391,Chase Young
1.3043478260869563,Casey Toohill
1.0,Matt Ioannidis
1.9583333333333333,Jonathan Allen
1.0416666666666667,Daron Payne
2.0,Chase Young
1.0,Casey Toohill
1.1538461538461535,Matt Ioannidis
1.0384615384615383,Jonathan Allen
1.1153846153846154,Daron Payne
0.7692307692307693,Montez Sweat
0.7307692307692307,Chase Young
1.173913043478261,Cameron Jordan
0.4782608695652174,Tanoh Kpassagnon
1.173913043478261,Shy Tuttle
1.391304347826087,Albert Huggins
1.5,Matt Ioannidis
1.0,Jonathan Allen
1.0,Tim Settle
1.4615384615384617,Montez Sweat
0.7307692307692307,Cole Holcomb
1.0,James Smith-Williams
1.3333333333333333,Matt Ioannidis
1.238095238095238,Jonathan Allen
1.0,Daron Payne
0.6666666666666666,Montez Sweat
0.7619047619047619,James Smith-Williams
1.9615384615384617,Matt Ioannidis
1.0,Daron Payne
1.1923076923076923,Montez Sweat
1.1538461538461535,Chase Young
0.7058823529411765,Malcolm Jenkins
1.1764705882352942,Montravius Adams
1.0,Carl Granderson
1.0588235294117647,Shy Tuttle
1.0588235294117647,Payton Turner
1.0,Montravius Adams
1.0,Carl Granderson
1.8,Shy Tuttle
1.2,Payton Turner
1.4230769230769231,Cameron Jordan
1.8076923076923077,Malcolm Roach
1.1923076923076923,Payton Turner
1.3,Matt Ioannidis
1.2,Jonathan Allen
1.0,Daron Payne
0.7,Chase Young
0.8,Casey Toohill
1.5,Jonathan Allen
1.5384615384615383,Daron Payne
0.9615384615384616,Cole Holcomb
0.9230769230769232,Chase Young
1.263157894736842,Jonathan Allen
1.631578947368421,Daron Payne
0.7368421052631579,Montez Sweat
1.0,Chase Young
2.0,Montravius Adams
0.3461538461538461,Carl Granderson
2.269230769230769,Shy Tuttle
0.8076923076923077,Payton Turner
0.7307692307692307,Cameron Jordan
1.3846153846153846,Carl Granderson
1.4230769230769231,Malcolm Roach
0.8076923076923077,Pete Werner
1.4230769230769231,Cameron Jordan
1.2692307692307692,Demario Davis
0.5,Carl Granderson
1.2307692307692308,Malcolm Roach
1.7307692307692308,Cameron Jordan
1.3076923076923077,Carl Granderson
1.1153846153846154,Malcolm Roach
0.7692307692307693,Malcolm Jenkins
1.1538461538461535,Cameron Jordan
0.8461538461538461,Tanoh Kpassagnon
1.0769230769230769,Shy Tuttle
1.3846153846153846,Albert Huggins
1.4166666666666667,Matt Ioannidis
1.75,Daron Payne
1.0,Montez Sweat
0.625,Khaleke Hudson
1.0384615384615383,Matt Ioannidis
1.0,Jonathan Allen
2.0,Daron Payne
1.9615384615384617,Chase Young
1.0,James Smith-Williams
1.2307692307692308,Cameron Jordan
1.1153846153846154,Malcolm Roach
1.0,Payton Turner
1.1538461538461535,Pete Werner
0.8260869565217391,Malcolm Jenkins
1.3478260869565215,Cameron Jordan
0.6086956521739131,Chauncey Gardner-Johnson
1.7391304347826086,Malcolm Roach
1.0869565217391304,Payton Turner
1.5769230769230769,Cameron Jordan
0.5,Demario Davis
0.9615384615384616,Carl Granderson
0.5769230769230769,Malcolm Roach
1.35,Cameron Jordan
1.45,Demario Davis
1.0,Carl Granderson
1.25,Malcolm Roach
1.1538461538461535,Cameron Jordan
1.3461538461538465,Tanoh Kpassagnon
1.8076923076923077,Carl Granderson
1.3333333333333333,Malik Jackson
1.2222222222222223,Myles Garrett
1.7222222222222223,Takkarist McKinley
1.3888888888888888,Malik McDowell
2.047619047619047,Malik Jackson
0.9047619047619048,Myles Garrett
1.0476190476190477,Takkarist McKinley
0.9523809523809524,Joe Jackson
1.0,Linval Joseph
1.6153846153846154,Christian Covington
0.4615384615384615,Joey Bosa
1.5384615384615383,Jerry Tillery
1.7307692307692308,Linval Joseph
0.3076923076923077,Uchenna Nwosu
1.6538461538461535,Jerry Tillery
1.1538461538461535,Joe Gaziano
1.3636363636363635,Linval Joseph
0.8181818181818182,Derwin James
1.3636363636363635,Jerry Tillery
1.1363636363636365,Joe Gaziano
1.0454545454545454,Forrest Merrill
1.0,Malik Jackson
1.0,Myles Garrett
0.9230769230769232,Takkarist McKinley
1.3846153846153846,Malik McDowell
1.3333333333333333,Malik Jackson
1.0,Myles Garrett
1.0,Takkarist McKinley
1.2777777777777777,Malik McDowell
1.5384615384615383,Andrew Billings
1.4615384615384617,Myles Garrett
1.0384615384615383,Joe Jackson
1.2307692307692308,Jordan Elliott
1.6363636363636365,Andrew Billings
2.636363636363636,Myles Garrett
1.181818181818182,Joe Jackson
1.318181818181818,Jordan Elliott
0.9166666666666666,Myles Garrett
0.8333333333333334,Takkarist McKinley
1.0833333333333333,Malik McDowell
1.25,Jordan Elliott
1.2857142857142858,Andrew Billings
1.7142857142857142,Myles Garrett
0.5,Takkarist McKinley
1.4285714285714286,Jordan Elliott
1.3076923076923077,Malik Jackson
0.9615384615384616,Myles Garrett
0.8076923076923077,Takkarist McKinley
1.3076923076923077,Joe Jackson
1.3846153846153846,Christian Covington
1.2307692307692308,Joe Gaziano
0.8846153846153846,Chris Rumph
2.1923076923076925,Forrest Merrill
2.0,Linval Joseph
0.6363636363636364,Uchenna Nwosu
1.2727272727272727,Jerry Tillery
0.8181818181818182,Chris Rumph
1.125,Christian Covington
0.8333333333333334,Joey Bosa
0.4583333333333333,Uchenna Nwosu
1.75,Jerry Tillery
1.1428571428571428,Linval Joseph
1.1904761904761905,Christian Covington
0.8095238095238095,Joey Bosa
0.2857142857142857,Uchenna Nwosu
1.5714285714285714,Jerry Tillery
2.0,Malik Jackson
2.0,Andrew Billings
0.9615384615384616,Myles Garrett
1.8076923076923077,Joe Jackson
1.6538461538461535,Malik Jackson
0.3461538461538461,Myles Garrett
0.8461538461538461,Takkarist McKinley
1.6538461538461535,Malik McDowell
1.0384615384615383,Linval Joseph
1.1538461538461535,Joey Bosa
1.4615384615384617,Kyler Fackrell
1.6923076923076923,Jerry Tillery
1.0,Linval Joseph
1.368421052631579,Christian Covington
0.5789473684210527,Kyler Fackrell
1.631578947368421,Joe Gaziano
2.1153846153846154,Linval Joseph
0.7307692307692307,Joey Bosa
0.8846153846153846,Uchenna Nwosu
1.0,Jerry Tillery
1.9615384615384617,Christian Covington
1.9230769230769231,Joey Bosa
0.1923076923076923,Uchenna Nwosu
1.0384615384615383,Jerry Tillery
1.0,Linval Joseph
1.5384615384615383,Christian Covington
0.4615384615384615,Joey Bosa
0.4615384615384615,Uchenna Nwosu
1.5384615384615383,Jerry Tillery
2.0,Malik Jackson
0.8,Myles Garrett
0.65,Takkarist McKinley
1.35,Malik McDowell
1.72,Malik Jackson
0.96,Myles Garrett
1.24,Takkarist McKinley
1.2,Malik McDowell
2.076923076923077,Andrew Billings
1.0,Ifeadi Odenigbo
0.3846153846153846,M.J. Stewart
1.0,Joe Jackson
1.1538461538461535,Jordan Elliott
2.090909090909091,Malik Jackson
0.9090909090909092,Myles Garrett
0.9090909090909092,Takkarist McKinley
1.0909090909090908,Malik McDowell
1.7826086956521738,Malik Jackson
1.391304347826087,Myles Garrett
0.1739130434782608,Takkarist McKinley
0.9565217391304348,Joe Jackson
1.1304347826086956,Jeremiah Owusu-Koramoah
1.1153846153846154,Malik Jackson
1.2307692307692308,Myles Garrett
1.5384615384615383,Takkarist McKinley
1.4615384615384617,Malik McDowell
1.1363636363636365,Malik Jackson
0.8181818181818182,Myles Garrett
1.4545454545454546,Malik McDowell
1.0,Ifeadi Odenigbo
1.0,Linval Joseph
1.1875,Christian Covington
0.75,Joey Bosa
0.8125,Kyler Fackrell
1.125,Jerry Tillery
2.4,Linval Joseph
0.3333333333333333,Joey Bosa
0.0,Kyzir White
1.8,Jerry Tillery
1.8333333333333333,Christian Covington
0.9583333333333334,Joey Bosa
0.5416666666666666,Kyler Fackrell
1.1666666666666667,Jerry Tillery
2.357142857142857,Andrew Billings
0.7857142857142857,Myles Garrett
1.0,Joe Jackson
1.0,Jordan Elliott
1.6923076923076923,Malik Jackson
0.7307692307692307,Myles Garrett
1.2692307692307692,Malik McDowell
1.1923076923076923,Joe Jackson
1.6363636363636365,Malik Jackson
0.3636363636363636,Myles Garrett
1.7727272727272727,Takkarist McKinley
1.318181818181818,Malik McDowell
1.52,Malik Jackson
1.24,Myles Garrett
1.24,Takkarist McKinley
1.0,Malik McDowell
2.076923076923077,Christian Covington
0.5769230769230769,Joey Bosa
0.8846153846153846,Uchenna Nwosu
1.1153846153846154,Jerry Tillery
1.2,Malik Jackson
1.85,Malik McDowell
0.8,Ifeadi Odenigbo
1.0,Joe Jackson
1.3846153846153846,Malik Jackson
0.4230769230769231,Myles Garrett
0.9230769230769232,Malik McDowell
1.5769230769230769,Joe Jackson
1.0,Linval Joseph
1.5384615384615383,Christian Covington
0.3846153846153846,Joey Bosa
1.6923076923076923,Jerry Tillery
2.0,Linval Joseph
1.3076923076923077,Christian Covington
1.0,Jerry Tillery
1.7142857142857142,Malik Jackson
0.2857142857142857,Troy Hill
0.8571428571428571,Myles Garrett
1.0,Takkarist McKinley
1.5714285714285714,Malik McDowell
0.0,Jeremiah Owusu-Koramoah
0.5294117647058824,Malik Jackson
0.7058823529411765,Myles Garrett
0.7647058823529411,Takkarist McKinley
1.6470588235294117,Malik McDowell
0.7058823529411765,Jeremiah Owusu-Koramoah
2.0,Andrew Billings
0.8695652173913043,Ifeadi Odenigbo
2.0,Joe Jackson
1.4782608695652173,Jordan Elliott
0.6923076923076923,Malik Jackson
0.7307692307692307,Myles Garrett
0.6538461538461539,Takkarist McKinley
1.4230769230769231,Malik McDowell
1.3846153846153846,Jeremiah Owusu-Koramoah
0.6538461538461539,Malik Jackson
1.7692307692307692,Takkarist McKinley
1.4230769230769231,Malik McDowell
0.8076923076923077,Joe Jackson
1.1578947368421053,Malik Jackson
0.8421052631578947,Myles Garrett
0.8947368421052632,Takkarist McKinley
2.0,Malik McDowell
1.2173913043478262,Malik Jackson
0.9130434782608696,Myles Garrett
1.0,Takkarist McKinley
1.2608695652173914,Malik McDowell
1.2352941176470589,Andrew Billings
1.0,Ifeadi Odenigbo
1.0,Joe Jackson
1.7647058823529411,Jordan Elliott
1.1923076923076923,Linval Joseph
2.0,Christian Covington
0.5384615384615384,Joey Bosa
1.0,Uchenna Nwosu
1.0,Jerry Tillery
1.3333333333333333,Christian Covington
0.9047619047619048,Joey Bosa
2.2857142857142856,Uchenna Nwosu
0.9047619047619048,Jerry Tillery
0.6666666666666666,Drue Tranquill
1.75,Christian Covington
0.7916666666666666,Joey Bosa
1.125,Uchenna Nwosu
1.0,Jerry Tillery
2.0,Christian Covington
1.0,Joey Bosa
1.0,Uchenna Nwosu
0.9285714285714286,Jerry Tillery
1.8095238095238095,Joey Bosa
0.8571428571428571,Kyler Fackrell
0.9047619047619048,Uchenna Nwosu
1.8095238095238095,Jerry Tillery
0.8076923076923077,Joey Bosa
1.8076923076923077,Kyler Fackrell
0.4615384615384615,Uchenna Nwosu
0.7692307692307693,Jerry Tillery
1.5769230769230769,Joey Bosa
0.1923076923076923,Kyler Fackrell
1.7307692307692308,Kyzir White
1.1538461538461535,Jerry Tillery
1.5769230769230769,Joey Bosa
1.0,Kyler Fackrell
1.1538461538461535,Uchenna Nwosu
1.3461538461538465,Jerry Tillery
1.1666666666666667,Johnathan Hankins
1.0,Yannick Ngakoue
1.7083333333333333,Quinton Jefferson
1.0,Maxx Crosby
0.7307692307692307,Robert Quinn
0.9615384615384616,Khalil Mack
1.4615384615384617,Eddie Goldman
1.7307692307692308,Bilal Nichols
0.15,Khalil Mack
0.7,Jeremiah Attaochu
1.4,Eddie Goldman
1.6,Bilal Nichols
1.5384615384615383,Johnathan Hankins
0.8461538461538461,Yannick Ngakoue
1.1538461538461535,Solomon Thomas
0.9230769230769232,Maxx Crosby
1.04,Johnathan Hankins
1.0,Carl Nassib
1.0,Yannick Ngakoue
1.96,Solomon Thomas
1.5333333333333334,Johnathan Hankins
1.5333333333333334,Solomon Thomas
1.7333333333333334,Clelin Ferrell
1.0,Maxx Crosby
1.761904761904762,Johnathan Hankins
1.1904761904761905,Yannick Ngakoue
1.238095238095238,Quinton Jefferson
0.4761904761904761,Johnathan Abram
1.3333333333333333,Maxx Crosby
1.0384615384615383,Johnathan Hankins
1.8461538461538465,Darius Philon
1.3846153846153846,Yannick Ngakoue
1.0,Maxx Crosby
2.1538461538461537,Darius Philon
0.9230769230769232,Yannick Ngakoue
0.9230769230769232,Quinton Jefferson
1.0,Maxx Crosby
0.7,Denzel Perryman
0.95,Yannick Ngakoue
0.6,Quinton Jefferson
2.3,Solomon Thomas
0.1,Johnathan Abram
0.9,Maxx Crosby
1.6666666666666667,Darius Philon
1.0,Yannick Ngakoue
1.2,Quinton Jefferson
0.8,Maxx Crosby
1.368421052631579,Darius Philon
0.8947368421052632,Yannick Ngakoue
1.1578947368421053,Quinton Jefferson
0.7368421052631579,Maxx Crosby
1.0769230769230769,Darius Philon
1.0,Yannick Ngakoue
1.3461538461538465,Quinton Jefferson
0.3076923076923077,Johnathan Abram
1.4615384615384617,Maxx Crosby
1.0,Robert Quinn
0.8846153846153846,Khalil Mack
1.5384615384615383,Eddie Goldman
1.3076923076923077,Bilal Nichols
1.1538461538461535,Robert Quinn
1.0384615384615383,Jeremiah Attaochu
1.6153846153846154,Eddie Goldman
1.3846153846153846,Bilal Nichols
0.7857142857142857,Jeremiah Attaochu
1.7142857142857142,Eddie Goldman
0.0,Roquan Smith
2.0,Bilal Nichols
0.9615384615384616,Robert Quinn
1.1538461538461535,Khalil Mack
1.8846153846153848,Mario Edwards
1.4230769230769231,Angelo Blackson
1.0526315789473684,Darius Philon
1.105263157894737,Carl Nassib
1.7894736842105263,Solomon Thomas
1.0,Clelin Ferrell
1.9130434782608696,Darius Philon
0.9565217391304348,Yannick Ngakoue
1.7826086956521738,Quinton Jefferson
0.6521739130434783,Johnathan Abram
0.8695652173913043,Maxx Crosby
0.5769230769230769,Khalil Mack
0.8846153846153846,Jeremiah Attaochu
2.0,Mario Edwards
1.4230769230769231,Angelo Blackson
1.619047619047619,Robert Quinn
1.1428571428571428,Khalil Mack
1.1904761904761905,Mario Edwards
0.9523809523809524,Angelo Blackson
1.0,Jeremiah Attaochu
1.7083333333333333,Eddie Goldman
2.1666666666666665,Bilal Nichols
1.0,Trevis Gipson
1.0,Jeremiah Attaochu
0.8461538461538461,Eddie Goldman
1.2692307692307692,Bilal Nichols
1.2692307692307692,Trevis Gipson
0.8235294117647058,Jeremiah Attaochu
2.2941176470588234,Eddie Goldman
1.1764705882352942,Bilal Nichols
0.7058823529411765,Trevis Gipson
1.2692307692307692,Robert Quinn
0.6923076923076923,Khalil Mack
2.9615384615384617,Mario Edwards
1.5333333333333334,Johnathan Hankins
0.9333333333333332,Yannick Ngakoue
1.2,Quinton Jefferson
1.6666666666666667,Maxx Crosby
1.2142857142857142,Johnathan Hankins
1.1428571428571428,Yannick Ngakoue
0.9285714285714286,Quinton Jefferson
0.4285714285714285,Johnathan Abram
1.0,Maxx Crosby
1.2857142857142858,Robert Quinn
0.7619047619047619,Khalil Mack
0.7142857142857143,Eddie Goldman
1.238095238095238,Angelo Blackson
0.8571428571428571,Roquan Smith
0.9230769230769232,Robert Quinn
0.6923076923076923,Khalil Mack
1.7307692307692308,Mario Edwards
1.3076923076923077,Angelo Blackson
0.9230769230769232,Robert Quinn
0.0,Khalil Mack
1.5384615384615383,Mario Edwards
2.0,Angelo Blackson
0.9090909090909092,Jeremiah Attaochu
1.818181818181818,Eddie Goldman
1.4545454545454546,Bilal Nichols
0.7272727272727273,Trevis Gipson
1.0,Yannick Ngakoue
1.75,Solomon Thomas
1.5,Maxx Crosby
1.0714285714285714,Johnathan Hankins
1.0,Yannick Ngakoue
1.8571428571428572,Solomon Thomas
1.0,Maxx Crosby
0.0,Nate Hobbs
0.8846153846153846,Robert Quinn
0.5769230769230769,Tashaun Gipson
0.6923076923076923,Khalil Mack
1.3076923076923077,Eddie Goldman
1.8461538461538465,Bilal Nichols
1.05,Robert Quinn
1.4,Eddie Goldman
0.65,Roquan Smith
2.05,Bilal Nichols
0.7307692307692307,Robert Quinn
1.6923076923076923,Khalil Mack
2.230769230769231,Angelo Blackson
0.8846153846153846,Robert Quinn
1.3461538461538465,Khalil Mack
1.1538461538461535,Angelo Blackson
1.6538461538461535,Bilal Nichols
1.0434782608695652,Robert Quinn
1.173913043478261,Khalil Mack
1.565217391304348,Angelo Blackson
1.3478260869565215,Bilal Nichols
0.7692307692307693,Robert Quinn
1.8461538461538465,Khalil Mack
1.1923076923076923,Angelo Blackson
1.1538461538461535,Bilal Nichols
1.1538461538461535,Robert Quinn
0.6923076923076923,Khalil Mack
1.3076923076923077,Angelo Blackson
1.3461538461538465,Bilal Nichols
1.05,Corey Peters
0.95,J.J. Watt
0.0,Chandler Jones
1.05,Zach Allen
1.95,Rashard Lawrence
1.8461538461538465,Corey Peters
2.0384615384615383,J.J. Watt
0.5,Chandler Jones
0.9615384615384616,Zach Allen
0.7307692307692307,Rashard Lawrence
1.3461538461538465,Corey Peters
1.5769230769230769,J.J. Watt
1.2307692307692308,Chandler Jones
1.9230769230769231,Zach Allen
0.75,Arik Armstead
2.0625,D.J. Jones
0.8125,Nick Bosa
1.25,Javon Kinlaw
0.8888888888888888,Arik Armstead
1.3888888888888888,D.J. Jones
1.1666666666666667,Nick Bosa
1.1111111111111112,Javon Kinlaw
1.2,Corey Peters
1.0,J.J. Watt
1.08,Chandler Jones
1.72,Zach Allen
1.0,Leki Fotu
2.0,Arik Armstead
0.8846153846153846,D.J. Jones
1.0,Nick Bosa
2.076923076923077,Javon Kinlaw
1.3076923076923077,Corey Peters
1.3846153846153846,J.J. Watt
0.5,Markus Golden
1.3076923076923077,Zach Allen
1.3076923076923077,Rashard Lawrence
1.3076923076923077,J.J. Watt
0.3076923076923077,Chandler Jones
0.8076923076923077,Budda Baker
2.076923076923077,Leki Fotu
1.6923076923076923,Rashard Lawrence
1.2857142857142858,Corey Peters
1.1428571428571428,J.J. Watt
0.4285714285714285,Chandler Jones
1.0,Zach Allen
1.1428571428571428,Rashard Lawrence
1.0555555555555556,Corey Peters
1.4444444444444444,J.J. Watt
0.5555555555555556,Chandler Jones
1.0,Markus Golden
0.8333333333333334,Isaiah Simmons
0.6923076923076923,Corey Peters
1.0769230769230769,J.J. Watt
1.0,Chandler Jones
0.3846153846153846,Markus Golden
1.8461538461538465,Leki Fotu
1.5,Rashard Lawrence
1.0,Arik Armstead
1.0,D.J. Jones
1.0,Nick Bosa
2.0,Javon Kinlaw
0.0,Dee Ford
2.0,Arik Armstead
2.0,Nick Bosa
1.0,Javon Kinlaw
0.1666666666666666,Dee Ford
0.875,Arik Armstead
2.1666666666666665,Emmanuel Moseley
1.1666666666666667,Nick Bosa
0.0,Azeez Al-Shaair
1.875,Javon Kinlaw
0.64,Arik Armstead
2.0,Kentavius Street
1.0,Nick Bosa
2.0,Javon Kinlaw
1.9090909090909092,Corey Peters
1.0,Markus Golden
0.8181818181818182,Zach Allen
2.0416666666666665,J.J. Watt
1.6666666666666667,Chandler Jones
0.8333333333333334,Markus Golden
0.6842105263157895,Samson Ebukam
1.3157894736842106,Arden Key
1.0,Kentavius Street
0.7368421052631579,Azeez Al-Shaair
1.263157894736842,Javon Kinlaw
0.9583333333333334,Samson Ebukam
0.875,Arden Key
1.0,Kentavius Street
2.0416666666666665,Javon Kinlaw
0.9615384615384616,Samson Ebukam
1.1923076923076923,Arden Key
1.0384615384615383,Kentavius Street
2.0,Javon Kinlaw
0.9615384615384616,Dee Ford
1.0,Arik Armstead
0.9615384615384616,Nick Bosa
1.9230769230769231,Javon Kinlaw
1.1538461538461535,Dee Ford
1.3461538461538465,Arik Armstead
1.7307692307692308,Samson Ebukam
0.7692307692307693,Nick Bosa
1.0,Dee Ford
1.36,Arik Armstead
1.0,Samson Ebukam
1.84,Nick Bosa
2.0,Corey Peters
1.2307692307692308,J.J. Watt
1.3846153846153846,Chandler Jones
2.0384615384615383,Zach Allen
1.0,J.J. Watt
2.0,Jordan Hicks
0.0714285714285714,Budda Baker
1.1428571428571428,Zach Allen
0.7857142857142857,Isaiah Simmons
1.619047619047619,J.J. Watt
0.3809523809523809,Chandler Jones
0.9047619047619048,Markus Golden
1.0,Dennis Gardeck
1.6470588235294117,J.J. Watt
0.2941176470588235,Markus Golden
1.1176470588235294,Jordan Hicks
2.0,Zach Allen
0.0,Jace Whittaker
1.2916666666666667,Corey Peters
1.5416666666666667,Jordan Hicks
0.8333333333333334,Dennis Gardeck
2.0,Leki Fotu
1.0769230769230769,Corey Peters
1.0,Devon Kennard
0.8461538461538461,Zach Allen
2.076923076923077,Leki Fotu
1.3461538461538465,J.J. Watt
0.6538461538461539,Chandler Jones
1.8076923076923077,Markus Golden
1.5,Dennis Gardeck
1.0,Dee Ford
1.0,Arik Armstead
1.0384615384615383,Nick Bosa
1.9615384615384617,Javon Kinlaw
1.1923076923076923,Dee Ford
0.6923076923076923,Arik Armstead
1.4230769230769231,Nick Bosa
2.076923076923077,Javon Kinlaw
0.6538461538461539,J.J. Watt
1.0,Markus Golden
1.9615384615384617,Zach Allen
1.6538461538461535,Rashard Lawrence
1.2307692307692308,J.J. Watt
0.8076923076923077,Chandler Jones
1.0,Zach Allen
2.0,Rashard Lawrence
1.0,Samson Ebukam
2.0,D.J. Jones
0.9523809523809524,Arden Key
1.0,Kentavius Street
1.0,Samson Ebukam
1.8076923076923077,D.J. Jones
1.0,Arden Key
1.0769230769230769,Kentavius Street
0.3181818181818182,Dee Ford
1.5454545454545454,Arik Armstead
1.818181818181818,Samson Ebukam
0.7272727272727273,Nick Bosa
0.5454545454545454,Talanoa Hufanga
1.6521739130434785,Corey Peters
0.9130434782608696,J.J. Watt
0.7391304347826086,Chandler Jones
1.2173913043478262,Zach Allen
1.4230769230769231,J.J. Watt
1.3846153846153846,Markus Golden
1.4230769230769231,Jordan Hicks
1.3076923076923077,Dennis Gardeck
0.2692307692307692,Jace Whittaker
1.6538461538461535,J.J. Watt
0.9615384615384616,Chandler Jones
0.9615384615384616,Jordan Hicks
1.3461538461538465,Rashard Lawrence
1.15,J.J. Watt
1.6,Chandler Jones
1.2,Markus Golden
1.0,Corey Peters
1.0,Leki Fotu
1.0,Zaven Collins
1.375,J.J. Watt
1.0,Chandler Jones
0.625,Markus Golden
1.6875,Zach Allen
0.0625,Isaiah Simmons
0.0,Jace Whittaker
2.9444444444444446,J.J. Watt
1.0,Chandler Jones
1.0,Zach Allen
0.7692307692307693,Dee Ford
1.2307692307692308,Arik Armstead
1.9230769230769231,Nick Bosa
1.1923076923076923,Javon Kinlaw
1.4230769230769231,J.J. Watt
1.3461538461538465,Chandler Jones
1.1153846153846154,Markus Golden
1.2307692307692308,Zach Allen
1.375,J.J. Watt
0.625,Chandler Jones
1.0,Markus Golden
1.875,Zach Allen
1.9565217391304348,J.J. Watt
0.782608695652174,Chandler Jones
0.8260869565217391,Markus Golden
1.173913043478261,Zach Allen
0.8571428571428571,J.J. Watt
1.0,Chandler Jones
0.4285714285714285,Markus Golden
1.8571428571428572,Zach Allen
0.0,Isaiah Simmons
0.5714285714285714,Jace Whittaker
1.9230769230769231,Samson Ebukam
1.3461538461538465,D.J. Jones
1.5769230769230769,Arden Key
1.6923076923076923,Maurice Hurst
1.0,Leonard Williams
0.1111111111111111,Reggie Ragland
2.0,Austin Johnson
2.0,Dexter Lawrence
0.0,Tae Crowder
0.0,Logan Ryan
1.0,Leonard Williams
2.4375,Dexter Lawrence
0.0,Julian Love
0.5625,Azeez Ojulari
1.0952380952380951,Brent Urban
1.6666666666666667,Randy Gregory
0.9047619047619048,Tarell Basham
1.2857142857142858,Osa Odighizuwa
1.64,Randy Gregory
1.0,Tarell Basham
1.64,Carlos Watkins
1.0,Osa Odighizuwa
0.9230769230769232,Randy Gregory
1.0384615384615383,Tarell Basham
2.1538461538461537,Osa Odighizuwa
0.6538461538461539,Chauncey Golston
1.3125,Leonard Williams
2.0,Austin Johnson
0.875,Oshane Ximines
0.6875,Azeez Ojulari
1.45,Leonard Williams
1.8,Austin Johnson
1.0,Lorenzo Carter
0.7,Oshane Ximines
1.6875,Brent Urban
0.3125,Tarell Basham
1.1875,Osa Odighizuwa
1.0,Chauncey Golston
0.9130434782608696,Randy Gregory
1.6521739130434785,Tarell Basham
1.2608695652173914,Osa Odighizuwa
0.8695652173913043,Chauncey Golston
1.5384615384615383,Austin Johnson
1.3461538461538465,Dexter Lawrence
0.6538461538461539,Oshane Ximines
1.3076923076923077,Raymond Johnson
2.3846153846153846,Leonard Williams
1.0769230769230769,Danny Shelton
0.5384615384615384,Reggie Ragland
0.0,Julian Love
1.6538461538461535,Quincy Roche
2.0384615384615383,Leonard Williams
0.8846153846153846,Lorenzo Carter
1.1923076923076923,Dexter Lawrence
0.7692307692307693,Oshane Ximines
0.8571428571428571,Randy Gregory
0.7619047619047619,Tarell Basham
0.6666666666666666,Micah Parsons
1.238095238095238,Osa Odighizuwa
1.0,Chauncey Golston
1.6666666666666667,Leonard Williams
1.0416666666666667,Lorenzo Carter
1.0833333333333333,Dexter Lawrence
0.75,Azeez Ojulari
1.434782608695652,Leonard Williams
1.0,Lorenzo Carter
1.2608695652173914,Dexter Lawrence
0.6086956521739131,Tae Crowder
1.0869565217391304,Azeez Ojulari
2.3043478260869565,Randy Gregory
1.826086956521739,Tarell Basham
0.1304347826086956,Micah Parsons
0.8260869565217391,Osa Odighizuwa
0.217391304347826,Chauncey Golston
1.761904761904762,Carlos Watkins
1.0,Bradlee Anae
1.5714285714285714,Chauncey Golston
2.0,Quinton Bohanna
1.05,Randy Gregory
0.0,Tarell Basham
1.6,Osa Odighizuwa
2.0,Chauncey Golston
1.0,Leonard Williams
1.4666666666666666,Austin Johnson
0.0,Lorenzo Carter
1.6666666666666667,Dexter Lawrence
2.0,Leonard Williams
0.7619047619047619,Oshane Ximines
1.0,Azeez Ojulari
1.238095238095238,Raymond Johnson
2.1333333333333333,Brent Urban
1.0,Randy Gregory
0.7333333333333333,Tarell Basham
1.1333333333333333,Carlos Watkins
1.04,Randy Gregory
2.0,Tarell Basham
1.0,Micah Parsons
0.96,Osa Odighizuwa
1.1,Randy Gregory
1.2,Tarell Basham
0.25,Micah Parsons
1.95,Osa Odighizuwa
1.0,Chauncey Golston
1.7272727272727273,Leonard Williams
0.8636363636363636,Lorenzo Carter
1.1363636363636365,Carter Coughlin
0.7727272727272727,Azeez Ojulari
1.434782608695652,Leonard Williams
1.0,Lorenzo Carter
1.0,Carter Coughlin
0.3043478260869565,Tae Crowder
0.9565217391304348,Azeez Ojulari
1.2307692307692308,Leonard Williams
1.5384615384615383,Danny Shelton
1.3461538461538465,Austin Johnson
0.0,Julian Love
1.0,Leonard Williams
1.0,Danny Shelton
2.0,Austin Johnson
1.2692307692307692,Leonard Williams
1.4615384615384617,Danny Shelton
1.3846153846153846,Austin Johnson
0.9230769230769232,Lorenzo Carter
1.0,Leonard Williams
1.9,Danny Shelton
1.05,Austin Johnson
1.0,Lorenzo Carter
1.2083333333333333,Leonard Williams
0.9583333333333334,Lorenzo Carter
1.5416666666666667,Dexter Lawrence
0.25,Tae Crowder
0.875,Azeez Ojulari
1.1153846153846154,Leonard Williams
1.0,Reggie Ragland
1.1538461538461535,Austin Johnson
2.1923076923076925,Dexter Lawrence
0.4615384615384615,Tae Crowder
1.8461538461538465,Leonard Williams
0.5,Lorenzo Carter
0.8846153846153846,Azeez Ojulari
2.0,Danny Shelton
2.1052631578947367,Austin Johnson
1.0,Lorenzo Carter
0.5789473684210527,Raymond Johnson
0.0,Logan Ryan
1.6521739130434785,Leonard Williams
1.434782608695652,Dexter Lawrence
2.0,Oshane Ximines
0.5217391304347826,Xavier McKinney
0.782608695652174,Azeez Ojulari
1.565217391304348,Leonard Williams
2.0,Dexter Lawrence
1.0869565217391304,Oshane Ximines
1.3478260869565215,Azeez Ojulari
1.0,Brent Urban
2.076923076923077,Carlos Watkins
0.9230769230769232,Bradlee Anae
2.0,Chauncey Golston
2.55,Leonard Williams
0.9,Dexter Lawrence
0.75,Azeez Ojulari
1.2692307692307692,Danny Shelton
1.7307692307692308,Austin Johnson
0.6538461538461539,Oshane Ximines
0.7307692307692307,Quincy Roche
1.7058823529411764,Leonard Williams
1.2352941176470589,Lorenzo Carter
1.0588235294117647,Oshane Ximines
1.0,Randy Gregory
0.8235294117647058,Tarell Basham
1.411764705882353,Carlos Watkins
1.0,Osa Odighizuwa
1.4090909090909092,Brent Urban
2.5,Randy Gregory
0.8636363636363636,Tarell Basham
2.0,Carlos Watkins
0.7307692307692307,Brent Urban
1.7307692307692308,Randy Gregory
0.8846153846153846,Tarell Basham
1.2307692307692308,Osa Odighizuwa
0.1153846153846153,Logan Ryan
0.6923076923076923,Leonard Williams
1.3461538461538465,Austin Johnson
2.076923076923077,Dexter Lawrence
0.7692307692307693,Quincy Roche
1.3478260869565215,Danny Shelton
0.9565217391304348,Lorenzo Carter
0.782608695652174,Dexter Lawrence
1.0,Oshane Ximines
1.434782608695652,Raymond Johnson
2.0,Brent Urban
1.0,Randy Gregory
0.6153846153846154,Jayron Kearse
1.1153846153846154,Tarell Basham
0.8846153846153846,Osa Odighizuwa
1.0588235294117647,Brent Urban
0.9411764705882352,Randy Gregory
0.3529411764705882,Tarell Basham
1.7058823529411764,Osa Odighizuwa
2.0,Carlos Watkins
0.9047619047619048,Bradlee Anae
0.5238095238095238,Chauncey Golston
1.0476190476190477,Quinton Bohanna
1.0714285714285714,Carlos Watkins
1.0,Bradlee Anae
0.7142857142857143,Micah Parsons
0.7857142857142857,Chauncey Golston
1.2142857142857142,Quinton Bohanna
1.7142857142857142,Randy Gregory
2.0,Tarell Basham
0.3809523809523809,Carlos Watkins
1.238095238095238,Osa Odighizuwa
1.0,Randy Gregory
1.9565217391304348,Tarell Basham
1.0,Osa Odighizuwa
0.9130434782608696,Chauncey Golston
0.4444444444444444,Tarell Basham
1.0,Bradlee Anae
1.0,Osa Odighizuwa
2.0,Chauncey Golston
1.4545454545454546,Carlos Watkins
0.9545454545454546,Bradlee Anae
0.8181818181818182,Chauncey Golston
1.4090909090909092,Quinton Bohanna
1.2307692307692308,Carlos Watkins
0.8846153846153846,Leighton Vander Esch
0.7692307692307693,Bradlee Anae
1.1153846153846154,Chauncey Golston
1.0,Quinton Bohanna
1.0,Brent Urban
0.8947368421052632,Randy Gregory
1.368421052631579,Tarell Basham
1.0,Carlos Watkins
1.0526315789473684,Leighton Vander Esch
1.0909090909090908,Brent Urban
0.0,Randy Gregory
1.0,Tarell Basham
2.0,Leighton Vander Esch
0.9090909090909092,Micah Parsons
0.3333333333333333,Logan Ryan
0.9333333333333332,Leonard Williams
1.0,Danny Shelton
2.533333333333333,Austin Johnson
0.0,Oshane Ximines
1.0,Quincy Roche
0.5909090909090909,Randy Gregory
0.2272727272727272,Keanu Neal
1.5,Tarell Basham
0.9545454545454546,Micah Parsons
1.4090909090909092,Osa Odighizuwa
1.25,Randy Gregory
1.05,Tarell Basham
0.9,Micah Parsons
1.3,Osa Odighizuwa
0.9,Randy Gregory
0.25,Keanu Neal
1.75,Tarell Basham
0.7,Micah Parsons
1.1,Osa Odighizuwa
1.35,Star Lotulelei
1.6,Ed Oliver
0.65,Gregory Rousseau
1.7307692307692308,Jerry Hughes
2.0,Star Lotulelei
1.5384615384615383,Ed Oliver
1.0,Gregory Rousseau
0.7894736842105263,Jerry Hughes
1.0,Mario Addison
1.368421052631579,Star Lotulelei
1.631578947368421,Ed Oliver
0.7307692307692307,Jerry Hughes
0.8076923076923077,Mario Addison
1.8076923076923077,Efe Obada
1.5384615384615383,Justin Zimmer
0.9583333333333334,Jerry Hughes
1.0,Mario Addison
1.0,Efe Obada
1.6666666666666667,Justin Zimmer
1.4615384615384617,Star Lotulelei
1.8461538461538465,Ed Oliver
1.8461538461538465,A.J. Epenesa
1.5384615384615383,Carlos Basham
0.6428571428571429,Jerry Hughes
1.0,Mario Addison
1.5,Justin Zimmer
1.5,Ed Oliver
0.7368421052631579,Jerry Hughes
1.0,Mario Addison
1.3157894736842106,Justin Zimmer
1.9473684210526316,Ed Oliver
1.0,Efe Obada
1.5384615384615383,Ed Oliver
1.3076923076923077,A.J. Epenesa
0.9230769230769232,Gregory Rousseau
1.1153846153846154,Frank Clark
1.0769230769230769,Jarran Reed
1.4230769230769231,Derrick Nnadi
0.9230769230769232,Michael Danna
0.9545454545454546,Frank Clark
1.6363636363636365,Jarran Reed
1.181818181818182,Michael Danna
0.7727272727272727,Tershawn Wharton
1.4090909090909092,Frank Clark
1.0,Jarran Reed
1.4090909090909092,Khalen Saunders
1.0,Michael Danna
1.3076923076923077,Jarran Reed
1.1153846153846154,Ben Niemann
0.5769230769230769,L'Jarius Sneed
0.8076923076923077,Michael Danna
0.3846153846153846,Tershawn Wharton
0.7916666666666666,Jerry Hughes
1.0,Mario Addison
1.7083333333333333,Star Lotulelei
1.2083333333333333,Justin Zimmer
1.0,Jerry Hughes
0.875,Mario Addison
1.125,Efe Obada
1.5416666666666667,Ed Oliver
0.8846153846153846,Jerry Hughes
1.0,Mario Addison
1.2692307692307692,Star Lotulelei
1.8461538461538465,Justin Zimmer
0.8695652173913043,Jerry Hughes
1.0,Mario Addison
1.5217391304347827,Star Lotulelei
1.608695652173913,Justin Zimmer
1.3461538461538465,Efe Obada
1.8076923076923077,Ed Oliver
0.7692307692307693,Gregory Rousseau
1.0,Carlos Basham
1.0,Alex Okafor
1.6153846153846154,Jarran Reed
1.2692307692307692,Derrick Nnadi
1.5769230769230769,Demone Harris
0.9615384615384616,Alex Okafor
1.5,Jarran Reed
1.0384615384615383,Derrick Nnadi
1.3076923076923077,Demone Harris
1.0,Alex Okafor
1.1153846153846154,Jarran Reed
1.3076923076923077,Derrick Nnadi
1.2692307692307692,Demone Harris
1.3461538461538465,Alex Okafor
1.2307692307692308,Derrick Nnadi
1.0,Demone Harris
1.3461538461538465,Khalen Saunders
2.0,Frank Clark
2.0,Jarran Reed
1.9615384615384617,Michael Danna
1.0,Tershawn Wharton
0.0,Nick Bolton
1.2307692307692308,Frank Clark
1.1923076923076923,Michael Danna
2.1538461538461537,Tershawn Wharton
1.3846153846153846,Frank Clark
1.5384615384615383,Jarran Reed
1.0,Michael Danna
1.0769230769230769,Tershawn Wharton
0.9230769230769232,Frank Clark
1.2692307692307692,Jarran Reed
0.9615384615384616,Michael Danna
1.1153846153846154,Tershawn Wharton
1.1923076923076923,Jerry Hughes
1.0,Mario Addison
1.8461538461538465,Star Lotulelei
1.1923076923076923,Ed Oliver
0.6428571428571429,Jerry Hughes
1.0,Mario Addison
2.0,Star Lotulelei
1.3571428571428572,Ed Oliver
1.0,Jerry Hughes
0.9444444444444444,Mario Addison
1.5555555555555556,Star Lotulelei
1.0555555555555556,Ed Oliver
0.6923076923076923,Jerry Hughes
1.5,Mario Addison
1.8461538461538465,Efe Obada
1.2307692307692308,Ed Oliver
1.8076923076923077,Jerry Hughes
1.0,Efe Obada
2.076923076923077,Carlos Basham
1.0,Frank Clark
1.1538461538461535,Jarran Reed
1.0,Tershawn Wharton
0.6538461538461539,Jerry Hughes
1.2307692307692308,Mario Addison
1.8846153846153848,Star Lotulelei
1.0,Ed Oliver
0.7619047619047619,Jerry Hughes
0.9523809523809524,Mario Addison
1.4285714285714286,Star Lotulelei
1.0476190476190477,Ed Oliver
1.3043478260869563,Efe Obada
0.9130434782608696,A.J. Epenesa
0.8260869565217391,Gregory Rousseau
1.1304347826086956,Carlos Basham
0.5833333333333334,Jerry Hughes
1.2916666666666667,Mario Addison
1.4166666666666667,Efe Obada
1.75,Ed Oliver
0.8888888888888888,Jerry Hughes
0.3333333333333333,Mario Addison
1.6666666666666667,Efe Obada
1.6111111111111112,Ed Oliver
0.7142857142857143,Jerry Hughes
0.5714285714285714,Mario Addison
1.8571428571428572,Star Lotulelei
1.4285714285714286,Ed Oliver
0.85,Frank Clark
1.95,Jarran Reed
1.1,Derrick Nnadi
0.95,Michael Danna
1.0,Jerry Hughes
1.25,Star Lotulelei
1.35,Ed Oliver
0.7,Gregory Rousseau
1.0,Jerry Hughes
2.0,Star Lotulelei
1.0,Ed Oliver
0.8666666666666667,Gregory Rousseau
0.8846153846153846,Jerry Hughes
0.9230769230769232,Mario Addison
1.8846153846153848,Efe Obada
1.1153846153846154,Justin Zimmer
1.3846153846153846,Alex Okafor
1.0,Frank Clark
1.1538461538461535,Khalen Saunders
1.8846153846153848,Tershawn Wharton
1.2307692307692308,Alex Okafor
1.0,Frank Clark
1.2307692307692308,Khalen Saunders
1.6538461538461535,Tershawn Wharton
0.7647058823529411,Tyrann Mathieu
0.0,Daniel Sorensen
1.0588235294117647,Frank Clark
1.0,Jarran Reed
1.0,Michael Danna
1.2352941176470589,Tershawn Wharton
2.0,Star Lotulelei
1.7307692307692308,Justin Zimmer
1.0,A.J. Epenesa
1.6538461538461535,Carlos Basham
1.125,Star Lotulelei
2.0,Justin Zimmer
1.0,A.J. Epenesa
0.875,Carlos Basham
0.9583333333333334,Jerry Hughes
1.0416666666666667,Efe Obada
1.2916666666666667,Ed Oliver
0.875,Carlos Basham
1.75,Justin Zimmer
2.0,Ed Oliver
0.5,A.J. Epenesa
0.25,Gregory Rousseau
1.7894736842105263,Justin Zimmer
1.368421052631579,Ed Oliver
0.9473684210526316,A.J. Epenesa
0.6842105263157895,Gregory Rousseau
0.8846153846153846,Jerry Hughes
1.6153846153846154,Star Lotulelei
1.3846153846153846,Ed Oliver
1.2692307692307692,Gregory Rousseau
1.0,Jerry Hughes
1.9565217391304348,Star Lotulelei
1.0434782608695652,Ed Oliver
0.9130434782608696,Gregory Rousseau
1.0,Alex Okafor
0.9583333333333334,Daniel Sorensen
0.9166666666666666,Frank Clark
0.125,Ben Niemann
1.125,Michael Danna
1.0,Tershawn Wharton
1.24,Efe Obada
1.44,Justin Zimmer
1.72,A.J. Epenesa
0.76,Carlos Basham
1.2,Efe Obada
1.05,Justin Zimmer
1.0,A.J. Epenesa
0.85,Carlos Basham
1.0,Efe Obada
1.9333333333333331,Justin Zimmer
1.0,A.J. Epenesa
0.8666666666666667,Carlos Basham
1.3846153846153846,Jerry Hughes
1.4615384615384617,Star Lotulelei
1.1153846153846154,Ed Oliver
0.7692307692307693,Gregory Rousseau
0.75,Alex Okafor
1.0,Daniel Sorensen
0.9375,Frank Clark
1.1875,Ben Niemann
1.0,Michael Danna
0.625,Tershawn Wharton
0.4230769230769231,Anthony Hitchens
2.3076923076923075,Derrick Nnadi
1.0,Khalen Saunders
0.9615384615384616,Willie Gay
0.8461538461538461,Michael Danna
0.2727272727272727,Tyrann Mathieu
1.0,Frank Clark
0.8181818181818182,Derrick Nnadi
1.5454545454545454,Khalen Saunders
1.0909090909090908,Michael Danna
0.1818181818181818,Nick Bolton
0.7307692307692307,Frank Clark
1.1538461538461535,Derrick Nnadi
1.0384615384615383,Khalen Saunders
0.8846153846153846,Michael Danna
0.7692307692307693,Nick Bolton
1.1538461538461535,Jerry Hughes
1.0,Efe Obada
1.2692307692307692,Ed Oliver
1.7307692307692308,A.J. Epenesa
0.6666666666666666,Jerry Hughes
1.2222222222222223,Efe Obada
1.3888888888888888,Ed Oliver
0.7777777777777778,A.J. Epenesa
1.0,Jerry Hughes
1.0526315789473684,Efe Obada
1.5263157894736843,Justin Zimmer
0.9473684210526316,A.J. Epenesa
0.0666666666666666,Jerry Hughes
1.2666666666666666,Efe Obada
2.066666666666667,Justin Zimmer
0.7333333333333333,A.J. Epenesa
0.8076923076923077,Jerry Hughes
0.6153846153846154,Efe Obada
1.4230769230769231,Justin Zimmer
1.0,A.J. Epenesa
1.125,Star Lotulelei
1.0833333333333333,Justin Zimmer
0.875,Gregory Rousseau
1.6666666666666667,Carlos Basham
1.5,Star Lotulelei
1.6666666666666667,Efe Obada
0.5,Gregory Rousseau
0.6666666666666666,Carlos Basham
1.3846153846153846,Jerry Hughes
1.3846153846153846,Star Lotulelei
2.0,Ed Oliver
0.0,Carlos Basham
1.4285714285714286,DeForest Buckner
2.238095238095238,Grover Stewart
0.2857142857142857,Al-Quadin Muhammad
1.0,Tyquan Lewis
1.8846153846153848,DeForest Buckner
1.0,Al-Quadin Muhammad
0.8461538461538461,Tyquan Lewis
1.4736842105263157,DeForest Buckner
0.5263157894736842,Al-Quadin Muhammad
1.0,Kemoko Turay
2.0,Tyquan Lewis
1.8846153846153848,Calais Campbell
1.1153846153846154,Justin Houston
1.0,Brandon Williams
0.0769230769230769,Justin Madubuike
1.1176470588235294,Calais Campbell
0.5294117647058824,Justin Houston
1.1176470588235294,Brandon Williams
0.8823529411764706,Odafe Oweh
1.8823529411764703,DeForest Buckner
1.1764705882352942,Grover Stewart
1.411764705882353,Al-Quadin Muhammad
0.8235294117647058,Tyquan Lewis
1.8888888888888888,DeForest Buckner
1.0,Al-Quadin Muhammad
0.8888888888888888,Kemoko Turay
1.1111111111111112,Tyquan Lewis
1.0,Calais Campbell
0.7916666666666666,Justin Houston
1.4166666666666667,Brandon Williams
1.125,Justin Madubuike
1.5833333333333333,Calais Campbell
1.5833333333333333,Brandon Williams
0.2916666666666667,Justin Madubuike
1.125,Odafe Oweh
0.8333333333333334,Pernell McPhee
1.1111111111111112,Brandon Williams
1.0555555555555556,Broderick Washington
1.2222222222222223,Odafe Oweh
1.5384615384615383,DeForest Buckner
1.6538461538461535,Al-Quadin Muhammad
0.7692307692307693,Tyquan Lewis
1.1153846153846154,Taylor Stallworth
2.16,Calais Campbell
1.6,Pernell McPhee
0.84,Brandon Stephens
0.3846153846153846,Calais Campbell
2.1923076923076925,Brandon Williams
1.4615384615384617,Tyus Bowser
1.1538461538461535,Odafe Oweh
0.625,Calais Campbell
1.4166666666666667,Justin Houston
0.0,Tavon Young
0.5416666666666666,Justin Madubuike
1.9166666666666667,Odafe Oweh
1.1538461538461535,DeForest Buckner
1.2692307692307692,Grover Stewart
0.8461538461538461,Al-Quadin Muhammad
1.0,Kemoko Turay
1.1428571428571428,DeForest Buckner
1.5714285714285714,Grover Stewart
0.8571428571428571,Al-Quadin Muhammad
1.0,Kemoko Turay
1.3333333333333333,Grover Stewart
0.3809523809523809,Al-Quadin Muhammad
1.1428571428571428,Zaire Franklin
0.6666666666666666,Bobby Okereke
1.238095238095238,Chris Williams
1.1,DeForest Buckner
1.2,Grover Stewart
0.3,Kenny Moore
0.0,Shaquille Leonard
1.8076923076923077,DeForest Buckner
0.8846153846153846,Grover Stewart
1.0,Al-Quadin Muhammad
1.3076923076923077,Tyquan Lewis
1.0,DeForest Buckner
1.608695652173913,Grover Stewart
1.0,Al-Quadin Muhammad
1.3478260869565215,Tyquan Lewis
1.6538461538461535,DeForest Buckner
1.7307692307692308,Grover Stewart
1.0,Al-Quadin Muhammad
0.8461538461538461,Tyquan Lewis
1.3529411764705883,Calais Campbell
1.4705882352941178,Pernell McPhee
0.0,Chuck Clark
0.8235294117647058,Odafe Oweh
0.2941176470588235,Brandon Stephens
2.1538461538461537,Calais Campbell
0.6923076923076923,Justin Houston
1.0,Pernell McPhee
0.0,Odafe Oweh
1.0,Calais Campbell
1.0,Justin Houston
1.5454545454545454,Brandon Williams
0.5,Tyus Bowser
1.318181818181818,Odafe Oweh
1.7142857142857142,Calais Campbell
1.1428571428571428,Brandon Williams
0.0714285714285714,Chuck Clark
1.0,Odafe Oweh
0.2142857142857142,Brandon Stephens
0.9166666666666666,Calais Campbell
0.5833333333333334,Justin Houston
1.75,Pernell McPhee
0.0,Tyus Bowser
0.5833333333333334,Odafe Oweh
0.0833333333333333,Brandon Stephens
1.15,Calais Campbell
0.85,Justin Houston
1.65,Pernell McPhee
0.45,Tyus Bowser
0.9,Odafe Oweh
1.6923076923076923,Calais Campbell
0.9230769230769232,Justin Houston
0.0,Brandon Williams
0.8846153846153846,Patrick Queen
2.0,Justin Madubuike
1.4615384615384617,Calais Campbell
1.0,Justin Houston
1.3846153846153846,Pernell McPhee
0.1538461538461538,Brandon Williams
0.5,Chuck Clark
0.1538461538461538,Patrick Queen
0.3461538461538461,Malik Harrison
1.2307692307692308,DeForest Buckner
1.5,Grover Stewart
1.0384615384615383,Al-Quadin Muhammad
1.2307692307692308,Tyquan Lewis
2.0,DeForest Buckner
0.9166666666666666,Al-Quadin Muhammad
0.0,Kemoko Turay
1.25,Tyquan Lewis
0.75,Bobby Okereke
1.0769230769230769,DeForest Buckner
2.269230769230769,Grover Stewart
0.9230769230769232,Al-Quadin Muhammad
0.6538461538461539,Tyquan Lewis
1.8461538461538465,DeForest Buckner
2.076923076923077,Al-Quadin Muhammad
1.0,Tyquan Lewis
1.9230769230769231,DeForest Buckner
1.0769230769230769,Grover Stewart
0.6153846153846154,Kenny Moore
0.4615384615384615,Shaquille Leonard
1.3846153846153846,Kemoko Turay
1.0,Al-Quadin Muhammad
2.142857142857143,Taylor Stallworth
0.5,Ben Banogu
1.7142857142857142,Chris Williams
1.7826086956521738,DeForest Buckner
1.5217391304347827,Grover Stewart
0.6521739130434783,Shaquille Leonard
0.6956521739130435,Kemoko Turay
1.0,Tyquan Lewis
1.6153846153846154,DeForest Buckner
0.5384615384615384,Grover Stewart
1.8461538461538465,Kemoko Turay
1.0,Tyquan Lewis
1.7222222222222223,DeForest Buckner
1.7222222222222223,Grover Stewart
0.3888888888888889,Kenny Moore
0.4444444444444444,Shaquille Leonard
1.875,DeForest Buckner
0.4166666666666667,Kenny Moore
0.5833333333333334,Shaquille Leonard
1.3333333333333333,Tyquan Lewis
0.8571428571428571,Calais Campbell
1.0476190476190477,Justin Houston
1.0952380952380951,Brandon Williams
0.8095238095238095,Tyus Bowser
1.9285714285714288,Grover Stewart
0.6428571428571429,Al-Quadin Muhammad
1.0,Kemoko Turay
1.2142857142857142,Taylor Stallworth
1.0,Grover Stewart
1.0,Al-Quadin Muhammad
1.0769230769230769,Kemoko Turay
1.5384615384615383,Taylor Stallworth
1.1923076923076923,DeForest Buckner
0.8076923076923077,Tyquan Lewis
1.2307692307692308,Ben Banogu
1.5769230769230769,Chris Williams
2.0,Calais Campbell
0.1923076923076923,Brandon Williams
0.6923076923076923,Tyus Bowser
0.9615384615384616,Odafe Oweh
1.3333333333333333,Justin Ellis
0.7333333333333333,Tyus Bowser
0.9333333333333332,Justin Madubuike
0.9333333333333332,Odafe Oweh
1.0,Calais Campbell
1.0,Justin Houston
1.0,Pernell McPhee
0.0,Tyus Bowser
1.0833333333333333,Odafe Oweh
0.9615384615384616,DeForest Buckner
0.8846153846153846,Al-Quadin Muhammad
0.6923076923076923,Kemoko Turay
2.076923076923077,Tyquan Lewis
1.9583333333333333,DeForest Buckner
0.7083333333333334,Al-Quadin Muhammad
0.625,Kemoko Turay
1.7083333333333333,Tyquan Lewis
1.368421052631579,DeForest Buckner
0.7894736842105263,Al-Quadin Muhammad
1.2105263157894737,Shaquille Leonard
1.0,Kemoko Turay
0.3157894736842105,Anthony Chesley
1.4285714285714286,DeForest Buckner
1.0,Al-Quadin Muhammad
0.0,Shaquille Leonard
0.0,Kemoko Turay
2.0,Tyquan Lewis
1.5,DeForest Buckner
0.5,Al-Quadin Muhammad
0.7272727272727273,Kemoko Turay
1.4090909090909092,Tyquan Lewis
0.3181818181818182,Anthony Chesley
2.0384615384615383,Brandon Williams
0.0384615384615384,Chris Board
1.6923076923076923,Justin Madubuike
0.9615384615384616,Odafe Oweh
1.6153846153846154,DeForest Buckner
0.9615384615384616,Al-Quadin Muhammad
1.1538461538461535,Tyquan Lewis
0.6153846153846154,Ben Banogu
1.6,DeForest Buckner
1.2,Al-Quadin Muhammad
0.5333333333333333,Kenny Moore
1.3333333333333333,Tyquan Lewis
1.318181818181818,DeForest Buckner
0.6818181818181818,Al-Quadin Muhammad
2.0454545454545454,Tyquan Lewis
0.6818181818181818,Ben Banogu
1.375,DeForest Buckner
0.125,Kemoko Turay
1.625,Tyquan Lewis
0.7916666666666666,Ben Banogu
1.8846153846153848,DeForest Buckner
0.8076923076923077,Kemoko Turay
1.3076923076923077,Tyquan Lewis
0.6153846153846154,Ben Banogu
1.2142857142857142,Grover Stewart
0.5714285714285714,Al-Quadin Muhammad
0.6428571428571429,Kemoko Turay
1.2857142857142858,Chris Williams
1.0769230769230769,Grover Stewart
0.8846153846153846,Al-Quadin Muhammad
0.8076923076923077,Kemoko Turay
1.7307692307692308,Chris Williams
1.1923076923076923,DeForest Buckner
0.8076923076923077,Al-Quadin Muhammad
1.4230769230769231,Kemoko Turay
1.5769230769230769,Chris Williams
2.0,DeForest Buckner
1.0,Grover Stewart
0.2,Al-Quadin Muhammad
1.44,Tyquan Lewis
1.2692307692307692,DeForest Buckner
1.4615384615384617,Grover Stewart
0.8461538461538461,Al-Quadin Muhammad
0.8076923076923077,Tyquan Lewis
1.1923076923076923,Calais Campbell
1.3846153846153846,Justin Houston
1.4230769230769231,Pernell McPhee
1.5384615384615383,Odafe Oweh
2.48,Calais Campbell
1.36,Tyus Bowser
0.52,Patrick Queen
0.92,Odafe Oweh
1.7692307692307692,DeForest Buckner
1.3846153846153846,Al-Quadin Muhammad
0.6538461538461539,Tyquan Lewis
1.5333333333333334,DeForest Buckner
2.0,Grover Stewart
0.2666666666666666,Shaquille Leonard
1.0,Tyquan Lewis
1.4285714285714286,DeForest Buckner
2.0,Grover Stewart
0.5714285714285714,Kemoko Turay
0.9047619047619048,Ben Banogu
1.9130434782608696,DeForest Buckner
1.173913043478261,Grover Stewart
0.0869565217391304,Shaquille Leonard
1.6521739130434785,Kemoko Turay
0.9130434782608696,Ben Banogu
1.75,DeForest Buckner
1.625,Grover Stewart
0.0,Kenny Moore
0.625,Shaquille Leonard
1.2272727272727273,DeForest Buckner
0.5909090909090909,Al-Quadin Muhammad
0.7727272727272727,Tyquan Lewis
2.0,Taylor Stallworth
1.0,Fletcher Cox
1.7692307692307692,Javon Hargrave
1.2307692307692308,Derek Barnett
0.6923076923076923,Josh Sweat
1.1153846153846154,Fletcher Cox
1.1153846153846154,Javon Hargrave
0.8846153846153846,Derek Barnett
1.5769230769230769,Josh Sweat
1.0,Fletcher Cox
1.588235294117647,Javon Hargrave
1.2941176470588236,Josh Sweat
0.8235294117647058,Genard Avery
1.0,Fletcher Cox
1.0476190476190477,Javon Hargrave
0.7142857142857143,Derek Barnett
1.9523809523809523,Josh Sweat
1.0384615384615383,Ndamukong Suh
1.0,Jason Pierre-Paul
0.9615384615384616,Shaquil Barrett
2.0,Vita Vea
1.75,Ndamukong Suh
0.875,Jason Pierre-Paul
1.0,Shaquil Barrett
1.7,Ndamukong Suh
0.95,Jason Pierre-Paul
0.9,Shaquil Barrett
1.1,Vita Vea
0.7391304347826086,Ndamukong Suh
1.0,Jason Pierre-Paul
1.0,Shaquil Barrett
0.4347826086956521,Devin White
1.4782608695652173,Joe Tryon
2.0,Fletcher Cox
1.4,Javon Hargrave
1.6,Derek Barnett
0.9,Josh Sweat
2.142857142857143,Fletcher Cox
1.3571428571428572,Javon Hargrave
0.6428571428571429,Derek Barnett
0.7857142857142857,Josh Sweat
1.1578947368421053,Ryan Kerrigan
1.0526315789473684,Fletcher Cox
1.0,Javon Hargrave
0.8421052631578947,Derek Barnett
1.8846153846153848,Hassan Ridgeway
0.7692307692307693,Derek Barnett
1.0,Josh Sweat
1.2307692307692308,Milton Williams
1.75,Steve McLendon
0.5,Kevin Minter
0.0,Shaquil Barrett
2.5,Rakeem Nunez-Roches
1.0,Steve McLendon
0.5384615384615384,Jason Pierre-Paul
1.4615384615384617,Kevin Minter
0.0,Shaquil Barrett
1.5384615384615383,Rakeem Nunez-Roches
1.5333333333333334,Fletcher Cox
0.0,
1.2,Javon Hargrave
0.7333333333333333,Eric Wilson
1.8666666666666667,Josh Sweat
1.35,Ndamukong Suh
0.65,Jason Pierre-Paul
0.95,Shaquil Barrett
2.0,Vita Vea
1.0869565217391304,Fletcher Cox
2.0434782608695654,Javon Hargrave
0.6956521739130435,Derek Barnett
0.9130434782608696,Josh Sweat
0.4615384615384615,Jason Pierre-Paul
1.5384615384615383,William Gholston
1.9230769230769231,Rakeem Nunez-Roches
1.0384615384615383,Joe Tryon
0.8846153846153846,Jason Pierre-Paul
1.1153846153846154,William Gholston
1.0769230769230769,Rakeem Nunez-Roches
1.7692307692307692,Joe Tryon
1.8461538461538465,Fletcher Cox
0.8461538461538461,Javon Hargrave
0.5384615384615384,Derek Barnett
1.1923076923076923,Josh Sweat
1.1875,Fletcher Cox
1.75,Javon Hargrave
1.0625,Derek Barnett
0.8125,Josh Sweat
0.6923076923076923,Ryan Kerrigan
1.0769230769230769,Javon Hargrave
1.0,Genard Avery
2.1538461538461537,Milton Williams
1.0,Tarron Jackson
1.2352941176470589,Fletcher Cox
1.5294117647058822,Hassan Ridgeway
1.4705882352941178,Derek Barnett
0.7647058823529411,Josh Sweat
1.1923076923076923,Ndamukong Suh
0.7692307692307693,Jason Pierre-Paul
1.0,Shaquil Barrett
2.0,Vita Vea
1.0,Ndamukong Suh
1.0,Jason Pierre-Paul
0.0,Shaquil Barrett
2.0,Vita Vea
1.0769230769230769,Ndamukong Suh
0.8461538461538461,Jason Pierre-Paul
2.1153846153846154,William Gholston
0.8846153846153846,Anthony Nelson
2.076923076923077,Fletcher Cox
1.0,Javon Hargrave
0.9230769230769232,Derek Barnett
0.6923076923076923,Josh Sweat
1.4583333333333333,Fletcher Cox
1.25,Javon Hargrave
1.7083333333333333,Derek Barnett
0.5416666666666666,Josh Sweat
1.4615384615384617,Fletcher Cox
1.3846153846153846,Javon Hargrave
1.2307692307692308,Derek Barnett
1.3846153846153846,Josh Sweat
1.3478260869565215,Ndamukong Suh
1.4782608695652173,Jason Pierre-Paul
0.8695652173913043,Shaquil Barrett
1.2692307692307692,Ndamukong Suh
0.7307692307692307,Jason Pierre-Paul
0.9230769230769232,Shaquil Barrett
1.1153846153846154,Ndamukong Suh
1.5,Jason Pierre-Paul
1.5384615384615383,Shaquil Barrett
1.4166666666666667,Ndamukong Suh
0.7916666666666666,Jason Pierre-Paul
1.0,Shaquil Barrett
1.4166666666666667,Vita Vea
1.2,Fletcher Cox
1.2,Javon Hargrave
0.8,Derek Barnett
1.8,Josh Sweat
1.05,Fletcher Cox
2.2,Javon Hargrave
0.75,Derek Barnett
0.8,Josh Sweat
1.4444444444444444,Fletcher Cox
1.4444444444444444,Javon Hargrave
0.7777777777777778,Derek Barnett
0.8333333333333334,Josh Sweat
0.5,Ryan Kerrigan
2.1875,Fletcher Cox
1.125,Javon Hargrave
1.1875,Tarron Jackson
1.0769230769230769,Steve McLendon
1.8846153846153848,William Gholston
0.8461538461538461,Anthony Nelson
1.0,Joe Tryon
0.9615384615384616,Steve McLendon
2.1923076923076925,Jason Pierre-Paul
1.0,William Gholston
1.0,Shaquil Barrett
0.6923076923076923,Devin White
1.24,Ndamukong Suh
1.84,Jason Pierre-Paul
0.76,Shaquil Barrett
1.0,Vita Vea
1.15,Fletcher Cox
0.65,Javon Hargrave
0.85,Derek Barnett
1.1,Josh Sweat
0.9,Genard Avery
1.0869565217391304,Fletcher Cox
1.4782608695652173,Javon Hargrave
0.9565217391304348,Derek Barnett
0.9130434782608696,Josh Sweat
2.8421052631578947,Ndamukong Suh
1.0526315789473684,Shaquil Barrett
1.1578947368421053,Vita Vea
0.3684210526315789,Devin White
2.16,Ndamukong Suh
1.24,Jason Pierre-Paul
1.0,Shaquil Barrett
1.04,Vita Vea
0.48,Jordan Whitehead
1.4615384615384617,Ndamukong Suh
1.1923076923076923,Jason Pierre-Paul
1.0,Shaquil Barrett
1.2692307692307692,Vita Vea
0.8076923076923077,Devin White
1.7692307692307692,Ndamukong Suh
1.0,Jason Pierre-Paul
0.6153846153846154,Shaquil Barrett
1.2307692307692308,Vita Vea
1.4583333333333333,Ndamukong Suh
1.0,Jason Pierre-Paul
0.125,Kevin Minter
1.0,Shaquil Barrett
1.0,Vita Vea
1.2307692307692308,Fletcher Cox
1.1538461538461535,Hassan Ridgeway
0.7692307692307693,Derek Barnett
1.8461538461538465,Josh Sweat
0.0,Genard Avery
1.9565217391304348,Fletcher Cox
1.0,Hassan Ridgeway
0.8695652173913043,Derek Barnett
0.4782608695652174,Josh Sweat
1.5909090909090908,Fletcher Cox
1.4545454545454546,Hassan Ridgeway
0.6363636363636364,Eric Wilson
0.2272727272727272,Avonte Maddox
0.6363636363636364,Josh Sweat
1.263157894736842,Javon Hargrave
0.8421052631578947,Derek Barnett
1.3157894736842106,Josh Sweat
0.5263157894736842,Genard Avery
1.0526315789473684,Milton Williams
1.1538461538461535,Fletcher Cox
1.0,Javon Hargrave
0.8461538461538461,Derek Barnett
1.3846153846153846,Josh Sweat
0.6153846153846154,Genard Avery
1.0909090909090908,Fletcher Cox
2.090909090909091,Javon Hargrave
0.7727272727272727,Derek Barnett
0.9090909090909092,Josh Sweat
1.368421052631579,Javon Hargrave
1.9473684210526316,Hassan Ridgeway
0.4736842105263157,Derek Barnett
1.0,Josh Sweat
0.0,Genard Avery
2.0,Malcom Brown
1.0,Roy Robertson-Harris
0.9333333333333332,Dawuane Smoot
0.9333333333333332,Josh Allen
1.9230769230769231,Jihad Ward
1.2307692307692308,Roy Robertson-Harris
1.0384615384615383,Dawuane Smoot
0.7307692307692307,Josh Allen
1.8461538461538465,Malcom Brown
1.8846153846153848,Adam Gotsis
1.0,Dawuane Smoot
1.0,Josh Allen
1.9230769230769231,Jihad Ward
1.5,Roy Robertson-Harris
0.5,Dawuane Smoot
0.5384615384615384,Tre Herndon
0.5,Josh Allen
1.2307692307692308,Malcom Brown
1.5384615384615383,Adam Gotsis
0.7692307692307693,Josh Allen
0.4615384615384615,K'Lavon Chaisson
1.0,Davon Hamilton
1.5294117647058822,Jihad Ward
1.7647058823529411,Roy Robertson-Harris
0.8823529411764706,Josh Allen
2.0,Zach Sieler
1.7777777777777777,Christian Wilkins
1.0,Raekwon Davis
0.2222222222222222,Jaelan Phillips
0.7894736842105263,Emmanuel Ogbah
1.894736842105263,Christian Wilkins
1.3157894736842106,Raekwon Davis
1.0,Jaelan Phillips
1.0,Emmanuel Ogbah
1.5,Sam Eguavoen
1.181818181818182,Adam Butler
0.7727272727272727,Jaelan Phillips
1.1666666666666667,Malcom Brown
1.2083333333333333,Roy Robertson-Harris
0.7083333333333334,Dawuane Smoot
1.25,Josh Allen
1.28,Roy Robertson-Harris
1.0,Dawuane Smoot
1.44,Josh Allen
1.92,Davon Hamilton
1.0384615384615383,Emmanuel Ogbah
0.7692307692307693,Sam Eguavoen
0.8076923076923077,Christian Wilkins
1.8461538461538465,Raekwon Davis
0.88,Emmanuel Ogbah
0.72,Sam Eguavoen
1.4,Adam Butler
2.24,Jaelan Phillips
1.6111111111111112,Jihad Ward
1.6111111111111112,Roy Robertson-Harris
0.6111111111111112,Dawuane Smoot
0.7777777777777778,Josh Allen
0.9565217391304348,Lerentee McCray
2.0,Malcom Brown
1.608695652173913,Adam Gotsis
0.9130434782608696,Josh Allen
1.434782608695652,Davon Hamilton
1.2916666666666667,Malcom Brown
1.4583333333333333,Adam Gotsis
0.7083333333333334,Josh Allen
2.0,Davon Hamilton
1.2692307692307692,Malcom Brown
1.5384615384615383,Roy Robertson-Harris
1.1923076923076923,Dawuane Smoot
0.9230769230769232,K'Lavon Chaisson
2.230769230769231,Jihad Ward
1.1538461538461535,Roy Robertson-Harris
1.8076923076923077,Dawuane Smoot
1.894736842105263,Roy Robertson-Harris
0.8421052631578947,Dawuane Smoot
0.9473684210526316,Josh Allen
1.0,John Jenkins
1.0,Emmanuel Ogbah
2.0,Zach Sieler
1.0,Jaelan Phillips
1.0,John Jenkins
1.125,Emmanuel Ogbah
1.0,Zach Sieler
0.875,Jaelan Phillips
1.0,Emmanuel Ogbah
1.2727272727272727,Adam Butler
1.4545454545454546,Christian Wilkins
1.0,Andrew Van Ginkel
0.9047619047619048,Emmanuel Ogbah
2.0952380952380953,Adam Butler
0.9047619047619048,Jerome Baker
0.8571428571428571,Christian Wilkins
1.125,Brennan Scarlett
1.75,Zach Sieler
1.2916666666666667,Christian Wilkins
1.125,Raekwon Davis
0.625,Brandon Jones
0.9230769230769232,Emmanuel Ogbah
2.230769230769231,Adam Butler
0.8846153846153846,Jerome Baker
0.4615384615384615,Brandon Jones
1.0769230769230769,Jaelan Phillips
0.2692307692307692,Jevon Holland
1.0,Malcom Brown
1.318181818181818,Adam Gotsis
1.318181818181818,Roy Robertson-Harris
0.8636363636363636,Josh Allen
0.8181818181818182,Dakota Allen
1.9333333333333331,Jihad Ward
1.0666666666666669,Roy Robertson-Harris
0.6666666666666666,Dawuane Smoot
1.0,Josh Allen
0.8333333333333334,Emmanuel Ogbah
1.3333333333333333,Adam Butler
1.75,Christian Wilkins
0.8333333333333334,Jaelan Phillips
1.6153846153846154,Emmanuel Ogbah
1.1923076923076923,Sam Eguavoen
1.1923076923076923,Adam Butler
1.0,Jaelan Phillips
0.9473684210526316,Emmanuel Ogbah
1.3157894736842106,Sam Eguavoen
1.368421052631579,Adam Butler
0.8947368421052632,Jaelan Phillips
0.9166666666666666,Emmanuel Ogbah
1.2916666666666667,Sam Eguavoen
1.1666666666666667,Adam Butler
1.125,Jerome Baker
0.9166666666666666,Jaelan Phillips
1.05,Jihad Ward
1.25,Dawuane Smoot
1.45,Josh Allen
0.75,K'Lavon Chaisson
1.181818181818182,Jihad Ward
1.4090909090909092,Dawuane Smoot
1.318181818181818,Josh Allen
1.318181818181818,K'Lavon Chaisson
1.6842105263157894,Jihad Ward
1.2105263157894737,Dawuane Smoot
0.7368421052631579,Josh Allen
0.631578947368421,K'Lavon Chaisson
1.2608695652173914,Zach Sieler
1.0869565217391304,Christian Wilkins
1.0,Raekwon Davis
0.9130434782608696,Jaelan Phillips
0.4,Emmanuel Ogbah
1.4,Andrew Van Ginkel
1.5333333333333334,Raekwon Davis
1.0,Jaelan Phillips
0.4,Jevon Holland
1.0,Emmanuel Ogbah
0.9,Adam Butler
2.1,Christian Wilkins
1.2,Andrew Van Ginkel
1.3157894736842106,Jihad Ward
1.4736842105263157,Roy Robertson-Harris
0.6842105263157895,Dawuane Smoot
1.0,Josh Allen
2.3461538461538463,Roy Robertson-Harris
1.5384615384615383,Dawuane Smoot
0.9230769230769232,Josh Allen
1.6538461538461535,Jihad Ward
1.9615384615384617,Roy Robertson-Harris
1.0,Josh Allen
1.0,Dakota Allen
1.5384615384615383,Jihad Ward
1.0384615384615383,Roy Robertson-Harris
0.5769230769230769,Dawuane Smoot
0.8846153846153846,Josh Allen
0.7307692307692307,K'Lavon Chaisson
2.0555555555555554,Malcom Brown
1.3888888888888888,Adam Gotsis
1.0,Dawuane Smoot
0.8888888888888888,K'Lavon Chaisson
1.9230769230769231,Jihad Ward
1.1923076923076923,Adam Gotsis
0.9230769230769232,Dawuane Smoot
0.1153846153846153,Josh Allen
1.588235294117647,Adam Butler
2.0,Zach Sieler
1.2352941176470589,Andrew Van Ginkel
1.411764705882353,Raekwon Davis
0.7647058823529411,Brandon Jones
2.0,John Jenkins
1.0384615384615383,Zach Sieler
1.3846153846153846,Christian Wilkins
0.9615384615384616,Jaelan Phillips
1.0,Malcom Brown
1.9615384615384617,Adam Gotsis
2.1923076923076925,Josh Allen
1.2692307692307692,Davon Hamilton
0.7307692307692307,Brennan Scarlett
1.1923076923076923,Zach Sieler
2.0,Christian Wilkins
2.076923076923077,Raekwon Davis
0.6842105263157895,Emmanuel Ogbah
1.4736842105263157,Adam Butler
1.0,Christian Wilkins
0.4736842105263157,Andrew Van Ginkel
0.8421052631578947,Jaelan Phillips
1.2941176470588236,Malcom Brown
1.9411764705882353,Adam Gotsis
0.5882352941176471,Josh Allen
0.8823529411764706,K'Lavon Chaisson
1.0,Emmanuel Ogbah
2.076923076923077,Christian Wilkins
1.3461538461538465,Raekwon Davis
1.5,Jaelan Phillips
1.6666666666666667,Emmanuel Ogbah
1.0,Sam Eguavoen
1.9166666666666667,Adam Butler
0.0,Jaelan Phillips
1.0,Jevon Holland
1.0,Emmanuel Ogbah
0.375,Elandon Roberts
2.2916666666666665,Adam Butler
1.625,Zach Sieler
0.9583333333333334,Emmanuel Ogbah
1.9583333333333333,Adam Butler
0.0833333333333333,Nik Needham
1.2083333333333333,Jaelan Phillips
1.7333333333333334,Jihad Ward
1.0666666666666669,Roy Robertson-Harris
1.2,Dawuane Smoot
0.9333333333333332,Josh Allen
1.7894736842105263,Malcom Brown
1.3157894736842106,Roy Robertson-Harris
0.9473684210526316,Dawuane Smoot
0.6842105263157895,Josh Allen
1.0,Emmanuel Ogbah
1.7142857142857142,Christian Wilkins
1.3571428571428572,Andrew Van Ginkel
1.1428571428571428,Raekwon Davis
1.5384615384615383,Emmanuel Ogbah
1.5384615384615383,Christian Wilkins
0.9230769230769232,Nik Needham
1.2307692307692308,Raekwon Davis
0.7692307692307693,Jaelan Phillips
0.8846153846153846,Brennan Scarlett
2.3461538461538463,Zach Sieler
1.1153846153846154,Christian Wilkins
1.9615384615384617,Raekwon Davis
1.1666666666666667,Emmanuel Ogbah
1.6111111111111112,Adam Butler
0.7777777777777778,Jerome Baker
0.0555555555555555,Nik Needham
1.4444444444444444,Jaelan Phillips
1.0833333333333333,Emmanuel Ogbah
0.25,Jerome Baker
1.1666666666666667,Zach Sieler
0.75,Jaelan Phillips
0.5,Jevon Holland
1.0,Emmanuel Ogbah
1.92,Adam Butler
0.56,Noah Igbinoghene
1.08,Jaelan Phillips
1.6111111111111112,Malcom Brown
1.0,Roy Robertson-Harris
1.0,Dawuane Smoot
1.0,Josh Allen
1.0,Damien Wilson
1.1578947368421053,Jihad Ward
1.2105263157894737,Adam Gotsis
0.8421052631578947,Dawuane Smoot
0.8947368421052632,Rudy Ford
0.8947368421052632,Josh Allen
0.9375,Emmanuel Ogbah
1.5,Sam Eguavoen
0.875,Adam Butler
0.875,Jaelan Phillips
1.2173913043478262,Calais Campbell
0.8695652173913043,Justin Houston
1.0,Brandon Williams
0.782608695652174,Tyus Bowser
1.0,Justin Madubuike
2.3333333333333335,Calais Campbell
0.7619047619047619,Justin Houston
1.0476190476190477,Tyus Bowser
1.1111111111111112,Calais Campbell
1.1666666666666667,Pernell McPhee
1.5,Justin Ellis
0.8333333333333334,Justin Madubuike
0.5652173913043478,Justin Houston
1.826086956521739,Justin Ellis
2.0869565217391304,Justin Madubuike
1.0,Odafe Oweh
1.0,Linval Joseph
1.28,Joey Bosa
0.64,Kyler Fackrell
0.64,Uchenna Nwosu
0.56,Kyzir White
1.36,Jerry Tillery
1.1875,Christian Covington
0.8125,Joey Bosa
0.5,Uchenna Nwosu
1.0625,Kyzir White
1.4375,Jerry Tillery
2.1538461538461537,Christian Covington
1.0769230769230769,Kyler Fackrell
1.0384615384615383,Joe Gaziano
1.0,Breiden Fehoko
1.4615384615384617,Chris Rumph
1.3461538461538465,Christian Covington
0.8076923076923077,Kyler Fackrell
0.6153846153846154,Derwin James
1.3846153846153846,Joe Gaziano
1.0,Breiden Fehoko
1.8076923076923077,Linval Joseph
2.269230769230769,Joey Bosa
0.0,Kyzir White
1.1923076923076923,Jerry Tillery
1.1538461538461535,Calais Campbell
0.8846153846153846,Tyus Bowser
0.1923076923076923,DeShon Elliott
1.3846153846153846,Chris Board
1.8461538461538465,Odafe Oweh
1.5,Linval Joseph
1.7307692307692308,Joey Bosa
1.0384615384615383,Derwin James
0.8846153846153846,Uchenna Nwosu
1.1923076923076923,Jerry Tillery
1.7307692307692308,Linval Joseph
2.269230769230769,Joey Bosa
0.1538461538461538,Kyzir White
1.7692307692307692,Jerry Tillery
0.8076923076923077,Christian Covington
1.6923076923076923,Joey Bosa
2.0,Jerry Tillery
1.3846153846153846,Breiden Fehoko
2.0,Joey Bosa
0.8846153846153846,Uchenna Nwosu
1.0384615384615383,Jerry Tillery
2.0,Breiden Fehoko
1.1428571428571428,Brandon Williams
0.9047619047619048,Tyus Bowser
1.4285714285714286,Justin Madubuike
1.0,Odafe Oweh
1.0,Linval Joseph
1.25,Joey Bosa
0.75,Uchenna Nwosu
1.0,Jerry Tillery
0.8076923076923077,Christian Covington
0.9615384615384616,Joey Bosa
0.5769230769230769,Uchenna Nwosu
0.8461538461538461,Kyzir White
1.6153846153846154,Jerry Tillery
1.0,Calais Campbell
0.9444444444444444,Justin Houston
2.0,Justin Ellis
1.0,Justin Madubuike
1.1153846153846154,Calais Campbell
0.0,Justin Houston
1.7307692307692308,Justin Ellis
0.8846153846153846,Tyus Bowser
0.9615384615384616,Justin Madubuike
1.0869565217391304,Calais Campbell
1.434782608695652,Justin Houston
1.5217391304347827,Justin Ellis
0.9130434782608696,Odafe Oweh
2.0,Calais Campbell
1.5714285714285714,Justin Ellis
0.0,DeShon Elliott
1.0,Odafe Oweh
1.2777777777777777,Calais Campbell
0.5,Jimmy Smith
1.0,Pernell McPhee
1.3333333333333333,Brandon Williams
1.1111111111111112,Justin Madubuike
1.0,Linval Joseph
2.0,Joey Bosa
0.3846153846153846,Uchenna Nwosu
1.6153846153846154,Jerry Tillery
1.4615384615384617,Christian Covington
0.8461538461538461,Joey Bosa
0.9230769230769232,Uchenna Nwosu
0.7692307692307693,Kyzir White
0.6923076923076923,Jerry Tillery
0.9230769230769232,Justin Houston
1.3461538461538465,Brandon Williams
1.0,Justin Madubuike
1.2692307692307692,Odafe Oweh
1.3636363636363635,Calais Campbell
0.8636363636363636,Justin Houston
1.0454545454545454,Pernell McPhee
0.9545454545454546,Odafe Oweh
1.0476190476190477,Calais Campbell
2.0,Justin Ellis
1.0,Tyus Bowser
0.9523809523809524,Odafe Oweh
1.6923076923076923,Linval Joseph
1.1153846153846154,Joey Bosa
0.6538461538461539,Kyler Fackrell
1.7692307692307692,Uchenna Nwosu
1.4615384615384617,Jerry Tillery
1.0,Calais Campbell
1.6,Pernell McPhee
0.65,Brandon Williams
1.35,Justin Ellis
1.25,Justin Madubuike
1.7,Odafe Oweh
2.0,Linval Joseph
0.9285714285714286,Joey Bosa
0.5,Uchenna Nwosu
1.4285714285714286,Jerry Tillery
1.1538461538461535,Linval Joseph
1.1923076923076923,Joey Bosa
0.9230769230769232,Uchenna Nwosu
0.5,Kyzir White
1.4615384615384617,Jerry Tillery
1.1538461538461535,Christian Covington
0.8461538461538461,Joey Bosa
1.8076923076923077,Uchenna Nwosu
1.0769230769230769,Jerry Tillery
1.4230769230769231,Christian Covington
0.6538461538461539,Joey Bosa
1.1153846153846154,Uchenna Nwosu
1.1923076923076923,Jerry Tillery
1.25,Linval Joseph
1.5625,Christian Covington
0.0,Derwin James
0.375,Uchenna Nwosu
0.5,Kyzir White
1.75,Jerry Tillery
1.0,Linval Joseph
1.9047619047619049,Christian Covington
0.0952380952380952,Joey Bosa
0.3809523809523809,Uchenna Nwosu
0.4285714285714285,Kyzir White
2.0,Jerry Tillery
2.0,Calais Campbell
1.3529411764705883,Justin Houston
0.0,Josh Bynes
1.1764705882352942,Brandon Williams
0.1764705882352941,DeShon Elliott
0.0,Chris Board
1.0,Odafe Oweh
1.375,Linval Joseph
0.9166666666666666,Chris Harris
1.7083333333333333,Joey Bosa
1.5,Jerry Tillery
1.1363636363636365,Christian Covington
0.9090909090909092,Joey Bosa
1.0,Derwin James
0.5909090909090909,Uchenna Nwosu
1.0909090909090908,Jerry Tillery
1.2272727272727273,Calais Campbell
2.0,Brandon Williams
0.7727272727272727,Tyus Bowser
1.0,Odafe Oweh
1.5454545454545454,Calais Campbell
0.1818181818181818,Justin Houston
1.4545454545454546,Tyus Bowser
0.9545454545454546,Odafe Oweh
1.263157894736842,Linval Joseph
1.6842105263157894,Christian Covington
1.0,Kyler Fackrell
1.1578947368421053,Jerry Tillery
1.4705882352941178,Christian Covington
1.0,Jerry Tillery
1.411764705882353,Joe Gaziano
1.1176470588235294,Breiden Fehoko
1.0,Christian Covington
0.8461538461538461,Joey Bosa
0.9230769230769232,Uchenna Nwosu
1.3846153846153846,Kyzir White
0.8076923076923077,Jerry Tillery
0.8571428571428571,Pernell McPhee
1.0,Justin Ellis
2.2142857142857144,Justin Madubuike
0.7857142857142857,Odafe Oweh
0.8636363636363636,Pernell McPhee
1.0454545454545454,Justin Ellis
1.9090909090909092,Justin Madubuike
0.9090909090909092,Odafe Oweh
0.5,Jimmy Smith
1.2307692307692308,Pernell McPhee
1.8461538461538465,Justin Ellis
0.8076923076923077,Anthony Averett
1.6153846153846154,Justin Madubuike
1.0,Odafe Oweh
1.95,Calais Campbell
0.9,Justin Houston
1.0,Pernell McPhee
1.0,Brandon Williams
1.7083333333333333,Calais Campbell
0.75,Chuck Clark
1.0416666666666667,Chris Board
1.0,Odafe Oweh
0.5416666666666666,Brandon Stephens
1.9615384615384617,Calais Campbell
0.6538461538461539,Justin Houston
0.9615384615384616,Tyus Bowser
1.2692307692307692,Odafe Oweh
2.0,Calais Campbell
1.1923076923076923,Justin Houston
0.8461538461538461,Tyus Bowser
0.9230769230769232,Odafe Oweh
1.3571428571428572,Linval Joseph
1.0714285714285714,Christian Covington
0.7142857142857143,Kyler Fackrell
0.5,Uchenna Nwosu
1.2142857142857142,Jerry Tillery
1.9375,Christian Covington
1.3125,Joey Bosa
0.9375,Kyler Fackrell
1.25,Jerry Tillery
1.4210526315789471,Calais Campbell
0.5789473684210527,Tyus Bowser
1.7894736842105263,Justin Madubuike
0.9473684210526316,Odafe Oweh
1.7307692307692308,Calais Campbell
0.6923076923076923,Justin Houston
2.230769230769231,Brandon Williams
1.9615384615384617,Odafe Oweh
1.16,Calais Campbell
1.0,Brandon Williams
1.0,Justin Madubuike
1.0,Odafe Oweh
1.5769230769230769,Calais Campbell
0.9230769230769232,Justin Houston
1.3846153846153846,Tyus Bowser
0.9615384615384616,Odafe Oweh
1.0,Calais Campbell
1.0,Justin Houston
0.0,Tavon Young
0.7619047619047619,Tyus Bowser
1.0,Chris Board
1.0952380952380951,Odafe Oweh
0.9047619047619048,Brandon Stephens
1.6153846153846154,Everson Griffen
0.5,Harrison Smith
1.6538461538461535,Danielle Hunter
1.9230769230769231,Dalvin Tomlinson
0.5769230769230769,Armon Watts
1.8421052631578947,DaQuan Jones
1.631578947368421,Morgan Fox
0.7368421052631579,Haason Reddick
0.6842105263157895,Brian Burns
1.0434782608695652,DaQuan Jones
0.6521739130434783,Haason Reddick
1.0,Brian Burns
2.1739130434782608,Derrick Brown
0.4444444444444444,Morgan Fox
0.9444444444444444,Haason Reddick
1.9444444444444444,Frankie Luvu
0.5555555555555556,Brian Burns
0.4444444444444444,Yetur Gross-Matos
0.7777777777777778,Everson Griffen
0.7777777777777778,Harrison Smith
1.1111111111111112,Danielle Hunter
1.2222222222222223,Dalvin Tomlinson
1.0,Armon Watts
1.6538461538461535,Everson Griffen
1.0,Danielle Hunter
2.8846153846153846,Dalvin Tomlinson
1.0769230769230769,Armon Watts
1.7916666666666667,Haason Reddick
0.875,Brian Burns
1.0,Derrick Brown
1.2083333333333333,Bravvion Roy
1.105263157894737,Morgan Fox
0.8421052631578947,Haason Reddick
0.8947368421052632,Brian Burns
2.0,Derrick Brown
1.16,DaQuan Jones
0.92,Brian Burns
0.76,Yetur Gross-Matos
1.84,Daviyon Nixon
1.238095238095238,DaQuan Jones
0.4761904761904761,Haason Reddick
0.7142857142857143,Brian Burns
1.0,Yetur Gross-Matos
1.1904761904761905,Daviyon Nixon
1.0,Haason Reddick
0.238095238095238,Brian Burns
2.1904761904761907,Derrick Brown
0.7619047619047619,Bravvion Roy
1.8125,DaQuan Jones
1.0,Morgan Fox
0.5625,Haason Reddick
0.625,Brian Burns
1.7692307692307692,Eric Kendricks
1.0,Danielle Hunter
1.9230769230769231,Dalvin Tomlinson
0.9615384615384616,D.J. Wonnum
0.0384615384615384,James Lynch
0.5833333333333334,Everson Griffen
1.0,Sheldon Richardson
1.0833333333333333,Danielle Hunter
1.9166666666666667,D.J. Wonnum
1.5,Morgan Fox
0.7692307692307693,Jermaine Carter
1.2307692307692308,Derrick Brown
1.2307692307692308,Bravvion Roy
1.4,DaQuan Jones
1.6,Haason Reddick
1.0,Marquis Haynes
0.95,Daviyon Nixon
0.8947368421052632,DaQuan Jones
1.105263157894737,Brian Burns
0.8421052631578947,Derrick Brown
1.368421052631579,Yetur Gross-Matos
1.5789473684210529,Bravvion Roy
1.0,Everson Griffen
2.05,Sheldon Richardson
1.0,Stephen Weatherly
0.95,Armon Watts
1.0,Everson Griffen
1.3076923076923077,Sheldon Richardson
1.5384615384615383,Stephen Weatherly
1.0384615384615383,Armon Watts
1.5769230769230769,Everson Griffen
1.4230769230769231,Sheldon Richardson
0.9230769230769232,Danielle Hunter
1.3461538461538465,D.J. Wonnum
0.85,Everson Griffen
1.15,Sheldon Richardson
0.9,Anthony Barr
0.55,Eric Kendricks
0.85,Danielle Hunter
1.0,D.J. Wonnum
1.0,Everson Griffen
1.0,Sheldon Richardson
0.8333333333333334,Danielle Hunter
2.0555555555555554,D.J. Wonnum
1.5333333333333334,DaQuan Jones
1.4,Marquis Haynes
1.0,Brian Burns
1.2,Derrick Brown
1.6153846153846154,DaQuan Jones
0.9615384615384616,Marquis Haynes
0.8846153846153846,Brian Burns
1.3846153846153846,Derrick Brown
1.0,Everson Griffen
0.8571428571428571,Danielle Hunter
1.0476190476190477,Dalvin Tomlinson
1.8571428571428572,Armon Watts
1.0,Everson Griffen
1.0,Danielle Hunter
2.0,Dalvin Tomlinson
1.0,Armon Watts
0.7857142857142857,Everson Griffen
1.2142857142857142,Sheldon Richardson
1.3571428571428572,Anthony Barr
1.0,Danielle Hunter
0.5714285714285714,D.J. Wonnum
1.3076923076923077,Everson Griffen
1.0,Sheldon Richardson
2.3076923076923075,Danielle Hunter
1.3461538461538465,D.J. Wonnum
1.4761904761904765,DaQuan Jones
1.4285714285714286,Morgan Fox
0.3809523809523809,Haason Reddick
0.6666666666666666,Brian Burns
1.411764705882353,DaQuan Jones
1.9411764705882353,Morgan Fox
0.2941176470588235,Haason Reddick
0.8823529411764706,Brian Burns
0.9545454545454546,Brian Burns
1.5909090909090908,Derrick Brown
1.4090909090909092,Yetur Gross-Matos
0.4090909090909091,Jeremy Chinn
1.9375,DaQuan Jones
0.75,Morgan Fox
0.5625,Marquis Haynes
1.3125,Derrick Brown
2.5,DaQuan Jones
1.0,Morgan Fox
0.5769230769230769,Haason Reddick
0.9230769230769232,Everson Griffen
1.0,Danielle Hunter
2.230769230769231,Dalvin Tomlinson
1.0,Armon Watts
1.0769230769230769,Everson Griffen
1.1153846153846154,Anthony Barr
0.8846153846153846,Danielle Hunter
1.0,Dalvin Tomlinson
1.0,Armon Watts
0.0,Everson Griffen
1.4615384615384617,Anthony Barr
0.5384615384615384,Eric Kendricks
0.7692307692307693,Danielle Hunter
0.9230769230769232,Dalvin Tomlinson
1.3076923076923077,Armon Watts
0.4,Harrison Smith
1.7,Sheldon Richardson
1.3,Eric Kendricks
0.75,Danielle Hunter
1.0,D.J. Wonnum
1.1578947368421053,Morgan Fox
1.0526315789473684,Haason Reddick
0.8421052631578947,Brian Burns
1.3157894736842106,Derrick Brown
1.0,Morgan Fox
0.5,Haason Reddick
0.5,Frankie Luvu
1.0,Brian Burns
1.4444444444444444,Derrick Brown
2.3333333333333335,Sheldon Richardson
1.0,Danielle Hunter
0.8888888888888888,D.J. Wonnum
1.1111111111111112,James Lynch
1.125,Haason Reddick
0.9166666666666666,Brian Burns
2.0833333333333335,Bravvion Roy
0.875,Daviyon Nixon
1.3529411764705883,DaQuan Jones
1.6470588235294117,Morgan Fox
0.0,Jermaine Carter
1.2352941176470589,Derrick Brown
1.588235294117647,Yetur Gross-Matos
1.4761904761904765,DaQuan Jones
1.238095238095238,Morgan Fox
0.7142857142857143,Haason Reddick
0.7142857142857143,Brian Burns
1.0,Everson Griffen
1.0,Stephen Weatherly
1.3478260869565215,Dalvin Tomlinson
1.6521739130434785,Armon Watts
1.0,Everson Griffen
0.0,Eric Kendricks
1.0,Stephen Weatherly
1.1764705882352942,Dalvin Tomlinson
1.8235294117647056,Armon Watts
1.0,Everson Griffen
1.3333333333333333,Stephen Weatherly
1.2857142857142858,Dalvin Tomlinson
1.3333333333333333,Armon Watts
1.0,Everson Griffen
1.3043478260869563,Danielle Hunter
1.6956521739130437,Dalvin Tomlinson
1.0,Armon Watts
1.1,Morgan Fox
0.75,Haason Reddick
1.2,Brian Burns
1.7,Derrick Brown
1.28,Everson Griffen
1.0,Danielle Hunter
1.44,Dalvin Tomlinson
1.52,Armon Watts
1.3043478260869563,Everson Griffen
1.0,Danielle Hunter
1.565217391304348,Dalvin Tomlinson
1.1304347826086956,Armon Watts
1.0,Everson Griffen
1.0,Danielle Hunter
1.7272727272727273,Dalvin Tomlinson
1.2727272727272727,Armon Watts
1.0,Everson Griffen
1.0,Danielle Hunter
1.4615384615384617,Dalvin Tomlinson
1.3076923076923077,Armon Watts
1.0,Everson Griffen
1.0,Danielle Hunter
2.0,Dalvin Tomlinson
1.0,Armon Watts
1.92,Everson Griffen
1.0,Sheldon Richardson
1.0,Danielle Hunter
1.92,D.J. Wonnum
0.9047619047619048,Everson Griffen
0.5238095238095238,Sheldon Richardson
1.0,Danielle Hunter
2.4761904761904763,D.J. Wonnum
1.0,Everson Griffen
1.12,Sheldon Richardson
1.56,Danielle Hunter
1.32,D.J. Wonnum
1.1923076923076923,Everson Griffen
1.3846153846153846,Sheldon Richardson
0.7307692307692307,Danielle Hunter
1.2692307692307692,D.J. Wonnum
1.0,Everson Griffen
1.0,Sheldon Richardson
1.5769230769230769,Danielle Hunter
1.3076923076923077,D.J. Wonnum
2.0952380952380953,Sheldon Richardson
0.5238095238095238,Eric Kendricks
1.0,Danielle Hunter
0.0,Mackensie Alexander
1.2857142857142858,D.J. Wonnum
0.8846153846153846,Everson Griffen
2.0,Sheldon Richardson
1.0,Danielle Hunter
0.0,Everson Griffen
1.9333333333333331,Sheldon Richardson
1.0,Anthony Barr
1.0,Danielle Hunter
1.0,D.J. Wonnum
0.6363636363636364,Everson Griffen
1.681818181818182,Danielle Hunter
1.3636363636363635,Stephen Weatherly
1.318181818181818,D.J. Wonnum
1.1153846153846154,DaQuan Jones
1.2692307692307692,Morgan Fox
0.8846153846153846,Haason Reddick
0.9230769230769232,Brian Burns
1.3846153846153846,DaQuan Jones
0.5384615384615384,Morgan Fox
0.8846153846153846,Haason Reddick
1.1538461538461535,Frankie Luvu
1.0,Brian Burns
1.9444444444444444,DaQuan Jones
0.8888888888888888,Morgan Fox
0.8333333333333334,Haason Reddick
1.0,Brian Burns
1.8333333333333333,DaQuan Jones
2.5555555555555554,Morgan Fox
0.7777777777777778,Brian Burns
1.2222222222222223,Derrick Brown
1.1538461538461535,DaQuan Jones
1.9615384615384617,Morgan Fox
1.3076923076923077,Haason Reddick
1.5769230769230769,Derrick Brown
0.5384615384615384,Jeremy Chinn
1.2307692307692308,DaQuan Jones
2.0,Morgan Fox
0.1538461538461538,Haason Reddick
0.6923076923076923,Brian Burns
0.8076923076923077,Robert Quinn
1.4230769230769231,Akiem Hicks
1.1538461538461535,Khalil Mack
1.0,Bilal Nichols
1.0,Robert Quinn
1.5,Akiem Hicks
0.3571428571428571,Khalil Mack
1.5714285714285714,Bilal Nichols
1.380952380952381,Robert Quinn
1.4285714285714286,Akiem Hicks
0.6190476190476191,Khalil Mack
0.8095238095238095,Bilal Nichols
0.6538461538461539,Robert Quinn
1.3461538461538465,Akiem Hicks
0.3461538461538461,Khalil Mack
2.0,Bilal Nichols
1.0,Kenny Clark
2.761904761904762,Dean Lowry
1.0,Rashan Gary
1.45,Preston Smith
1.45,Kenny Clark
1.25,Dean Lowry
0.75,Rashan Gary
1.2307692307692308,Robert Quinn
1.2307692307692308,Akiem Hicks
0.7692307692307693,Khalil Mack
1.5384615384615383,Bilal Nichols
1.3846153846153846,Robert Quinn
0.8461538461538461,Khalil Mack
1.9615384615384617,Mario Edwards
1.0,Dean Lowry
1.0,Tyler Lancaster
0.9333333333333332,Rashan Gary
0.2,Jonathan Garvin
1.0,Tedarrell Slaton
1.0,Preston Smith
2.235294117647059,Dean Lowry
0.8823529411764706,Rashan Gary
0.7058823529411765,Kingsley Keke
1.0769230769230769,Kenny Clark
0.8846153846153846,Jaylon Smith
2.076923076923077,Dean Lowry
0.7692307692307693,Rashan Gary
1.0,Jonathan Garvin
2.3846153846153846,Kenny Clark
0.5769230769230769,Rashan Gary
0.8076923076923077,Kingsley Keke
0.8333333333333334,Robert Quinn
1.5,Khalil Mack
1.0,Angelo Blackson
1.5833333333333333,Bilal Nichols
0.8666666666666667,Robert Quinn
1.0666666666666669,Akiem Hicks
1.2666666666666666,Khalil Mack
1.2666666666666666,Eddie Goldman
2.0,Kenny Clark
1.3333333333333333,Dean Lowry
1.0,Rashan Gary
0.6666666666666666,Jonathan Garvin
1.1923076923076923,Kenny Clark
1.3846153846153846,Rashan Gary
2.0,Kingsley Keke
1.3461538461538465,Jonathan Garvin
1.0,Robert Quinn
1.375,Akiem Hicks
1.625,Khalil Mack
1.0,Eddie Goldman
0.8076923076923077,Kenny Clark
1.0,Dean Lowry
1.6923076923076923,Rashan Gary
0.9230769230769232,Kingsley Keke
1.0,Kenny Clark
2.0,Dean Lowry
0.8260869565217391,Rashan Gary
1.0,Jonathan Garvin
1.0909090909090908,Kenny Clark
1.8636363636363635,Dean Lowry
0.8636363636363636,Rashan Gary
0.9090909090909092,Jonathan Garvin
1.7307692307692308,Kenny Clark
0.9230769230769232,Rashan Gary
1.0384615384615383,Kingsley Keke
0.9615384615384616,Ladarius Hamilton
1.8076923076923077,Kenny Clark
1.0,Dean Lowry
0.3461538461538461,Rashan Gary
0.4615384615384615,Jonathan Garvin
2.0,Kenny Clark
0.0,Jaylon Smith
2.0,Dean Lowry
0.9523809523809524,Rashan Gary
1.0,Jonathan Garvin
1.7142857142857142,Kenny Clark
0.9047619047619048,Rashan Gary
1.2857142857142858,Kingsley Keke
0.9047619047619048,Jonathan Garvin
1.0,Robert Quinn
1.588235294117647,Akiem Hicks
1.0,Khalil Mack
1.1176470588235294,DeAndre Houston-Carson
1.3529411764705883,Bilal Nichols
1.0,Khalil Mack
1.6470588235294117,Angelo Blackson
1.0588235294117647,Bilal Nichols
0.7647058823529411,Trevis Gipson
1.5769230769230769,Robert Quinn
1.7307692307692308,Mario Edwards
1.9615384615384617,Angelo Blackson
1.3461538461538465,Trevis Gipson
2.0,Kenny Clark
2.0,Dean Lowry
1.0,Rashan Gary
1.0,Jonathan Garvin
1.04,Kenny Clark
1.28,Dean Lowry
2.0,Tyler Lancaster
0.96,Rashan Gary
0.9565217391304348,Khalil Mack
1.1304347826086956,Eddie Goldman
1.7826086956521738,Angelo Blackson
1.0,Bilal Nichols
0.8421052631578947,Khalil Mack
1.894736842105263,Bilal Nichols
1.3157894736842106,Trevis Gipson
0.9583333333333334,Robert Quinn
0.5833333333333334,Akiem Hicks
0.625,Khalil Mack
1.4583333333333333,Mario Edwards
1.125,Roquan Smith
1.380952380952381,Kenny Clark
1.0952380952380951,Dean Lowry
1.0,Rashan Gary
1.2857142857142858,Jonathan Garvin
0.9473684210526316,Dean Lowry
1.3157894736842106,Tyler Lancaster
0.7368421052631579,Rashan Gary
0.631578947368421,Jonathan Garvin
1.08,Kenny Clark
1.0,Dean Lowry
2.0,Tyler Lancaster
0.92,Rashan Gary
2.0625,Kenny Clark
1.125,Dean Lowry
0.8125,Rashan Gary
1.0,Jonathan Garvin
1.0,Dean Lowry
1.0,Tyler Lancaster
1.9230769230769231,Jonathan Garvin
1.0769230769230769,Tedarrell Slaton
1.0,Robert Quinn
1.0526315789473684,Khalil Mack
1.105263157894737,Mario Edwards
1.6842105263157894,Eddie Goldman
1.5263157894736843,Eddie Jackson
1.0,Robert Quinn
2.0,Mario Edwards
1.2307692307692308,Eddie Goldman
1.0,Trevis Gipson
1.5769230769230769,Robert Quinn
1.5384615384615383,Mario Edwards
1.3846153846153846,Eddie Goldman
0.2692307692307692,Roquan Smith
1.0,Khalil Mack
1.8076923076923077,Angelo Blackson
1.5,Bilal Nichols
1.6153846153846154,Kenny Clark
1.5384615384615383,Dean Lowry
0.3846153846153846,Rashan Gary
0.8076923076923077,Jonathan Garvin
1.3846153846153846,Kenny Clark
1.3461538461538465,Jaylon Smith
1.0769230769230769,Dean Lowry
0.5,Rashan Gary
0.1153846153846153,Jonathan Garvin
1.3076923076923077,Kenny Clark
0.5769230769230769,Rashan Gary
1.4230769230769231,Kingsley Keke
0.7307692307692307,Ladarius Hamilton
1.08,Kenny Clark
1.2,Rashan Gary
1.76,Kingsley Keke
0.92,Ladarius Hamilton
1.6923076923076923,Kenny Clark
0.8076923076923077,Rashan Gary
1.1538461538461535,Kingsley Keke
0.7307692307692307,Jonathan Garvin
1.8461538461538465,Kenny Clark
0.9615384615384616,Rashan Gary
1.0769230769230769,Kingsley Keke
0.6923076923076923,Jonathan Garvin
1.3076923076923077,Larry Ogunjobi
1.3846153846153846,Trey Hendrickson
1.3461538461538465,Sam Hubbard
1.8076923076923077,Michael Brockers
2.0,Nicholas Williams
1.0,Trey Flowers
2.0,Alim McNeill
1.55,Nicholas Williams
1.2,Trey Flowers
0.8,Charles Harris
1.25,Julian Okwara
1.9615384615384617,Michael Brockers
1.1923076923076923,Austin Bryant
1.7307692307692308,Levi Onwuzurike
1.2692307692307692,Alim McNeill
1.3846153846153846,Michael Brockers
1.5769230769230769,Nicholas Williams
0.9230769230769232,Alex Anzalone
0.9615384615384616,Austin Bryant
2.0,Nicholas Williams
1.2222222222222223,Alex Anzalone
1.6111111111111112,Austin Bryant
0.8260869565217391,Vonn Bell
0.4347826086956521,Mike Hilton
1.173913043478261,Larry Ogunjobi
1.0,Trey Hendrickson
0.9130434782608696,Sam Hubbard
1.2173913043478262,Cameron Sample
2.0,Michael Brockers
1.7307692307692308,Nicholas Williams
1.0384615384615383,Trey Flowers
1.5,John Penisini
1.826086956521739,Michael Brockers
0.782608695652174,Trey Flowers
1.0,Charles Harris
1.0,Levi Onwuzurike
0.5217391304347826,A.J. Parker
2.423076923076923,Michael Brockers
0.9615384615384616,Trey Flowers
1.0,Charles Harris
2.0384615384615383,D.J. Reader
2.3076923076923075,Larry Ogunjobi
0.5769230769230769,Trey Hendrickson
0.8461538461538461,Sam Hubbard
1.6666666666666667,D.J. Reader
1.619047619047619,Larry Ogunjobi
1.0476190476190477,Trey Hendrickson
0.3809523809523809,Sam Hubbard
2.0,Michael Brockers
0.8181818181818182,Charles Harris
0.7272727272727273,Austin Bryant
0.8666666666666667,Vonn Bell
1.4,D.J. Reader
1.0,Larry Ogunjobi
1.0,Sam Hubbard
0.0,Germaine Pratt
0.7333333333333333,Cameron Sample
1.0,D.J. Reader
1.8,Larry Ogunjobi
1.0,Trey Hendrickson
1.2,Sam Hubbard
1.2692307692307692,D.J. Reader
1.4615384615384617,Larry Ogunjobi
1.1153846153846154,Trey Hendrickson
1.0769230769230769,Sam Hubbard
1.4615384615384617,Nicholas Williams
1.9230769230769231,Julian Okwara
1.0769230769230769,John Penisini
1.6923076923076923,Levi Onwuzurike
1.4736842105263157,Michael Brockers
1.0,Nicholas Williams
2.3684210526315788,Alex Anzalone
0.0,Julian Okwara
1.8666666666666667,D.J. Reader
1.2,Larry Ogunjobi
0.8,Wyatt Ray
1.0,Cameron Sample
2.0,Larry Ogunjobi
0.92,Trey Hendrickson
0.6,Sam Hubbard
1.16,Cameron Sample
0.631578947368421,Vonn Bell
1.105263157894737,D.J. Reader
0.8947368421052632,Trey Hendrickson
0.0,Jessie Bates
0.4210526315789473,Sam Hubbard
1.0,Logan Wilson
1.6842105263157894,Cameron Sample
2.0,Michael Brockers
0.9473684210526316,Trey Flowers
0.9473684210526316,Charles Harris
1.0526315789473684,Levi Onwuzurike
1.0952380952380951,Larry Ogunjobi
0.9047619047619048,Trey Hendrickson
1.619047619047619,B.J. Hill
1.2857142857142858,Sam Hubbard
1.1538461538461535,Larry Ogunjobi
1.5,Trey Hendrickson
1.5384615384615383,Sam Hubbard
1.35,Nicholas Williams
0.65,Charles Harris
1.35,Austin Bryant
1.65,Julian Okwara
2.0,Nicholas Williams
1.0,Dean Marlowe
1.0,Charles Harris
1.4615384615384617,Austin Bryant
1.16,Nicholas Williams
0.52,Charles Harris
2.84,Austin Bryant
0.84,Julian Okwara
1.5,Nicholas Williams
1.4166666666666667,Charles Harris
1.875,Austin Bryant
0.5833333333333334,Julian Okwara
1.173913043478261,Nicholas Williams
1.434782608695652,Trey Flowers
0.9565217391304348,Charles Harris
1.9047619047619049,Michael Brockers
0.4285714285714285,Trey Flowers
1.4761904761904765,Dean Marlowe
0.6190476190476191,Tracy Walker
0.9523809523809524,Julian Okwara
1.8461538461538465,Michael Brockers
1.2307692307692308,Trey Flowers
1.0,Charles Harris
0.7692307692307693,Julian Okwara
0.9230769230769232,Michael Brockers
1.6923076923076923,Trey Flowers
1.7307692307692308,Charles Harris
0.1538461538461538,Julian Okwara
1.0769230769230769,Michael Brockers
2.3846153846153846,Nicholas Williams
0.9230769230769232,Trey Flowers
0.9230769230769232,Charles Harris
0.0,A.J. Parker
1.5384615384615383,Trey Flowers
0.8846153846153846,Charles Harris
1.6923076923076923,Levi Onwuzurike
1.0,D.J. Reader
1.8823529411764703,Larry Ogunjobi
0.9411764705882352,Trey Hendrickson
1.0,Sam Hubbard
2.0,D.J. Reader
1.0,Larry Ogunjobi
1.0,Trey Hendrickson
0.9285714285714286,Sam Hubbard
1.1111111111111112,Michael Brockers
0.7777777777777778,Trey Flowers
0.9444444444444444,Tracy Walker
1.4444444444444444,Julian Okwara
1.1111111111111112,John Penisini
1.3043478260869563,Nicholas Williams
1.0,Charles Harris
0.6956521739130435,Julian Okwara
2.0,Alim McNeill
1.5909090909090908,Michael Brockers
0.4545454545454545,Alex Anzalone
0.6363636363636364,Austin Bryant
1.2272727272727273,Levi Onwuzurike
1.0909090909090908,Alim McNeill
1.2666666666666666,Nicholas Williams
1.4666666666666666,Trey Flowers
0.7333333333333333,Charles Harris
0.7333333333333333,Alex Anzalone
0.2,Tracy Walker
0.3333333333333333,Julian Okwara
1.6538461538461535,Larry Ogunjobi
1.1923076923076923,Josh Tupou
1.8076923076923077,Wyatt Ray
0.0476190476190476,Larry Ogunjobi
1.5238095238095235,Josh Tupou
0.9523809523809524,Sam Hubbard
1.4761904761904765,Wyatt Ray
1.0384615384615383,Larry Ogunjobi
1.4615384615384617,Trey Hendrickson
1.3076923076923077,B.J. Hill
0.7692307692307693,Sam Hubbard
1.4545454545454546,Michael Brockers
0.7727272727272727,Trey Flowers
1.5454545454545454,Charles Harris
1.2272727272727273,Alim McNeill
1.0769230769230769,Michael Brockers
1.6923076923076923,Nicholas Williams
1.1538461538461535,Trey Flowers
1.0769230769230769,Charles Harris
0.8461538461538461,Alex Anzalone
0.2692307692307692,A.J. Parker
1.4230769230769231,Michael Brockers
1.0384615384615383,Nicholas Williams
1.1538461538461535,Charles Harris
0.9615384615384616,Austin Bryant
0.7692307692307693,John Penisini
1.8823529411764703,Nicholas Williams
1.0,Trey Flowers
0.8823529411764706,Austin Bryant
1.0588235294117647,Alim McNeill
1.5,Michael Brockers
1.2083333333333333,Nicholas Williams
0.7083333333333334,Trey Flowers
0.375,Austin Bryant
0.625,John Penisini
0.9166666666666666,Alim McNeill
0.0,Mike Hilton
1.3333333333333333,Larry Ogunjobi
2.4583333333333335,B.J. Hill
1.1666666666666667,Cameron Sample
1.3333333333333333,Larry Ogunjobi
1.6,B.J. Hill
0.6666666666666666,Wyatt Ray
1.1333333333333333,Cameron Sample
1.263157894736842,Larry Ogunjobi
2.0,B.J. Hill
1.4210526315789471,Wyatt Ray
0.0,Cameron Sample
1.0416666666666667,Larry Ogunjobi
1.4583333333333333,B.J. Hill
0.875,Wyatt Ray
1.25,Cameron Sample
1.0526315789473684,Larry Ogunjobi
1.3157894736842106,B.J. Hill
0.9473684210526316,Wyatt Ray
1.0,Cameron Sample
1.9230769230769231,D.J. Reader
1.3461538461538465,Trey Hendrickson
1.0769230769230769,Josh Tupou
1.0,Sam Hubbard
2.0,D.J. Reader
1.1875,Trey Hendrickson
1.8125,Josh Tupou
0.0,Sam Hubbard
1.5,D.J. Reader
1.0,Trey Hendrickson
1.0,Josh Tupou
0.8,Sam Hubbard
1.3461538461538465,Larry Ogunjobi
1.5769230769230769,B.J. Hill
2.0,Sam Hubbard
1.0769230769230769,Josh Tupou
1.3846153846153846,B.J. Hill
0.9615384615384616,Wyatt Ray
1.2692307692307692,Cameron Sample
1.15,Josh Tupou
1.25,B.J. Hill
1.6,Wyatt Ray
0.9,Cameron Sample
1.4583333333333333,Josh Tupou
1.5,B.J. Hill
1.25,Wyatt Ray
0.5,Cameron Sample
1.3076923076923077,Josh Tupou
1.1923076923076923,B.J. Hill
0.9615384615384616,Wyatt Ray
1.0,Cameron Sample
1.818181818181818,Josh Tupou
1.5909090909090908,B.J. Hill
1.0909090909090908,Wyatt Ray
0.4090909090909091,Cameron Sample
1.5769230769230769,Josh Tupou
1.5384615384615383,B.J. Hill
0.4230769230769231,Wyatt Ray
1.3461538461538465,Cameron Sample
1.625,Josh Tupou
1.2916666666666667,B.J. Hill
0.9583333333333334,Wyatt Ray
0.7083333333333334,Cameron Sample
1.0,Josh Tupou
1.6,B.J. Hill
1.0,Wyatt Ray
0.8,Cameron Sample
1.6153846153846154,Josh Tupou
1.1538461538461535,B.J. Hill
1.5384615384615383,Wyatt Ray
1.6923076923076923,Cameron Sample
1.8076923076923077,Josh Tupou
1.0384615384615383,B.J. Hill
0.8076923076923077,Wyatt Ray
0.9615384615384616,Cameron Sample
1.0,Josh Tupou
1.3125,B.J. Hill
0.875,Wyatt Ray
0.5625,Akeem Davis-Gaither
0.125,Joe Bachie
1.0,Cameron Sample
1.6153846153846154,DeForest Buckner
2.0,Grover Stewart
0.3846153846153846,Al-Quadin Muhammad
1.0,Kwity Paye
1.0625,Maliek Collins
1.0,Jacob Martin
0.9375,Jonathan Greenard
1.0,Roy Lopez
1.3461538461538465,Maliek Collins
1.3461538461538465,Jacob Martin
0.9615384615384616,Jonathan Greenard
1.2692307692307692,Roy Lopez
1.4666666666666666,Maliek Collins
0.9333333333333332,Jacob Martin
0.4,Jonathan Greenard
1.3333333333333333,Roy Lopez
0.9047619047619048,DeForest Buckner
0.8095238095238095,Al-Quadin Muhammad
1.2857142857142858,Tyquan Lewis
1.380952380952381,Bobby Okereke
0.6666666666666666,Kwity Paye
1.5714285714285714,Grover Stewart
1.0714285714285714,Isaac Rochell
0.7142857142857143,Tyquan Lewis
1.3571428571428572,Taylor Stallworth
1.5,DeForest Buckner
0.8461538461538461,Al-Quadin Muhammad
0.9230769230769232,Tyquan Lewis
0.8076923076923077,Kwity Paye
1.181818181818182,DeForest Buckner
1.0,Tyquan Lewis
2.0,Taylor Stallworth
0.8181818181818182,Kwity Paye
0.8846153846153846,DeForest Buckner
1.1923076923076923,Al-Quadin Muhammad
0.8076923076923077,Shaquille Leonard
1.5384615384615383,Tyquan Lewis
1.2307692307692308,Kwity Paye
0.5833333333333334,Maliek Collins
1.0,Jacob Martin
1.6666666666666667,Jonathan Greenard
0.875,Roy Lopez
1.5384615384615383,Whitney Mercilus
1.5,Jordan Jenkins
1.2307692307692308,DeMarcus Walker
0.2692307692307692,Jaleel Johnson
1.6538461538461535,Whitney Mercilus
2.076923076923077,Jordan Jenkins
0.9615384615384616,DeMarcus Walker
0.4615384615384615,Jaleel Johnson
2.1538461538461537,Grover Stewart
1.5384615384615383,Al-Quadin Muhammad
1.1538461538461535,Tyquan Lewis
1.0,Taylor Stallworth
1.3461538461538465,Maliek Collins
1.9615384615384617,Jacob Martin
0.8461538461538461,Jonathan Greenard
0.8076923076923077,Roy Lopez
1.5,Maliek Collins
2.0384615384615383,Jacob Martin
1.1538461538461535,Jonathan Greenard
0.8846153846153846,Roy Lopez
1.1538461538461535,Maliek Collins
1.0,Jordan Jenkins
1.0769230769230769,Jacob Martin
0.8461538461538461,Jonathan Greenard
2.1666666666666665,DeForest Buckner
1.2222222222222223,Grover Stewart
2.4444444444444446,Al-Quadin Muhammad
0.9444444444444444,Isaac Rochell
2.3461538461538463,Grover Stewart
0.9230769230769232,Tyquan Lewis
0.9615384615384616,Taylor Stallworth
1.0,Kwity Paye
1.7083333333333333,Grover Stewart
0.8333333333333334,Tyquan Lewis
1.4583333333333333,Taylor Stallworth
0.5,Khari Willis
1.75,Kwity Paye
1.6666666666666667,DeForest Buckner
0.9333333333333332,Tyquan Lewis
1.6666666666666667,Taylor Stallworth
0.6666666666666666,Kwity Paye
1.2,DeForest Buckner
0.4666666666666667,Grover Stewart
1.4,Shaquille Leonard
0.7333333333333333,Tyquan Lewis
0.8,Kwity Paye
1.7777777777777777,DeForest Buckner
1.0,Al-Quadin Muhammad
1.1666666666666667,Tyquan Lewis
0.8333333333333334,Kwity Paye
0.782608695652174,Whitney Mercilus
1.608695652173913,Maliek Collins
0.7391304347826086,Jordan Jenkins
0.2608695652173913,DeMarcus Walker
0.875,Whitney Mercilus
0.0,Jordan Jenkins
1.7083333333333333,DeMarcus Walker
1.2083333333333333,Jaleel Johnson
1.1538461538461535,Maliek Collins
1.1538461538461535,DeMarcus Walker
1.5769230769230769,Jacob Martin
1.0769230769230769,Jonathan Greenard
1.4,DeForest Buckner
2.0,Grover Stewart
0.8,Al-Quadin Muhammad
0.6,Kwity Paye
2.0,DeForest Buckner
1.5714285714285714,Tyquan Lewis
1.0476190476190477,Bobby Okereke
0.3333333333333333,Khari Willis
0.4761904761904761,Kwity Paye
0.72,DeForest Buckner
0.0,Al-Quadin Muhammad
1.76,Tyquan Lewis
1.6,Kwity Paye
1.9444444444444444,DeForest Buckner
0.9444444444444444,Al-Quadin Muhammad
1.0,Tyquan Lewis
0.8333333333333334,Kwity Paye
1.2307692307692308,DeForest Buckner
1.1538461538461535,Tyquan Lewis
1.3076923076923077,Ben Banogu
0.5,Khari Willis
0.5384615384615384,Kwity Paye
1.3461538461538465,Maliek Collins
0.8846153846153846,Jacob Martin
0.8461538461538461,Jonathan Greenard
1.0,Roy Lopez
0.5,Maliek Collins
1.3846153846153846,DeMarcus Walker
1.0769230769230769,Jacob Martin
1.4230769230769231,Jonathan Greenard
1.3076923076923077,DeForest Buckner
1.5384615384615383,Grover Stewart
1.4615384615384617,Al-Quadin Muhammad
1.4615384615384617,Kwity Paye
0.9230769230769232,Whitney Mercilus
1.2307692307692308,Jordan Jenkins
1.1923076923076923,DeMarcus Walker
1.0769230769230769,Jaleel Johnson
1.0,DeForest Buckner
1.4230769230769231,Tyquan Lewis
0.8846153846153846,Ben Banogu
0.8846153846153846,Kwity Paye
1.4615384615384617,Grover Stewart
0.5384615384615384,Isaac Rochell
0.6923076923076923,Tyquan Lewis
2.076923076923077,Taylor Stallworth
1.3043478260869563,Grover Stewart
2.0434782608695654,Al-Quadin Muhammad
0.9130434782608696,Tyquan Lewis
1.5217391304347827,Taylor Stallworth
1.1904761904761905,DeForest Buckner
1.0476190476190477,Al-Quadin Muhammad
0.6190476190476191,Khari Willis
1.1904761904761905,Khalil Davis
0.8095238095238095,Kwity Paye
1.6666666666666667,DeForest Buckner
0.7222222222222222,Al-Quadin Muhammad
1.1666666666666667,Tyquan Lewis
1.0555555555555556,Kwity Paye
2.263157894736842,Grover Stewart
0.2631578947368421,Kenny Moore
1.0,Taylor Stallworth
0.3684210526315789,Julian Blackmon
1.631578947368421,Kwity Paye
1.3846153846153846,DeForest Buckner
1.6538461538461535,Al-Quadin Muhammad
1.2307692307692308,Tyquan Lewis
0.8461538461538461,Kwity Paye
1.36,DeForest Buckner
1.16,Al-Quadin Muhammad
0.24,Kenny Moore
0.72,Shaquille Leonard
2.24,Tyquan Lewis
1.45,Maliek Collins
0.55,Kamu Grugier-Hill
0.3,DeMarcus Walker
1.0,Jacob Martin
0.85,Jonathan Greenard
1.1333333333333333,DeForest Buckner
1.9333333333333331,Grover Stewart
1.2666666666666666,Isaac Rochell
0.2,Kenny Moore
0.3333333333333333,Bobby Okereke
1.9565217391304348,DeForest Buckner
1.2608695652173914,Grover Stewart
0.9130434782608696,Isaac Rochell
0.7391304347826086,Tyquan Lewis
1.0,DeForest Buckner
2.0,Al-Quadin Muhammad
0.7368421052631579,Tyquan Lewis
0.7894736842105263,Kwity Paye
0.4166666666666667,Whitney Mercilus
1.7083333333333333,Maliek Collins
0.875,Jordan Jenkins
0.5833333333333334,DeMarcus Walker
1.3,DeForest Buckner
2.0,Grover Stewart
0.2,Tyquan Lewis
1.0,Ben Banogu
1.375,DeForest Buckner
2.0,Grover Stewart
0.625,Al-Quadin Muhammad
1.0,Isaac Rochell
2.1875,DeForest Buckner
0.6875,Al-Quadin Muhammad
1.4375,Tyquan Lewis
0.75,Ben Banogu
0.0,E.J. Speed
0.7777777777777778,Al-Quadin Muhammad
0.8888888888888888,Isaac Rochell
1.2222222222222223,Taylor Stallworth
1.7777777777777777,Khalil Davis
2.0,Aaron Donald
0.5416666666666666,Leonard Floyd
1.125,Sebastian Joseph
0.3333333333333333,Terrell Lewis
1.7083333333333333,Michael Hoecht
1.9230769230769231,Aaron Donald
0.8461538461538461,Leonard Floyd
1.0,Sebastian Joseph
0.0769230769230769,Terrell Lewis
1.1538461538461535,Michael Hoecht
0.6875,Leonard Floyd
0.75,Ogbonnia Okoronkwo
0.875,Greg Gaines
1.125,Troy Reeder
1.1875,Jonah Williams
1.4285714285714286,Aaron Donald
0.7857142857142857,Leonard Floyd
0.9285714285714286,Ogbonnia Okoronkwo
1.1428571428571428,Sebastian Joseph
0.9615384615384616,Leonard Williams
1.2307692307692308,Reggie Ragland
2.1153846153846154,Austin Johnson
0.8076923076923077,Lorenzo Carter
0.3846153846153846,Tae Crowder
0.5,Azeez Ojulari
1.2307692307692308,Leonard Williams
1.2307692307692308,Lorenzo Carter
1.2692307692307692,Dexter Lawrence
0.9615384615384616,Azeez Ojulari
2.5,Leonard Williams
0.6538461538461539,Lorenzo Carter
1.6538461538461535,Dexter Lawrence
1.1153846153846154,Azeez Ojulari
0.8846153846153846,Leonard Williams
0.8461538461538461,Lorenzo Carter
2.0,Dexter Lawrence
1.2307692307692308,Oshane Ximines
1.5384615384615383,Aaron Donald
0.8076923076923077,Leonard Floyd
1.4615384615384617,A'Shawn Robinson
1.7692307692307692,Sebastian Joseph
0.9047619047619048,Aaron Donald
1.5238095238095235,Leonard Floyd
2.0,Sebastian Joseph
0.0,Taylor Rapp
1.0476190476190477,Terrell Lewis
1.2307692307692308,Aaron Donald
1.1923076923076923,Leonard Floyd
0.7692307692307693,Greg Gaines
1.2307692307692308,Terrell Lewis
0.9615384615384616,Aaron Donald
0.8461538461538461,Leonard Floyd
2.230769230769231,Sebastian Joseph
0.8076923076923077,Terrell Lewis
1.7777777777777777,A'Shawn Robinson
0.8888888888888888,Ogbonnia Okoronkwo
1.3333333333333333,Greg Gaines
0.0,Terrell Lewis
1.0,Jonah Williams
0.8846153846153846,Aaron Donald
1.4230769230769231,Leonard Floyd
0.7307692307692307,Ogbonnia Okoronkwo
2.1153846153846154,Sebastian Joseph
2.4375,Leonard Williams
1.5625,Austin Johnson
1.25,Dexter Lawrence
0.75,Oshane Ximines
1.173913043478261,Leonard Williams
2.0,Austin Johnson
0.8260869565217391,Lorenzo Carter
1.3043478260869563,Oshane Ximines
0.6923076923076923,Leonard Williams
1.3846153846153846,Austin Johnson
1.2307692307692308,Lorenzo Carter
0.6923076923076923,Oshane Ximines
1.3333333333333333,Aaron Donald
1.0,Sebastian Joseph
0.5,Terrell Lewis
2.0,Jonah Williams
1.3461538461538465,Danny Shelton
1.5384615384615383,Dexter Lawrence
0.9230769230769232,Tae Crowder
1.5769230769230769,Raymond Johnson
1.125,Leonard Williams
1.875,Austin Johnson
1.0,Oshane Ximines
0.9166666666666666,Azeez Ojulari
1.2105263157894737,Aaron Donald
0.7894736842105263,Sebastian Joseph
1.2105263157894737,Greg Gaines
0.8947368421052632,Michael Hoecht
2.066666666666667,Leonard Williams
0.8,Lorenzo Carter
1.0,Dexter Lawrence
1.0,Azeez Ojulari
1.3333333333333333,Aaron Donald
0.8,Leonard Floyd
1.2,A'Shawn Robinson
1.6666666666666667,Sebastian Joseph
0.8235294117647058,Aaron Donald
1.411764705882353,Leonard Floyd
0.7058823529411765,Ogbonnia Okoronkwo
1.1764705882352942,Sebastian Joseph
1.3461538461538465,Danny Shelton
1.3846153846153846,Austin Johnson
1.0769230769230769,Lorenzo Carter
0.8846153846153846,Julian Love
1.1923076923076923,Azeez Ojulari
1.1153846153846154,Leonard Williams
0.8846153846153846,Lorenzo Carter
2.0,Dexter Lawrence
1.0,Azeez Ojulari
1.2105263157894737,Aaron Donald
0.7368421052631579,Leonard Floyd
1.105263157894737,Ogbonnia Okoronkwo
1.0,Sebastian Joseph
1.263157894736842,Michael Hoecht
1.0,Leonard Williams
1.2,Austin Johnson
1.6666666666666667,Dexter Lawrence
1.25,Aaron Donald
1.3333333333333333,Sebastian Joseph
0.6666666666666666,Terrell Lewis
0.75,Jamir Jones
1.4545454545454546,Aaron Donald
1.818181818181818,Sebastian Joseph
0.7272727272727273,Terrell Lewis
0.5454545454545454,Jamir Jones
1.263157894736842,Aaron Donald
1.5263157894736843,Leonard Floyd
1.4736842105263157,Sebastian Joseph
0.0526315789473684,Terrell Lewis
1.0,Leonard Williams
1.0,Lorenzo Carter
2.0,Dexter Lawrence
1.0,Azeez Ojulari
0.4230769230769231,Logan Ryan
1.6153846153846154,Leonard Williams
0.2692307692307692,Jabrill Peppers
1.6923076923076923,Lorenzo Carter
1.105263157894737,Leonard Williams
0.8421052631578947,Lorenzo Carter
1.5789473684210529,Carter Coughlin
1.0,Azeez Ojulari
2.6538461538461537,Aaron Donald
0.5769230769230769,Leonard Floyd
0.7692307692307693,Ogbonnia Okoronkwo
1.1923076923076923,Sebastian Joseph
1.875,Leonard Williams
1.4583333333333333,Lorenzo Carter
1.6666666666666667,Azeez Ojulari
1.3461538461538465,Leonard Williams
1.3461538461538465,Lorenzo Carter
1.9230769230769231,Azeez Ojulari
1.0,Leonard Williams
1.0833333333333333,Austin Johnson
0.4166666666666667,Jabrill Peppers
1.4166666666666667,Lorenzo Carter
0.9166666666666666,Azeez Ojulari
0.25,Danny Shelton
0.0,Reggie Ragland
1.0,Lorenzo Carter
1.75,Dexter Lawrence
1.0,Azeez Ojulari
1.619047619047619,Aaron Donald
2.0,A'Shawn Robinson
1.0,Sebastian Joseph
0.3809523809523809,Terrell Lewis
1.7857142857142858,Aaron Donald
0.7142857142857143,Leonard Floyd
0.5,Kenny Young
1.4285714285714286,Sebastian Joseph
0.8571428571428571,Terrell Lewis
1.8461538461538465,Aaron Donald
1.1538461538461535,Leonard Floyd
0.5769230769230769,Kenny Young
1.3846153846153846,Greg Gaines
0.5384615384615384,Terrell Lewis
0.6,Aaron Donald
1.2,Leonard Floyd
0.6,Kenny Young
2.066666666666667,Sebastian Joseph
0.6,Terrell Lewis
2.4166666666666665,Aaron Donald
1.0416666666666667,Ogbonnia Okoronkwo
1.0416666666666667,Sebastian Joseph
1.0,Jamir Jones
1.3076923076923077,Leonard Williams
1.3076923076923077,Austin Johnson
1.6923076923076923,Dexter Lawrence
1.2,Leonard Williams
1.2,Danny Shelton
0.9,Jabrill Peppers
0.55,Lorenzo Carter
1.1,Azeez Ojulari
1.391304347826087,Aaron Donald
0.6521739130434783,Leonard Floyd
2.0434782608695654,A'Shawn Robinson
1.0869565217391304,Greg Gaines
1.2307692307692308,Aaron Donald
1.0,Leonard Floyd
0.8076923076923077,Ogbonnia Okoronkwo
1.0,Greg Gaines
0.0,Ernest Jones
0.9230769230769232,Aaron Donald
0.8846153846153846,Leonard Floyd
1.0,Ogbonnia Okoronkwo
1.9230769230769231,Sebastian Joseph
1.2,Leonard Williams
1.4666666666666666,Austin Johnson
0.8,Dexter Lawrence
1.0,Azeez Ojulari
1.2307692307692308,Leonard Williams
1.4615384615384617,Austin Johnson
1.1153846153846154,Dexter Lawrence
1.0,Azeez Ojulari
1.2,A'Shawn Robinson
0.72,Ogbonnia Okoronkwo
1.0,Greg Gaines
1.12,Jonah Williams
0.88,Jamir Jones
1.0,Greg Gaines
2.0,Michael Hoecht
1.0555555555555556,Jonah Williams
0.7222222222222222,Jamir Jones
0.8846153846153846,Ogbonnia Okoronkwo
1.6538461538461535,Greg Gaines
1.4615384615384617,Terrell Lewis
1.8461538461538465,Michael Hoecht
1.6153846153846154,Greg Gaines
0.6153846153846154,Terrell Lewis
1.2307692307692308,Michael Hoecht
0.8461538461538461,Jamir Jones
2.0,Greg Gaines
0.9285714285714286,Terrell Lewis
1.0714285714285714,Michael Hoecht
0.8571428571428571,Jamir Jones
1.0,Greg Gaines
0.5,Terrell Lewis
2.0,Michael Hoecht
1.0,Jamir Jones
0.7307692307692307,Kenny Young
1.3076923076923077,Greg Gaines
0.9615384615384616,Terrell Lewis
2.3846153846153846,Jonah Williams
1.5454545454545454,Greg Gaines
1.6363636363636365,Terrell Lewis
0.9545454545454546,Jonah Williams
0.6363636363636364,Jamir Jones
0.8571428571428571,Terrell Lewis
1.1428571428571428,Michael Hoecht
1.3333333333333333,Jonah Williams
1.0,Jamir Jones
0.8461538461538461,Terrell Lewis
1.1538461538461535,Michael Hoecht
1.4615384615384617,Jonah Williams
1.0769230769230769,Jamir Jones
1.3636363636363635,Terrell Lewis
0.6363636363636364,Michael Hoecht
1.5909090909090908,Jonah Williams
1.0,Jamir Jones
0.8636363636363636,Terrell Lewis
0.9090909090909092,Michael Hoecht
2.0,Jonah Williams
1.4090909090909092,Jamir Jones
0.8125,Ogbonnia Okoronkwo
0.875,Terrell Lewis
1.125,Michael Hoecht
1.5,Jonah Williams
0.8571428571428571,Ogbonnia Okoronkwo
0.7857142857142857,Terrell Lewis
1.1428571428571428,Michael Hoecht
1.5,Jonah Williams
1.1538461538461535,Ogbonnia Okoronkwo
1.0,Terrell Lewis
1.3846153846153846,Michael Hoecht
1.1153846153846154,Jonah Williams
0.8333333333333334,Ogbonnia Okoronkwo
1.8333333333333333,Terrell Lewis
0.9166666666666666,Michael Hoecht
1.1666666666666667,Jonah Williams
0.75,Ernest Jones
1.6923076923076923,Ogbonnia Okoronkwo
0.8846153846153846,Terrell Lewis
0.9615384615384616,Michael Hoecht
1.4615384615384617,Jonah Williams
0.92,Terrell Lewis
0.88,Michael Hoecht
1.68,Jonah Williams
0.92,Jamir Jones
1.0,Frank Clark
0.9615384615384616,Jarran Reed
1.0384615384615383,Derrick Nnadi
1.1538461538461535,Willie Gay
0.7307692307692307,Michael Danna
1.0,Frank Clark
1.8333333333333333,Jarran Reed
0.0,Ben Niemann
1.0,Michael Danna
1.0,Tershawn Wharton
2.0,Matt Ioannidis
1.0,Daron Payne
0.0,Chase Young
0.8823529411764706,James Smith-Williams
0.4117647058823529,Jamin Davis
2.0,Matt Ioannidis
2.0,Jonathan Allen
1.4615384615384617,Montez Sweat
1.1923076923076923,Casey Toohill
1.2777777777777777,Matt Ioannidis
1.2222222222222223,Jonathan Allen
0.7222222222222222,Montez Sweat
0.7222222222222222,Casey Toohill
1.0555555555555556,Jamin Davis
1.0,Alex Okafor
0.5333333333333333,Frank Clark
1.4666666666666666,Jarran Reed
1.8,Derrick Nnadi
0.8846153846153846,Alex Okafor
1.1538461538461535,Frank Clark
1.1153846153846154,Jarran Reed
1.0,Derrick Nnadi
0.8461538461538461,L'Jarius Sneed
0.9,Frank Clark
1.5,Jarran Reed
0.75,Ben Niemann
0.05,Michael Danna
1.7,Tershawn Wharton
1.0,Demone Harris
2.0,Khalen Saunders
0.9230769230769232,Michael Danna
1.0384615384615383,Tershawn Wharton
0.3684210526315789,Alex Okafor
1.1578947368421053,Frank Clark
1.7894736842105263,Jarran Reed
1.4736842105263157,Tershawn Wharton
0.8571428571428571,Alex Okafor
1.5238095238095235,Daniel Sorensen
1.0,Frank Clark
1.4761904761904765,Jarran Reed
0.5714285714285714,Ben Niemann
1.0952380952380951,Tershawn Wharton
1.7916666666666667,Jonathan Allen
0.5416666666666666,Daron Payne
0.875,Montez Sweat
1.0,Chase Young
1.25,Jonathan Allen
1.0833333333333333,Daron Payne
0.9166666666666666,Chase Young
1.4583333333333333,James Smith-Williams
1.1875,Jonathan Allen
2.0,Daron Payne
0.875,Chase Young
0.8125,James Smith-Williams
1.5,Derrick Nnadi
1.75,Khalen Saunders
0.9166666666666666,Willie Gay
0.75,Michael Danna
0.25,Tershawn Wharton
0.0,Nick Bolton
0.25,Frank Clark
1.0833333333333333,Jarran Reed
0.9583333333333334,Ben Niemann
1.0416666666666667,Michael Danna
1.6666666666666667,Tershawn Wharton
1.8076923076923077,Matt Ioannidis
0.7307692307692307,Jonathan Allen
1.6923076923076923,Chase Young
1.8846153846153848,Shaka Toney
1.375,Matt Ioannidis
2.0,Jonathan Allen
1.0,Chase Young
1.0625,Shaka Toney
1.8846153846153848,Matt Ioannidis
1.5769230769230769,Jonathan Allen
0.4230769230769231,Montez Sweat
0.9615384615384616,Chase Young
1.2142857142857142,Alex Okafor
0.1428571428571428,Frank Clark
2.0,Jarran Reed
1.0,Tershawn Wharton
0.7857142857142857,Nick Bolton
0.8461538461538461,Alex Okafor
1.4615384615384617,Frank Clark
1.1538461538461535,Jarran Reed
1.3076923076923077,Tershawn Wharton
1.4090909090909092,Frank Clark
1.5909090909090908,Derrick Nnadi
1.0,Michael Danna
1.4285714285714286,Alex Okafor
0.7142857142857143,Frank Clark
1.2857142857142858,Michael Danna
1.3571428571428572,Tershawn Wharton
1.0,Daron Payne
1.434782608695652,Tim Settle
0.6521739130434783,Montez Sweat
0.3043478260869565,James Smith-Williams
0.9615384615384616,Daron Payne
1.8461538461538465,Tim Settle
1.1538461538461535,Montez Sweat
1.3461538461538465,Chase Young
1.8076923076923077,Jonathan Allen
1.1923076923076923,Daron Payne
1.0384615384615383,Montez Sweat
0.8076923076923077,Chase Young
1.6923076923076923,Jarran Reed
1.4615384615384617,Derrick Nnadi
1.0,Demone Harris
1.0,Michael Danna
1.3076923076923077,Matt Ioannidis
1.0,Jonathan Allen
1.5,Montez Sweat
1.3846153846153846,Chase Young
0.5,Alex Okafor
1.0,Frank Clark
1.1538461538461535,Derrick Nnadi
1.7307692307692308,Khalen Saunders
1.0,Alex Okafor
0.0,Frank Clark
1.1764705882352942,Derrick Nnadi
1.0,Ben Niemann
1.7058823529411764,Khalen Saunders
0.8461538461538461,Frank Clark
1.0769230769230769,Jarran Reed
1.3461538461538465,Michael Danna
1.6538461538461535,Tershawn Wharton
0.8461538461538461,Alex Okafor
1.0,Frank Clark
2.0,Derrick Nnadi
1.1538461538461535,Khalen Saunders
0.9230769230769232,Alex Okafor
1.5769230769230769,Frank Clark
1.2692307692307692,Derrick Nnadi
1.0769230769230769,Khalen Saunders
1.2307692307692308,Derrick Nnadi
0.8846153846153846,Demone Harris
1.7692307692307692,Khalen Saunders
1.0,Michael Danna
1.4545454545454546,Jonathan Allen
1.2272727272727273,Daron Payne
1.5454545454545454,Montez Sweat
0.7727272727272727,Chase Young
1.7647058823529411,Jonathan Allen
1.3529411764705883,Daron Payne
0.8235294117647058,Montez Sweat
0.6470588235294118,Chase Young
1.6666666666666667,Jonathan Allen
1.1666666666666667,Daron Payne
1.0555555555555556,Montez Sweat
0.8333333333333334,Chase Young
1.5789473684210529,Matt Ioannidis
1.3157894736842106,Daron Payne
1.368421052631579,Montez Sweat
0.6842105263157895,Chase Young
1.6153846153846154,Frank Clark
1.3076923076923077,Jarran Reed
1.0,Michael Danna
1.0,Tershawn Wharton
0.0,Landon Collins
1.181818181818182,Jonathan Allen
1.0,Daron Payne
0.8181818181818182,Montez Sweat
1.7272727272727273,Chase Young
1.0666666666666669,Jonathan Allen
1.6666666666666667,Daron Payne
0.8666666666666667,Montez Sweat
0.6666666666666666,Chase Young
1.7692307692307692,Matt Ioannidis
1.3461538461538465,Jonathan Allen
0.4615384615384615,Chase Young
0.9230769230769232,James Smith-Williams
2.05,Matt Ioannidis
1.0,Jonathan Allen
0.9,Chase Young
0.9,James Smith-Williams
0.0,Tyrann Mathieu
1.3846153846153846,Frank Clark
1.9230769230769231,Jarran Reed
1.1538461538461535,Derrick Nnadi
0.3076923076923077,Michael Danna
1.0769230769230769,Jonathan Allen
1.8461538461538465,Daron Payne
0.9615384615384616,Montez Sweat
0.9230769230769232,James Smith-Williams
1.5454545454545454,Jonathan Allen
1.181818181818182,Daron Payne
0.8181818181818182,Chase Young
0.7272727272727273,James Smith-Williams
1.1176470588235294,Jonathan Allen
1.0,Daron Payne
0.8823529411764706,Montez Sweat
1.1176470588235294,Chase Young
1.2222222222222223,Matt Ioannidis
1.7222222222222223,Jonathan Allen
0.8333333333333334,Montez Sweat
0.7777777777777778,Chase Young
1.0625,Matt Ioannidis
1.3125,Jonathan Allen
1.0,Montez Sweat
1.0,James Smith-Williams
1.3888888888888888,Alex Okafor
2.0,Jarran Reed
1.0,Michael Danna
0.6923076923076923,Frank Clark
1.3076923076923077,Jarran Reed
1.2307692307692308,Michael Danna
1.2692307692307692,Tershawn Wharton
1.1153846153846154,Jonathan Allen
1.6923076923076923,Daron Payne
0.8846153846153846,Montez Sweat
0.7307692307692307,Chase Young
1.3,Matt Ioannidis
0.35,Jonathan Allen
2.15,Montez Sweat
0.7,Chase Young
1.7692307692307692,Jarran Reed
1.0,Derrick Nnadi
1.0,Willie Gay
1.0,Tershawn Wharton
0.9090909090909092,Alex Okafor
1.4090909090909092,Frank Clark
0.5909090909090909,Michael Danna
2.090909090909091,Tershawn Wharton
1.0,Alex Okafor
1.0,Daniel Sorensen
1.5833333333333333,Michael Danna
1.5833333333333333,Tershawn Wharton
0.0,Tyrann Mathieu
0.8076923076923077,Daniel Sorensen
0.9230769230769232,Frank Clark
1.9230769230769231,Jarran Reed
2.1538461538461537,Tershawn Wharton
1.1153846153846154,Matt Ioannidis
1.6538461538461535,Daron Payne
0.9615384615384616,Montez Sweat
0.6923076923076923,Chase Young
2.0,Matt Ioannidis
1.1363636363636365,Jonathan Allen
1.0,Montez Sweat
0.8636363636363636,Shaka Toney
1.1153846153846154,Matt Ioannidis
1.8846153846153848,Jonathan Allen
0.8846153846153846,Montez Sweat
0.6538461538461539,Shaka Toney
1.125,Jonathan Allen
2.0,Tim Settle
1.0,Chase Young
0.875,James Smith-Williams
1.9545454545454544,Matt Ioannidis
1.6363636363636365,Daron Payne
0.1363636363636363,Chase Young
0.3636363636363636,Casey Toohill
1.1538461538461535,Matt Ioannidis
1.0384615384615383,Daron Payne
1.3846153846153846,Montez Sweat
0.6153846153846154,Cole Holcomb
1.0384615384615383,Chase Young
2.076923076923077,Jonathan Allen
1.1923076923076923,Tim Settle
0.9230769230769232,Montez Sweat
0.8076923076923077,Chase Young
2.0,Matt Ioannidis
1.1111111111111112,Daron Payne
0.8888888888888888,Montez Sweat
0.8333333333333334,Chase Young
1.6923076923076923,Frank Clark
1.0769230769230769,Jarran Reed
1.3461538461538465,Tershawn Wharton
0.8421052631578947,Alex Okafor
0.8421052631578947,Frank Clark
1.1578947368421053,Jarran Reed
1.9473684210526316,Tershawn Wharton
1.3076923076923077,Jordan Hicks
1.0,Michael Dogbe
0.8461538461538461,Leki Fotu
1.6923076923076923,Rashard Lawrence
1.0,J.J. Watt
0.9230769230769232,Markus Golden
0.0,Dennis Gardeck
2.6538461538461537,Leki Fotu
1.1153846153846154,Malik Jackson
1.5769230769230769,Jadeveon Clowney
1.4230769230769231,Myles Garrett
2.0,Malik McDowell
1.0869565217391304,Malik Jackson
1.0,Jadeveon Clowney
0.8695652173913043,Myles Garrett
2.0,Malik McDowell
1.08,Malik Jackson
0.92,Jadeveon Clowney
2.16,Myles Garrett
0.84,Takkarist McKinley
1.3478260869565215,Malik Jackson
0.8695652173913043,Jadeveon Clowney
1.6956521739130437,Myles Garrett
1.565217391304348,Takkarist McKinley
0.8181818181818182,J.J. Watt
1.7272727272727273,Jordan Phillips
0.0,Markus Golden
1.0,Jonathan Ledbetter
1.2727272727272727,Leki Fotu
1.9615384615384617,J.J. Watt
1.0,Devon Kennard
1.1153846153846154,Jordan Phillips
0.7692307692307693,Markus Golden
1.5769230769230769,J.J. Watt
1.6538461538461535,Jordan Phillips
1.2692307692307692,Markus Golden
1.0,Jonathan Ledbetter
1.5714285714285714,Jordan Phillips
1.0,Markus Golden
1.0,Michael Dogbe
1.0952380952380951,Leki Fotu
1.7692307692307692,J.J. Watt
1.0,Devon Kennard
0.9615384615384616,Markus Golden
1.0769230769230769,Michael Dogbe
1.1153846153846154,J.J. Watt
1.0,Devon Kennard
1.2307692307692308,Jordan Phillips
0.9615384615384616,Markus Golden
0.0,Jordan Hicks
0.6538461538461539,Budda Baker
0.5,Isaiah Simmons
1.3888888888888888,Malik Jackson
0.8333333333333334,Jadeveon Clowney
0.4444444444444444,Troy Hill
1.8333333333333333,Myles Garrett
0.8888888888888888,Malik McDowell
2.0,Sheldon Day
1.3846153846153846,Takkarist McKinley
0.9230769230769232,Joe Jackson
1.0384615384615383,Jordan Elliott
1.6666666666666667,Malik Jackson
1.0,Jadeveon Clowney
1.2777777777777777,Sheldon Day
1.0,Myles Garrett
1.9230769230769231,J.J. Watt
0.5384615384615384,Markus Golden
1.0384615384615383,Jordan Hicks
1.1538461538461535,Michael Dogbe
2.3846153846153846,J.J. Watt
0.6923076923076923,Devon Kennard
1.2307692307692308,Jordan Phillips
1.0769230769230769,Jonathan Ledbetter
1.0,J.J. Watt
0.96,Markus Golden
1.4,Kylie Fitts
1.64,Dennis Gardeck
1.4615384615384617,Malik Jackson
1.2307692307692308,Jadeveon Clowney
0.9230769230769232,Myles Garrett
1.1538461538461535,Malik McDowell
2.764705882352941,J.J. Watt
0.9411764705882352,Devon Kennard
1.5294117647058822,Jordan Phillips
1.0,Markus Golden
0.8823529411764706,Devon Kennard
1.7058823529411764,Jordan Phillips
1.588235294117647,Kylie Fitts
1.9166666666666667,J.J. Watt
1.0,Markus Golden
0.75,Dennis Gardeck
1.0833333333333333,Michael Dogbe
0.2,Malik Jackson
0.45,Jadeveon Clowney
1.5,Myles Garrett
0.85,Takkarist McKinley
2.0,Jeremiah Owusu-Koramoah
1.1538461538461535,Malik Jackson
1.8461538461538465,Jadeveon Clowney
0.8846153846153846,Takkarist McKinley
2.0,Malik McDowell
1.619047619047619,Malik Jackson
0.4761904761904761,Jadeveon Clowney
0.8571428571428571,Myles Garrett
1.5238095238095235,Malik McDowell
2.125,J.J. Watt
0.5416666666666666,Markus Golden
0.4583333333333333,Dennis Gardeck
1.625,Leki Fotu
1.9545454545454544,J.J. Watt
0.8636363636363636,Markus Golden
1.0909090909090908,Dennis Gardeck
2.5,Leki Fotu
1.5769230769230769,J.J. Watt
1.0769230769230769,Markus Golden
0.9230769230769232,Dennis Gardeck
1.1923076923076923,Leki Fotu
1.9230769230769231,J.J. Watt
0.5384615384615384,Markus Golden
1.4230769230769231,Dennis Gardeck
1.1153846153846154,Leki Fotu
1.1538461538461535,Malik Jackson
1.0,Jadeveon Clowney
0.5769230769230769,Troy Hill
1.9230769230769231,Myles Garrett
1.3846153846153846,Malik McDowell
1.1304347826086956,Malik Jackson
1.826086956521739,Jadeveon Clowney
1.7391304347826086,Myles Garrett
0.8695652173913043,Malik McDowell
1.2,Malik Jackson
1.2,Jadeveon Clowney
1.4,Myles Garrett
1.28,Malik McDowell
0.8461538461538461,J.J. Watt
1.1538461538461535,Jordan Phillips
0.0,Markus Golden
1.4230769230769231,Jonathan Ledbetter
1.4615384615384617,Leki Fotu
0.9230769230769232,J.J. Watt
1.0,Markus Golden
0.6538461538461539,Jordan Hicks
2.1153846153846154,Kylie Fitts
0.7692307692307693,Dennis Gardeck
1.4615384615384617,Jadeveon Clowney
2.0,Sheldon Day
1.5384615384615383,Myles Garrett
0.5384615384615384,Jordan Elliott
0.7894736842105263,Malik Jackson
1.2105263157894737,Jadeveon Clowney
1.9473684210526316,Myles Garrett
0.7894736842105263,Takkarist McKinley
1.8076923076923077,J.J. Watt
1.1923076923076923,Devon Kennard
0.8076923076923077,Michael Dogbe
1.1923076923076923,Leki Fotu
1.8846153846153848,J.J. Watt
0.9615384615384616,Markus Golden
0.2692307692307692,Jordan Hicks
1.9615384615384617,Michael Dogbe
1.1875,Malik Jackson
1.0,Jadeveon Clowney
0.6875,Myles Garrett
1.8125,Malik McDowell
1.6153846153846154,Malik Jackson
1.3846153846153846,Jadeveon Clowney
1.3461538461538465,Myles Garrett
1.0,Ronnie Harrison
0.6538461538461539,Grant Delpit
1.25,Malik Jackson
1.0,Jadeveon Clowney
0.9166666666666666,Takkarist McKinley
1.4166666666666667,Malik McDowell
1.2692307692307692,Malik Jackson
1.3076923076923077,Jadeveon Clowney
0.7307692307692307,Takkarist McKinley
1.6153846153846154,Malik McDowell
1.7777777777777777,J.J. Watt
1.1666666666666667,Jordan Phillips
0.8333333333333334,Markus Golden
1.2222222222222223,Leki Fotu
1.0,J.J. Watt
1.9230769230769231,Jordan Phillips
1.3076923076923077,Markus Golden
0.9230769230769232,Dennis Gardeck
0.8846153846153846,J.J. Watt
0.9230769230769232,Markus Golden
2.1538461538461537,Kylie Fitts
0.9615384615384616,Dennis Gardeck
1.0,J.J. Watt
0.7272727272727273,Devon Kennard
1.681818181818182,Jordan Phillips
0.3181818181818182,Isaiah Simmons
1.5909090909090908,Leki Fotu
2.15,J.J. Watt
0.75,Markus Golden
0.8,Dennis Gardeck
1.0,Leki Fotu
1.4545454545454546,J.J. Watt
0.5454545454545454,Markus Golden
1.0,Jordan Hicks
0.0,Dennis Gardeck
0.0,Byron Murphy
0.0,Isaiah Simmons
2.0,Leki Fotu
1.5769230769230769,Jadeveon Clowney
1.3846153846153846,Myles Garrett
2.0,Malik McDowell
0.4230769230769231,Greedy Williams
1.0,Jordan Elliott
0.2,Troy Hill
1.0666666666666669,Sheldon Day
0.9333333333333332,Takkarist McKinley
1.6,Joe Jackson
1.0,Jordan Elliott
2.0,J.J. Watt
1.0,Devon Kennard
0.8333333333333334,Markus Golden
1.0,Michael Dogbe
1.2608695652173914,J.J. Watt
0.9565217391304348,Devon Kennard
0.7391304347826086,Markus Golden
1.6521739130434785,Michael Dogbe
2.3076923076923075,J.J. Watt
0.6153846153846154,Markus Golden
0.1538461538461538,Budda Baker
1.1538461538461535,Dennis Gardeck
0.1538461538461538,Isaiah Simmons
0.6923076923076923,Von Miller
0.8461538461538461,Mike Purcell
2.1538461538461537,Shelby Harris
1.5384615384615383,Dre'Mont Jones
0.7272727272727273,Von Miller
1.5454545454545454,Shelby Harris
1.181818181818182,Dre'Mont Jones
1.4090909090909092,Malik Reed
1.3846153846153846,Damion Square
1.6153846153846154,Yannick Ngakoue
2.0,Quinton Jefferson
1.6153846153846154,Maxx Crosby
1.8461538461538465,Damion Square
1.0769230769230769,Yannick Ngakoue
1.0,Quinton Jefferson
1.0,Maxx Crosby
0.6923076923076923,Denzel Perryman
1.0769230769230769,Yannick Ngakoue
0.5769230769230769,Quinton Jefferson
1.7307692307692308,Solomon Thomas
1.2692307692307692,Maxx Crosby
1.0,Damion Square
1.08,Yannick Ngakoue
1.12,Quinton Jefferson
0.72,Johnathan Abram
1.0,Maxx Crosby
0.875,Von Miller
2.0,Shelby Harris
1.125,Dre'Mont Jones
0.9375,Malik Reed
1.2352941176470589,Von Miller
0.9411764705882352,DeShawn Williams
2.2941176470588234,Dre'Mont Jones
0.2941176470588235,Malik Reed
1.1923076923076923,Damion Square
1.0,Yannick Ngakoue
2.1538461538461537,Solomon Thomas
1.6153846153846154,Maxx Crosby
1.8333333333333333,Yannick Ngakoue
1.2777777777777777,Quinton Jefferson
1.1666666666666667,Solomon Thomas
0.7222222222222222,Maxx Crosby
2.0,Damion Square
0.96,Yannick Ngakoue
1.0,Quinton Jefferson
1.0,Maxx Crosby
1.12,Mike Purcell
1.32,Shelby Harris
1.0,A.J. Johnson
1.0,Dre'Mont Jones
0.9615384615384616,Von Miller
0.9230769230769232,Mike Purcell
1.4615384615384617,Dre'Mont Jones
1.0769230769230769,Malik Reed
0.8076923076923077,Von Miller
1.1923076923076923,DeShawn Williams
1.8461538461538465,Dre'Mont Jones
1.0384615384615383,Malik Reed
1.16,Yannick Ngakoue
2.36,Quinton Jefferson
1.12,Solomon Thomas
0.8,Maxx Crosby
1.0,Von Miller
2.0,Mike Purcell
1.0,Shamar Stephen
1.2105263157894737,DeShawn Williams
1.0,Malik Reed
0.631578947368421,Justin Strnad
0.3846153846153846,Von Miller
1.2307692307692308,Shelby Harris
1.2307692307692308,Dre'Mont Jones
1.2692307692307692,Malik Reed
1.0,Yannick Ngakoue
1.0,Solomon Thomas
1.4,Kendal Vickers
1.6,Maxx Crosby
1.1923076923076923,Yannick Ngakoue
0.6538461538461539,Quinton Jefferson
1.3461538461538465,Kendal Vickers
1.3461538461538465,Maxx Crosby
1.1923076923076923,Damion Square
1.0,Yannick Ngakoue
1.7692307692307692,Quinton Jefferson
1.4230769230769231,Maxx Crosby
1.4230769230769231,Damion Square
1.5769230769230769,Yannick Ngakoue
1.2692307692307692,Quinton Jefferson
1.3076923076923077,Maxx Crosby
1.0,Von Miller
2.0,Shelby Harris
1.75,Dre'Mont Jones
1.0,Malik Reed
0.7692307692307693,Von Miller
2.1153846153846154,Shelby Harris
2.0,Dre'Mont Jones
0.7307692307692307,Justin Strnad
0.8461538461538461,Von Miller
1.8461538461538465,DeShawn Williams
0.9230769230769232,Malik Reed
1.5217391304347827,Damion Square
1.0,Carl Nassib
0.5217391304347826,Yannick Ngakoue
1.4782608695652173,Quinton Jefferson
0.5714285714285714,Damion Square
0.8571428571428571,Carl Nassib
1.0,Yannick Ngakoue
2.0714285714285716,Quinton Jefferson
1.9090909090909092,Damion Square
0.7272727272727273,Carl Nassib
1.0,Yannick Ngakoue
1.2727272727272727,Quinton Jefferson
1.0,Carl Nassib
0.5,Yannick Ngakoue
1.5,Quinton Jefferson
1.3461538461538465,Kendal Vickers
0.7307692307692307,Yannick Ngakoue
1.6923076923076923,Solomon Thomas
1.1538461538461535,Maxx Crosby
0.75,Von Miller
1.5416666666666667,Shelby Harris
1.6666666666666667,Dre'Mont Jones
0.8333333333333334,Malik Reed
0.7916666666666666,Von Miller
1.8333333333333333,Shelby Harris
1.2083333333333333,Dre'Mont Jones
0.7083333333333334,Malik Reed
1.3333333333333333,DeShawn Williams
0.9166666666666666,A.J. Johnson
0.9583333333333334,Dre'Mont Jones
0.7916666666666666,Malik Reed
0.9583333333333334,Jonathon Cooper
1.0384615384615383,Von Miller
1.2307692307692308,Shamar Stephen
1.3846153846153846,DeShawn Williams
0.9230769230769232,A.J. Johnson
0.3846153846153846,Malik Reed
1.0384615384615383,Von Miller
2.0,Shelby Harris
1.3461538461538465,Dre'Mont Jones
0.8076923076923077,Malik Reed
1.9230769230769231,Yannick Ngakoue
1.6153846153846154,Quinton Jefferson
1.0769230769230769,Solomon Thomas
0.3846153846153846,Maxx Crosby
1.0,Damion Square
1.1538461538461535,Solomon Thomas
0.9230769230769232,Clelin Ferrell
2.1923076923076925,Maxx Crosby
0.9615384615384616,Yannick Ngakoue
1.0769230769230769,Quinton Jefferson
1.0384615384615383,Solomon Thomas
1.7692307692307692,Maxx Crosby
0.8333333333333334,Von Miller
1.0,Mike Purcell
1.1666666666666667,Shamar Stephen
1.0833333333333333,Dre'Mont Jones
0.3333333333333333,Jonathon Cooper
1.0,Damion Square
0.9615384615384616,Carl Nassib
0.9615384615384616,Yannick Ngakoue
1.3461538461538465,Kendal Vickers
1.1904761904761905,Damion Square
0.4285714285714285,Carl Nassib
1.0,Yannick Ngakoue
1.8571428571428572,Kendal Vickers
0.9565217391304348,Yannick Ngakoue
0.9130434782608696,Quinton Jefferson
1.3478260869565215,Solomon Thomas
1.3478260869565215,Maxx Crosby
0.5769230769230769,Von Miller
1.4230769230769231,Shelby Harris
1.6538461538461535,Dre'Mont Jones
1.4615384615384617,Malik Reed
0.0,Justin Strnad
1.5,Damion Square
1.5,Carl Nassib
1.0,Quinton Jefferson
1.0,Clelin Ferrell
2.0,Damion Square
1.1153846153846154,Carl Nassib
1.0384615384615383,Solomon Thomas
0.9615384615384616,Clelin Ferrell
0.8,Damion Square
1.2666666666666666,Carl Nassib
1.4,Solomon Thomas
1.2,Clelin Ferrell
1.1153846153846154,Yannick Ngakoue
1.6923076923076923,Solomon Thomas
1.0,Kendal Vickers
1.0,Maxx Crosby
0.7692307692307693,Von Miller
1.2307692307692308,Shelby Harris
1.3461538461538465,Dre'Mont Jones
0.9615384615384616,Malik Reed
0.0,
0.8260869565217391,Von Miller
1.2608695652173914,Shelby Harris
1.173913043478261,Dre'Mont Jones
0.782608695652174,Malik Reed
0.7391304347826086,Justin Strnad
0.391304347826087,Caden Sterns
2.0,Damion Square
1.0,Yannick Ngakoue
1.1538461538461535,Quinton Jefferson
0.7692307692307693,Maxx Crosby
1.3333333333333333,Damion Square
1.0,Yannick Ngakoue
1.6666666666666667,Quinton Jefferson
0.1111111111111111,Maxx Crosby
1.1428571428571428,Damion Square
1.0,Yannick Ngakoue
1.3571428571428572,Quinton Jefferson
0.5,Maxx Crosby
1.1304347826086956,Damion Square
0.9565217391304348,Yannick Ngakoue
1.434782608695652,Solomon Thomas
1.434782608695652,Maxx Crosby
1.0,Yannick Ngakoue
1.125,Solomon Thomas
1.2083333333333333,Kendal Vickers
0.875,Maxx Crosby
1.6666666666666667,Yannick Ngakoue
1.375,Quinton Jefferson
1.2916666666666667,Solomon Thomas
0.625,Maxx Crosby
1.1923076923076923,Yannick Ngakoue
1.7307692307692308,Solomon Thomas
1.7307692307692308,Maxx Crosby
1.0,Carl Nassib
1.8846153846153848,Solomon Thomas
1.0,Kendal Vickers
0.6538461538461539,Maxx Crosby
1.6923076923076923,Damion Square
0.9615384615384616,Carl Nassib
1.0,Clelin Ferrell
1.0,Damion Square
1.0,Carl Nassib
1.7058823529411764,Solomon Thomas
1.0,Clelin Ferrell
0.7894736842105263,Von Miller
2.0,Shelby Harris
2.0526315789473686,Dre'Mont Jones
0.0,Malik Reed
1.2608695652173914,Damion Square
1.434782608695652,Yannick Ngakoue
1.7391304347826086,Quinton Jefferson
0.8260869565217391,Maxx Crosby
1.6956521739130437,Damion Square
1.2608695652173914,Yannick Ngakoue
1.1304347826086956,Quinton Jefferson
1.0869565217391304,Maxx Crosby
0.4230769230769231,Yannick Ngakoue
1.4230769230769231,Quinton Jefferson
2.3461538461538463,Solomon Thomas
0.5769230769230769,Maxx Crosby
0.8846153846153846,Carl Nassib
1.1153846153846154,Solomon Thomas
1.6538461538461535,Kendal Vickers
1.0,Clelin Ferrell
0.7142857142857143,Carl Nassib
1.2857142857142858,Solomon Thomas
2.0,Kendal Vickers
1.0,Clelin Ferrell
1.0952380952380951,Damion Square
0.9523809523809524,Yannick Ngakoue
0.9523809523809524,Solomon Thomas
0.9047619047619048,Maxx Crosby
1.1875,Damion Square
0.75,Yannick Ngakoue
1.6875,Solomon Thomas
1.125,Maxx Crosby
1.3125,Damion Square
1.0,Yannick Ngakoue
1.125,Solomon Thomas
1.0,Maxx Crosby
1.65,Damion Square
1.0,Yannick Ngakoue
1.25,Solomon Thomas
0.65,Maxx Crosby
1.1764705882352942,Damion Square
0.6470588235294118,Yannick Ngakoue
1.411764705882353,Quinton Jefferson
1.3529411764705883,Maxx Crosby
1.0,Damion Square
1.0,Yannick Ngakoue
1.3461538461538465,Quinton Jefferson
0.8076923076923077,Maxx Crosby
1.2692307692307692,Yannick Ngakoue
1.3076923076923077,Quinton Jefferson
1.0384615384615383,Solomon Thomas
1.5769230769230769,Maxx Crosby
1.0769230769230769,Yannick Ngakoue
1.5,Quinton Jefferson
2.0384615384615383,Solomon Thomas
0.5,Maxx Crosby
1.1428571428571428,Lawrence Guy
0.0,Dont'a Hightower
1.5714285714285714,Deatrich Wise
1.8571428571428572,Davon Godchaux
0.0,Kyle Dugger
1.72,Carl Davis
1.28,Matt Judon
1.88,Ja'Whaun Bentley
0.72,Josh Uche
0.32,Christian Barmore
1.9444444444444444,Lawrence Guy
1.6111111111111112,Kyle Van Noy
0.9444444444444444,Deatrich Wise
2.0,Davon Godchaux
1.6923076923076923,Lawrence Guy
0.0384615384615384,Kyle Van Noy
1.9230769230769231,Deatrich Wise
1.0769230769230769,Davon Godchaux
0.84,Kyle Van Noy
1.76,Carl Davis
0.96,Deatrich Wise
1.0,Christian Barmore
1.0,Lawrence Guy
2.25,Carl Davis
0.3125,Matt Judon
0.875,Davon Godchaux
1.875,Christian Barmore
0.8888888888888888,Randy Gregory
1.2222222222222223,Tarell Basham
1.0555555555555556,Carlos Watkins
1.9444444444444444,Osa Odighizuwa
0.5769230769230769,Randy Gregory
0.9615384615384616,Tarell Basham
1.6923076923076923,Carlos Watkins
1.5769230769230769,Osa Odighizuwa
0.6666666666666666,Randy Gregory
1.0476190476190477,Carlos Watkins
2.047619047619047,Osa Odighizuwa
0.7142857142857143,Chauncey Golston
1.3846153846153846,Lawrence Guy
0.6153846153846154,Matt Judon
2.0,Deatrich Wise
2.0,Davon Godchaux
2.0,Lawrence Guy
1.0,Deatrich Wise
2.0,Davon Godchaux
1.1923076923076923,Carl Davis
0.9230769230769232,Matt Judon
0.3461538461538461,Ja'Whaun Bentley
1.8076923076923077,Josh Uche
1.3846153846153846,Christian Barmore
0.9130434782608696,Dont'a Hightower
0.6521739130434783,Matt Judon
1.0869565217391304,Josh Uche
1.7391304347826086,Christian Barmore
1.1153846153846154,Deatrich Wise
1.6923076923076923,Davon Godchaux
2.0,Christian Barmore
1.8076923076923077,Carl Davis
1.8076923076923077,Matt Judon
1.0,Josh Uche
1.9615384615384617,Christian Barmore
0.625,Matt Judon
1.2916666666666667,Davon Godchaux
0.9166666666666666,Josh Uche
1.4583333333333333,Christian Barmore
0.9523809523809524,Dont'a Hightower
1.238095238095238,Kyle Van Noy
0.7619047619047619,Matt Judon
0.1904761904761904,Josh Uche
2.3333333333333335,Christian Barmore
0.5384615384615384,Randy Gregory
0.9230769230769232,Tarell Basham
2.3076923076923075,Carlos Watkins
0.7307692307692307,Micah Parsons
0.8846153846153846,Osa Odighizuwa
1.0,Randy Gregory
1.0,Carlos Watkins
0.7368421052631579,Micah Parsons
1.0,Osa Odighizuwa
1.263157894736842,Chauncey Golston
1.2307692307692308,Lawrence Guy
1.7692307692307692,Matt Judon
1.0,Deatrich Wise
1.0769230769230769,Davon Godchaux
0.9285714285714286,Dont'a Hightower
0.8571428571428571,Carl Davis
0.3571428571428571,Ja'Whaun Bentley
0.7142857142857143,Josh Uche
2.0,Christian Barmore
1.3478260869565215,Dont'a Hightower
0.7391304347826086,Matt Judon
1.173913043478261,Josh Uche
1.2173913043478262,Christian Barmore
1.0,Brent Urban
0.9375,Randy Gregory
1.0,Tarell Basham
2.4375,Osa Odighizuwa
1.0,Keanu Neal
0.6111111111111112,Jayron Kearse
1.5,Tarell Basham
0.0,Jourdan Lewis
1.5555555555555556,Osa Odighizuwa
1.263157894736842,Jamie Collins
0.631578947368421,Kyle Van Noy
1.105263157894737,Davon Godchaux
1.894736842105263,Christian Barmore
1.6842105263157894,Dont'a Hightower
0.2105263157894736,Matt Judon
0.1578947368421052,J.C. Jackson
0.0,Kyle Dugger
1.1578947368421053,Josh Uche
1.7894736842105263,Christian Barmore
0.9615384615384616,Brent Urban
2.0384615384615383,Randy Gregory
0.4615384615384615,Tarell Basham
1.4230769230769231,Osa Odighizuwa
1.0,Brent Urban
0.85,Randy Gregory
0.7,Tarell Basham
2.05,Osa Odighizuwa
1.5,Lawrence Guy
1.3076923076923077,Matt Judon
0.5,Deatrich Wise
0.8846153846153846,Davon Godchaux
0.8,Kyle Van Noy
1.56,Adrian Phillips
1.32,Carl Davis
0.68,Matt Judon
1.56,Christian Barmore
1.5714285714285714,Brent Urban
0.7619047619047619,Randy Gregory
2.0,Carlos Watkins
0.4285714285714285,Chauncey Golston
0.0,Kyle Van Noy
0.7692307692307693,Deatrich Wise
1.2307692307692308,Davon Godchaux
2.423076923076923,Christian Barmore
2.0,Carl Davis
0.6538461538461539,Matt Judon
2.0,Christian Barmore
1.0,Randy Gregory
0.5,Tarell Basham
1.4285714285714286,Carlos Watkins
2.0,Osa Odighizuwa
0.5714285714285714,Randy Gregory
1.5,Tarell Basham
0.2142857142857142,Micah Parsons
1.5,Osa Odighizuwa
1.0,Chauncey Golston
1.4230769230769231,Lawrence Guy
1.2692307692307692,Deatrich Wise
1.5384615384615383,Davon Godchaux
1.7692307692307692,Lawrence Guy
0.8076923076923077,Matt Judon
0.3461538461538461,Deatrich Wise
1.8846153846153848,Davon Godchaux
1.5384615384615383,Carl Davis
0.3461538461538461,Matt Judon
0.3461538461538461,Josh Uche
2.0,Christian Barmore
0.1363636363636363,Dont'a Hightower
0.3181818181818182,Kyle Van Noy
0.6818181818181818,Matt Judon
1.4090909090909092,Davon Godchaux
0.3636363636363636,Josh Uche
1.8636363636363635,Christian Barmore
1.3333333333333333,Kyle Van Noy
1.0416666666666667,Adrian Phillips
0.875,Matt Judon
0.8333333333333334,Deatrich Wise
0.75,Josh Uche
0.9583333333333334,Christian Barmore
1.1538461538461535,Brent Urban
1.0,Carlos Watkins
0.4615384615384615,Chauncey Golston
1.8461538461538465,Quinton Bohanna
2.3181818181818183,Brent Urban
1.0454545454545454,Randy Gregory
1.0,Jayron Kearse
0.3636363636363636,Chauncey Golston
1.4090909090909092,Quinton Bohanna
1.6153846153846154,Randy Gregory
1.4230769230769231,Tarell Basham
0.7692307692307693,Micah Parsons
1.1923076923076923,Osa Odighizuwa
1.6923076923076923,Lawrence Guy
0.9230769230769232,Matt Judon
1.0,Deatrich Wise
1.5384615384615383,Davon Godchaux
0.8181818181818182,Jamie Collins
1.3636363636363635,Carl Davis
0.0,Matt Judon
2.6818181818181817,Christian Barmore
0.5652173913043478,Kyle Van Noy
0.9565217391304348,Matt Judon
1.565217391304348,Josh Uche
1.391304347826087,Christian Barmore
0.9583333333333334,Randy Gregory
1.2916666666666667,Tarell Basham
0.9583333333333334,Carlos Watkins
2.0,Osa Odighizuwa
0.4375,Kyle Van Noy
0.75,Matt Judon
1.1875,Davon Godchaux
0.375,Josh Uche
1.25,Christian Barmore
0.2692307692307692,Matt Judon
2.0384615384615383,Davon Godchaux
0.7307692307692307,Josh Uche
1.5384615384615383,Christian Barmore
0.84,Dont'a Hightower
0.88,Matt Judon
0.92,Deatrich Wise
1.56,Christian Barmore
0.6363636363636364,Dont'a Hightower
0.8181818181818182,Matt Judon
0.6818181818181818,Deatrich Wise
1.9090909090909092,Christian Barmore
1.0833333333333333,Dont'a Hightower
0.9166666666666666,Matt Judon
0.9583333333333334,Deatrich Wise
2.0,Christian Barmore
1.0,Dont'a Hightower
0.6666666666666666,Matt Judon
1.0,Deatrich Wise
2.0,Christian Barmore
1.3461538461538465,Dont'a Hightower
1.0,Kyle Van Noy
0.2307692307692307,Deatrich Wise
0.5384615384615384,Josh Uche
1.6538461538461535,Christian Barmore
0.0,Dont'a Hightower
1.3076923076923077,Matt Judon
0.9230769230769232,Josh Uche
1.7692307692307692,Christian Barmore
0.2,Tarell Basham
1.0,Carlos Watkins
0.6,Micah Parsons
1.8,Osa Odighizuwa
1.0,Chauncey Golston
0.25,Randy Gregory
0.7083333333333334,Jayron Kearse
1.1666666666666667,Tarell Basham
1.375,Carlos Watkins
1.9166666666666667,Osa Odighizuwa
0.9333333333333332,Randy Gregory
1.1333333333333333,Jayron Kearse
0.8,Tarell Basham
0.6,Micah Parsons
1.0,Osa Odighizuwa
0.5333333333333333,Chauncey Golston
0.8461538461538461,Matt Judon
2.0,Davon Godchaux
0.8461538461538461,Josh Uche
1.1538461538461535,Christian Barmore
0.9375,Dont'a Hightower
0.6875,Matt Judon
1.5,Davon Godchaux
0.5625,Josh Uche
1.3125,Christian Barmore
1.5714285714285714,Kerry Hyder
0.6190476190476191,Jamal Adams
1.238095238095238,Rasheem Green
0.9047619047619048,Darrell Taylor
1.72,Cameron Heyward
1.28,Melvin Ingram
0.52,T.J. Watt
0.8,Alex Highsmith
1.0,Carlos Dunlap
1.4615384615384617,Robert Nkemdiche
1.4615384615384617,Poona Ford
1.0,Darrell Taylor
1.4230769230769231,Carlos Dunlap
2.269230769230769,Robert Nkemdiche
1.2307692307692308,Poona Ford
1.0,Darrell Taylor
1.4615384615384617,Carlos Dunlap
1.4230769230769231,Kerry Hyder
1.1153846153846154,Rasheem Green
0.8846153846153846,Darrell Taylor
1.4545454545454546,Cameron Heyward
0.5,T.J. Watt
1.1363636363636365,Chris Wormley
0.8636363636363636,Alex Highsmith
1.8076923076923077,Cameron Heyward
1.9615384615384617,Melvin Ingram
0.6538461538461539,T.J. Watt
0.5384615384615384,Alex Highsmith
0.9230769230769232,Melvin Ingram
1.0,Chris Wormley
1.3846153846153846,Henry Mondeaux
0.8846153846153846,Alex Highsmith
1.9565217391304348,Cameron Heyward
0.6086956521739131,Melvin Ingram
0.782608695652174,T.J. Watt
0.8695652173913043,Alex Highsmith
1.6923076923076923,Al Woods
1.5384615384615383,Rasheem Green
1.1363636363636365,Kerry Hyder
1.4545454545454546,Jamal Adams
1.9545454545454544,Rasheem Green
0.7272727272727273,Darrell Taylor
1.0,Al Woods
0.6470588235294118,Bobby Wagner
0.0,Rasheem Green
1.4705882352941178,Poona Ford
1.8823529411764703,Bryan Mone
0.5294117647058824,Bobby Wagner
1.2352941176470589,Kerry Hyder
0.8235294117647058,Jamal Adams
1.2352941176470589,Rasheem Green
0.8235294117647058,Darrell Taylor
1.6,Cameron Heyward
1.0666666666666669,Chris Wormley
1.7333333333333334,Isaiah Buggs
0.4,Alex Highsmith
0.5789473684210527,Cameron Heyward
0.8421052631578947,T.J. Watt
1.368421052631579,Chris Wormley
2.0,Isaiah Buggs
0.7894736842105263,Alex Highsmith
0.92,Carlos Dunlap
1.8,Kerry Hyder
1.12,Rasheem Green
0.92,Darrell Taylor
1.4166666666666667,Al Woods
1.0,Robert Nkemdiche
1.0,Rasheem Green
1.5833333333333333,Bryan Mone
0.8125,Carlos Dunlap
1.125,Al Woods
2.0,Robert Nkemdiche
1.0,Darrell Taylor
1.0,Al Woods
1.4615384615384617,Robert Nkemdiche
0.0,Jamal Adams
0.5384615384615384,Rasheem Green
2.0,Bryan Mone
1.0476190476190477,Cameron Heyward
1.238095238095238,Melvin Ingram
1.380952380952381,Chris Wormley
1.2857142857142858,Isaiah Buggs
0.4761904761904761,Alex Highsmith
2.0384615384615383,Cameron Heyward
1.3076923076923077,Chris Wormley
1.8461538461538465,Isaiah Buggs
0.9615384615384616,Alex Highsmith
1.5555555555555556,Cameron Heyward
0.7222222222222222,Melvin Ingram
0.4444444444444444,Joe Schobert
1.2777777777777777,Chris Wormley
0.2777777777777778,Arthur Maulet
1.0,Alex Highsmith
1.3333333333333333,Cameron Heyward
1.6111111111111112,Melvin Ingram
0.6111111111111112,T.J. Watt
0.5,Alex Highsmith
1.7692307692307692,Al Woods
0.7307692307692307,Rasheem Green
1.7692307692307692,Poona Ford
1.3846153846153846,Bryan Mone
1.0,Al Woods
0.2352941176470588,Bobby Wagner
1.2352941176470589,Poona Ford
2.1176470588235294,Bryan Mone
0.7058823529411765,Darrell Taylor
1.9333333333333331,Cameron Heyward
0.7333333333333333,T.J. Watt
1.1333333333333333,Chris Wormley
0.6666666666666666,Alex Highsmith
1.5769230769230769,Cameron Heyward
0.3461538461538461,T.J. Watt
1.6538461538461535,Chris Wormley
1.1538461538461535,Alex Highsmith
2.1153846153846154,Cameron Heyward
1.4615384615384617,Melvin Ingram
0.5384615384615384,T.J. Watt
0.8461538461538461,Alex Highsmith
2.411764705882353,Kerry Hyder
1.2941176470588236,Rasheem Green
0.7058823529411765,Darrell Taylor
0.9523809523809524,Carlos Dunlap
1.4761904761904765,Kerry Hyder
1.2857142857142858,Darrell Taylor
1.5833333333333333,Carlos Dunlap
1.1666666666666667,Kerry Hyder
1.2916666666666667,Rasheem Green
0.8333333333333334,Darrell Taylor
0.9444444444444444,Carlos Dunlap
1.7222222222222223,Kerry Hyder
0.3333333333333333,Jamal Adams
1.5,Rasheem Green
1.8846153846153848,Carlos Dunlap
1.0769230769230769,Al Woods
2.0,Rasheem Green
0.9230769230769232,Darrell Taylor
1.8571428571428572,Al Woods
0.7142857142857143,Benson Mayowa
2.0,Poona Ford
0.6111111111111112,Carlos Dunlap
1.3888888888888888,Kerry Hyder
1.2777777777777777,Rasheem Green
0.7222222222222222,Darrell Taylor
1.1153846153846154,T.J. Watt
1.2692307692307692,Chris Wormley
0.3461538461538461,Devin Bush
1.7307692307692308,Isaiah Buggs
1.1538461538461535,Alex Highsmith
0.6153846153846154,Isaiahh Loudermilk
1.9523809523809523,Al Woods
0.7142857142857143,Benson Mayowa
1.0,Kerry Hyder
1.1428571428571428,Robert Nkemdiche
0.6842105263157895,Carlos Dunlap
1.736842105263158,Kerry Hyder
1.1578947368421053,Rasheem Green
0.6842105263157895,Darrell Taylor
1.8421052631578947,Cameron Heyward
0.2105263157894736,Melvin Ingram
1.2105263157894737,Joe Schobert
1.105263157894737,Chris Wormley
0.631578947368421,Alex Highsmith
1.0,Al Woods
0.8235294117647058,Benson Mayowa
0.8235294117647058,Kerry Hyder
1.3529411764705883,Poona Ford
1.3076923076923077,Al Woods
1.7307692307692308,Benson Mayowa
0.8846153846153846,Kerry Hyder
0.9615384615384616,Poona Ford
1.619047619047619,Carlos Dunlap
1.380952380952381,Kerry Hyder
1.6666666666666667,Darrell Taylor
0.6153846153846154,Carlos Dunlap
1.1538461538461535,Al Woods
1.9230769230769231,Rasheem Green
0.0769230769230769,Darrell Taylor
1.24,Carlos Dunlap
0.84,Al Woods
2.16,Poona Ford
0.9615384615384616,Carlos Dunlap
0.8076923076923077,Benson Mayowa
1.3461538461538465,Kerry Hyder
2.269230769230769,Rasheem Green
1.0909090909090908,Cameron Heyward
0.7727272727272727,T.J. Watt
1.4090909090909092,Henry Mondeaux
1.2272727272727273,Alex Highsmith
1.25,Cameron Heyward
0.65,T.J. Watt
1.65,Henry Mondeaux
0.75,Alex Highsmith
1.0416666666666667,Cameron Heyward
0.75,T.J. Watt
1.5416666666666667,Henry Mondeaux
0.875,Alex Highsmith
0.8421052631578947,Cameron Heyward
0.9473684210526316,T.J. Watt
1.5263157894736843,Henry Mondeaux
0.8421052631578947,Alex Highsmith
1.4444444444444444,Cameron Heyward
0.8888888888888888,T.J. Watt
1.1111111111111112,Henry Mondeaux
0.9444444444444444,Alex Highsmith
1.0,Cameron Heyward
0.8125,T.J. Watt
1.0,Henry Mondeaux
1.0,Robert Spillane
0.8125,Alex Highsmith
1.12,Cameron Heyward
0.84,Chris Wormley
1.72,Henry Mondeaux
0.88,Alex Highsmith
1.263157894736842,Cameron Heyward
0.3157894736842105,T.J. Watt
1.6842105263157894,Chris Wormley
0.8421052631578947,Alex Highsmith
1.4615384615384617,Cameron Heyward
0.8461538461538461,T.J. Watt
2.0,Chris Wormley
0.8076923076923077,Alex Highsmith
0.5384615384615384,Carlos Dunlap
1.8461538461538465,Kerry Hyder
1.8461538461538465,Rasheem Green
2.0,T.J. Watt
1.2941176470588236,Chris Wormley
1.7058823529411764,Henry Mondeaux
0.3529411764705882,Alex Highsmith
1.0,Isaiahh Loudermilk
0.4090909090909091,Jerry Hughes
1.9545454545454544,Star Lotulelei
2.0,Ed Oliver
1.0454545454545454,Gregory Rousseau
0.8695652173913043,Jerry Hughes
1.173913043478261,Mario Addison
1.434782608695652,Efe Obada
1.3043478260869563,Ed Oliver
0.9473684210526316,Denico Autry
0.7894736842105263,Harold Landry
1.0526315789473684,Jeffery Simmons
1.9473684210526316,Teair Tart
1.2692307692307692,Denico Autry
2.0,Jeffery Simmons
1.0769230769230769,Teair Tart
0.9230769230769232,Elijah Molden
0.8695652173913043,Harold Landry
1.608695652173913,Jeffery Simmons
0.5217391304347826,David Long
2.0869565217391304,Naquan Jones
1.0,Bud Dupree
0.7692307692307693,Harold Landry
0.9230769230769232,Jeffery Simmons
1.0,Teair Tart
1.9230769230769231,Jerry Hughes
0.6153846153846154,Mario Addison
1.3846153846153846,Star Lotulelei
1.3846153846153846,Ed Oliver
0.6666666666666666,Denico Autry
0.8666666666666667,Harold Landry
1.1333333333333333,Jeffery Simmons
2.0,Teair Tart
0.8846153846153846,Denico Autry
0.9230769230769232,Bud Dupree
0.9615384615384616,Harold Landry
1.2307692307692308,Jeffery Simmons
1.0,Mario Addison
0.7333333333333333,Micah Hyde
0.0,Efe Obada
1.2,Justin Zimmer
1.1333333333333333,Harrison Phillips
0.8260869565217391,Mario Addison
1.0,Efe Obada
1.434782608695652,Justin Zimmer
1.6956521739130437,Harrison Phillips
1.5769230769230769,Bud Dupree
0.6153846153846154,Harold Landry
1.3846153846153846,Jeffery Simmons
1.3076923076923077,Naquan Jones
1.0384615384615383,Bud Dupree
0.9230769230769232,Harold Landry
1.0769230769230769,Amani Bledsoe
1.6153846153846154,Naquan Jones
1.0,Bud Dupree
0.9047619047619048,Harold Landry
1.0952380952380951,Amani Bledsoe
1.4285714285714286,Naquan Jones
1.0,Denico Autry
2.0,Olasunkanmi Adeniyi
1.588235294117647,Jeffery Simmons
0.0,David Long
1.1666666666666667,Denico Autry
0.8333333333333334,Bud Dupree
0.75,Harold Landry
1.2916666666666667,Jeffery Simmons
0.0,Harold Landry
1.1153846153846154,Jeffery Simmons
1.0,David Long
2.6153846153846154,Teair Tart
1.0,Denico Autry
0.5333333333333333,Harold Landry
1.3333333333333333,Jeffery Simmons
1.9333333333333331,Teair Tart
1.35,Denico Autry
1.25,Jeffery Simmons
1.45,Teair Tart
0.25,Elijah Molden
0.8076923076923077,Bud Dupree
1.1923076923076923,Jeffery Simmons
1.3076923076923077,Amani Bledsoe
1.6153846153846154,Naquan Jones
0.2,Bud Dupree
0.7333333333333333,Rashaan Evans
0.6666666666666666,Harold Landry
1.0666666666666669,Jeffery Simmons
0.8,David Long
1.5333333333333334,Naquan Jones
1.1538461538461535,Justin Zimmer
1.0,Matt Milano
1.3846153846153846,Tremaine Edmunds
1.0,Ed Oliver
0.8461538461538461,Denico Autry
0.8461538461538461,Harold Landry
1.5384615384615383,Jeffery Simmons
1.0,Teair Tart
1.0,Denico Autry
1.7222222222222223,Jeffery Simmons
0.6666666666666666,David Long
2.1666666666666665,Teair Tart
0.7692307692307693,Denico Autry
0.8461538461538461,Bud Dupree
1.2307692307692308,Harold Landry
1.3846153846153846,Jeffery Simmons
1.125,Bud Dupree
1.3333333333333333,Jeffery Simmons
1.5833333333333333,Teair Tart
0.7083333333333334,Elijah Molden
1.3461538461538465,Bud Dupree
0.8846153846153846,Harold Landry
1.1153846153846154,Jeffery Simmons
1.6153846153846154,Naquan Jones
1.7692307692307692,Denico Autry
0.8846153846153846,Bud Dupree
1.3461538461538465,Harold Landry
1.1538461538461535,Jeffery Simmons
1.12,Denico Autry
0.88,Bud Dupree
1.12,Harold Landry
1.2,Jeffery Simmons
0.7333333333333333,Harold Landry
1.4666666666666666,Jeffery Simmons
1.8,Teair Tart
0.0,Elijah Molden
1.1333333333333333,Denico Autry
0.8,Bud Dupree
1.0666666666666669,Jeffery Simmons
1.3636363636363635,Denico Autry
0.9090909090909092,Harold Landry
1.0909090909090908,Jeffery Simmons
1.5909090909090908,Teair Tart
0.8846153846153846,Harold Landry
2.3461538461538463,Jeffery Simmons
1.0,David Long
1.6923076923076923,Naquan Jones
1.625,Denico Autry
0.7916666666666666,Harold Landry
0.9583333333333334,Dane Cruikshank
2.2083333333333335,Jeffery Simmons
0.8333333333333334,Jerry Hughes
1.1666666666666667,Star Lotulelei
2.375,Ed Oliver
1.0,Gregory Rousseau
0.4210526315789473,Mario Addison
1.0,Efe Obada
2.1578947368421053,Justin Zimmer
1.4210526315789471,Harrison Phillips
1.5217391304347827,Jerry Hughes
1.1304347826086956,Mario Addison
0.6086956521739131,Justin Zimmer
1.4782608695652173,Ed Oliver
0.7647058823529411,Jerry Hughes
1.588235294117647,Mario Addison
0.5882352941176471,Micah Hyde
1.588235294117647,Justin Zimmer
0.2352941176470588,Matt Milano
0.7647058823529411,Ed Oliver
1.0,Jerry Hughes
1.15,Mario Addison
1.25,Star Lotulelei
1.5,Harrison Phillips
0.6111111111111112,Mario Addison
1.2222222222222223,Star Lotulelei
1.0,Efe Obada
2.0,Harrison Phillips
0.9473684210526316,Denico Autry
1.1578947368421053,Bud Dupree
0.5789473684210527,Harold Landry
2.0,Jeffery Simmons
1.64,Bud Dupree
1.24,Harold Landry
1.28,Jeffery Simmons
1.36,Teair Tart
1.0869565217391304,Bud Dupree
1.3043478260869563,Jeffery Simmons
1.434782608695652,Teair Tart
0.4782608695652174,Elijah Molden
1.391304347826087,Bud Dupree
0.782608695652174,Harold Landry
0.9565217391304348,Jeffery Simmons
1.2608695652173914,Teair Tart
0.3333333333333333,Mario Addison
2.0,Justin Zimmer
1.2857142857142858,Matt Milano
1.4761904761904765,Harrison Phillips
0.95,Jerry Hughes
1.25,Star Lotulelei
1.85,Ed Oliver
0.0,Gregory Rousseau
1.0,Jerry Hughes
0.6153846153846154,Mario Addison
1.9230769230769231,Justin Zimmer
1.0769230769230769,Harrison Phillips
0.8181818181818182,Jerry Hughes
0.8636363636363636,Mario Addison
1.1363636363636365,Justin Zimmer
1.9545454545454544,Harrison Phillips
0.9047619047619048,Bud Dupree
0.5714285714285714,Harold Landry
1.2857142857142858,Jeffery Simmons
1.8095238095238095,Teair Tart
0.5625,Denico Autry
0.8125,Bud Dupree
0.75,Harold Landry
1.9375,Jeffery Simmons
1.6923076923076923,Denico Autry
0.6153846153846154,Bud Dupree
0.7692307692307693,Harold Landry
1.3846153846153846,Jeffery Simmons
0.9230769230769232,Denico Autry
0.7307692307692307,Bud Dupree
1.9230769230769231,Harold Landry
1.1153846153846154,Jeffery Simmons
1.1153846153846154,Jerry Hughes
1.4615384615384617,Mario Addison
1.6538461538461535,Star Lotulelei
0.6538461538461539,Ed Oliver
0.6923076923076923,Jerry Hughes
1.5384615384615383,Mario Addison
1.6153846153846154,Star Lotulelei
1.7307692307692308,Ed Oliver
1.7692307692307692,Efe Obada
1.8076923076923077,Justin Zimmer
0.0769230769230769,Matt Milano
1.0384615384615383,Harrison Phillips
0.8846153846153846,Gregory Rousseau
1.0,Efe Obada
1.2916666666666667,Justin Zimmer
1.8333333333333333,Harrison Phillips
0.8333333333333334,Gregory Rousseau
1.6153846153846154,Denico Autry
0.8461538461538461,Bud Dupree
0.8076923076923077,Harold Landry
1.1153846153846154,Jeffery Simmons
1.826086956521739,Denico Autry
0.8695652173913043,Bud Dupree
0.8695652173913043,Harold Landry
1.0,Jeffery Simmons
0.0,Denico Autry
0.6923076923076923,Harold Landry
2.3846153846153846,Jeffery Simmons
0.8461538461538461,David Long
1.3846153846153846,Denico Autry
1.0,Bud Dupree
1.3461538461538465,Harold Landry
0.5,Jeffery Simmons
0.8461538461538461,Denico Autry
0.8461538461538461,Harold Landry
1.1538461538461535,Jeffery Simmons
2.1153846153846154,Teair Tart
1.0,Denico Autry
1.0,Bud Dupree
0.72,Harold Landry
2.24,Jeffery Simmons
1.631578947368421,Malik Jackson
0.7368421052631579,Jadeveon Clowney
0.9473684210526316,Myles Garrett
0.8421052631578947,Takkarist McKinley
1.1538461538461535,Shelby Harris
1.6923076923076923,DeShawn Williams
1.0,Dre'Mont Jones
1.0,Von Miller
2.0,DeShawn Williams
1.0,Dre'Mont Jones
0.9166666666666666,Malik Reed
2.0,Von Miller
2.0,Shelby Harris
2.0,Dre'Mont Jones
0.1428571428571428,Malik Reed
0.7307692307692307,Von Miller
1.6923076923076923,Mike Purcell
0.0769230769230769,Shamar Stephen
1.7307692307692308,Dre'Mont Jones
1.5384615384615383,Malik Reed
1.6923076923076923,Shelby Harris
0.9230769230769232,Malik Reed
2.0,McTelvin Agim
0.3076923076923077,Jonathon Cooper
0.7307692307692307,Von Miller
1.2692307692307692,Shelby Harris
1.9615384615384617,Dre'Mont Jones
0.7307692307692307,Malik Reed
1.0,Jadeveon Clowney
0.9411764705882352,Myles Garrett
2.0,Malik McDowell
1.0588235294117647,Jordan Elliott
1.8846153846153848,Malik Jackson
1.1538461538461535,Jadeveon Clowney
1.2307692307692308,Myles Garrett
1.0384615384615383,Takkarist McKinley
0.9166666666666666,Von Miller
2.0,DeShawn Williams
1.0833333333333333,Dre'Mont Jones
1.0,Malik Reed
0.9230769230769232,Von Miller
1.1153846153846154,Shelby Harris
1.6153846153846154,Dre'Mont Jones
0.8461538461538461,Malik Reed
1.8333333333333333,Malik Jackson
1.0416666666666667,Jadeveon Clowney
1.25,Myles Garrett
0.875,Takkarist McKinley
1.0416666666666667,Von Miller
1.25,Mike Purcell
1.2916666666666667,Shamar Stephen
0.0,Malik Reed
1.0,Von Miller
1.0,Shelby Harris
1.92,DeShawn Williams
1.08,Dre'Mont Jones
0.92,Malik Reed
0.3636363636363636,Von Miller
1.1363636363636365,Mike Purcell
1.0,Shamar Stephen
1.5909090909090908,Dre'Mont Jones
1.0,McTelvin Agim
1.6842105263157894,Mike Purcell
1.0,Shamar Stephen
0.8947368421052632,Malik Reed
0.9473684210526316,Jonathon Cooper
0.9615384615384616,Von Miller
1.0384615384615383,Shelby Harris
1.9230769230769231,Dre'Mont Jones
0.9615384615384616,Malik Reed
0.1875,Von Miller
0.375,Shelby Harris
1.1875,Dre'Mont Jones
0.9375,Malik Reed
1.0625,Justin Strnad
1.1923076923076923,Malik Jackson
0.8076923076923077,Jadeveon Clowney
1.6153846153846154,Myles Garrett
1.3846153846153846,Malik McDowell
1.9615384615384617,Malik Jackson
1.2307692307692308,Jadeveon Clowney
1.0,Myles Garrett
0.7307692307692307,Ronnie Harrison
0.0,Grant Delpit
1.1538461538461535,Von Miller
2.1153846153846154,DeShawn Williams
1.0,Dre'Mont Jones
0.4615384615384615,Malik Reed
2.25,Shelby Harris
0.75,Dre'Mont Jones
0.4,Malik Reed
1.25,Jonathon Cooper
0.6538461538461539,Shelby Harris
2.0384615384615383,Dre'Mont Jones
1.3076923076923077,Malik Reed
1.0384615384615383,Jonathon Cooper
1.2941176470588236,Malik Jackson
0.7058823529411765,Jadeveon Clowney
1.1176470588235294,Myles Garrett
1.7647058823529411,Malik McDowell
1.9230769230769231,Malik Jackson
0.0,Jadeveon Clowney
2.769230769230769,Myles Garrett
2.0,Malik McDowell
0.9047619047619048,Jadeveon Clowney
1.8571428571428572,Andrew Billings
0.8571428571428571,Myles Garrett
1.0952380952380951,Jordan Elliott
0.4,Troy Hill
0.6666666666666666,Takkarist McKinley
1.0666666666666669,Malik McDowell
1.8,Joe Jackson
0.9333333333333332,Jordan Elliott
0.3333333333333333,Malcolm Smith
2.1666666666666665,Malik McDowell
0.8333333333333334,Joe Jackson
1.3333333333333333,Jordan Elliott
1.7826086956521738,Malik Jackson
1.0,Takkarist McKinley
1.0,Malik McDowell
1.0,Joe Jackson
1.411764705882353,Malik Jackson
1.0,Jadeveon Clowney
0.9411764705882352,Myles Garrett
0.7647058823529411,Takkarist McKinley
1.0,Mike Purcell
2.142857142857143,Shelby Harris
0.8571428571428571,Malik Reed
0.6428571428571429,Jonathon Cooper
1.8461538461538465,Shelby Harris
1.0769230769230769,Dre'Mont Jones
1.1538461538461535,Malik Reed
0.5769230769230769,Justin Strnad
1.2307692307692308,Jonathon Cooper
1.1923076923076923,Shamar Stephen
2.1538461538461537,DeShawn Williams
1.9230769230769231,Dre'Mont Jones
0.8846153846153846,Malik Reed
1.3461538461538465,Mike Purcell
1.0,Shelby Harris
1.1923076923076923,Dre'Mont Jones
1.0,Jonathon Cooper
0.8260869565217391,Shelby Harris
1.173913043478261,DeShawn Williams
1.0434782608695652,Dre'Mont Jones
0.9130434782608696,Malik Reed
1.0,Jonathon Cooper
1.6923076923076923,Shelby Harris
1.3461538461538465,Dre'Mont Jones
1.1538461538461535,Malik Reed
0.8076923076923077,Jonathon Cooper
0.8,Jadeveon Clowney
2.066666666666667,Andrew Billings
0.9333333333333332,Joe Jackson
1.2,Jordan Elliott
0.5833333333333334,Jadeveon Clowney
1.0,Andrew Billings
1.0,Joe Jackson
1.9166666666666667,Jordan Elliott
1.0,Malik Jackson
1.0,Jadeveon Clowney
0.9615384615384616,Myles Garrett
2.0,Malik McDowell
1.4090909090909092,Shelby Harris
0.5,Dre'Mont Jones
1.3636363636363635,Malik Reed
1.318181818181818,Justin Strnad
1.2272727272727273,Jonathon Cooper
1.8846153846153848,Takkarist McKinley
2.0,Malik McDowell
1.0,Joe Jackson
2.0,Jordan Elliott
0.7142857142857143,Takkarist McKinley
1.7857142857142858,Malik McDowell
0.8571428571428571,Joe Jackson
1.1428571428571428,Jordan Elliott
0.7619047619047619,Jadeveon Clowney
0.8571428571428571,Takkarist McKinley
1.5714285714285714,Malik McDowell
1.238095238095238,Jordan Elliott
2.0,Malik Jackson
1.411764705882353,Jadeveon Clowney
2.0,Andrew Billings
0.9411764705882352,Myles Garrett
1.0,Myles Garrett
0.96,Takkarist McKinley
1.0,Malik McDowell
1.76,Jordan Elliott
1.0,Myles Garrett
0.8947368421052632,Takkarist McKinley
1.0526315789473684,Malik McDowell
1.9473684210526316,Jordan Elliott
1.1,Malik Jackson
2.2,Jadeveon Clowney
0.9,Myles Garrett
0.7,Takkarist McKinley
1.4736842105263157,Malik Jackson
0.9473684210526316,Jadeveon Clowney
2.0,Malik McDowell
0.5263157894736842,Joe Jackson
1.0,Malik Jackson
1.6153846153846154,Jadeveon Clowney
1.0,Myles Garrett
1.2692307692307692,Malik McDowell
1.8695652173913044,Mike Purcell
0.6956521739130435,Shamar Stephen
2.347826086956522,Shelby Harris
0.4347826086956521,Malik Reed
0.6086956521739131,Jonathon Cooper
1.368421052631579,Mike Purcell
1.631578947368421,Shamar Stephen
1.0,Shelby Harris
1.1578947368421053,DeShawn Williams
0.8421052631578947,Malik Reed
1.0,Jonathon Cooper
1.6153846153846154,Calais Campbell
1.4615384615384617,Justin Houston
1.3076923076923077,Brandon Williams
1.0,Tyus Bowser
1.0,Calais Campbell
0.3529411764705882,Justin Houston
1.9411764705882353,Brandon Williams
0.8823529411764706,Tavon Young
1.0,Tyus Bowser
1.1666666666666667,Calais Campbell
1.0,Justin Houston
2.0,Brandon Williams
0.8333333333333334,Tyus Bowser
0.9615384615384616,Calais Campbell
0.8846153846153846,Justin Houston
2.0,Pernell McPhee
0.7307692307692307,Odafe Oweh
0.7777777777777778,Pernell McPhee
1.2222222222222223,Justin Ellis
1.4444444444444444,Justin Madubuike
0.9444444444444444,Odafe Oweh
0.6666666666666666,Josh Bynes
0.6111111111111112,Justin Ellis
0.7222222222222222,DeShon Elliott
0.9444444444444444,Patrick Queen
2.0,Justin Madubuike
1.0555555555555556,Odafe Oweh
1.8,Calais Campbell
0.88,Justin Houston
1.0,Tyus Bowser
1.12,Odafe Oweh
1.6875,D.J. Reader
1.9375,Larry Ogunjobi
1.0,Trey Hendrickson
0.375,Sam Hubbard
1.2307692307692308,Larry Ogunjobi
1.0,Trey Hendrickson
0.7307692307692307,Sam Hubbard
1.4230769230769231,Cameron Sample
1.6153846153846154,D.J. Reader
1.2692307692307692,Larry Ogunjobi
1.1538461538461535,Trey Hendrickson
0.6923076923076923,Sam Hubbard
1.5384615384615383,Larry Ogunjobi
1.5769230769230769,Trey Hendrickson
0.7307692307692307,Sam Hubbard
1.4583333333333333,Calais Campbell
0.7083333333333334,Pernell McPhee
1.2083333333333333,Brandon Williams
0.5416666666666666,Chris Board
1.625,Justin Madubuike
1.3333333333333333,Calais Campbell
0.4285714285714285,Pernell McPhee
0.5238095238095238,Josh Bynes
1.0,Brandon Williams
0.8095238095238095,Chris Board
1.5714285714285714,Justin Madubuike
1.0,Calais Campbell
0.8461538461538461,Justin Houston
1.5384615384615383,Brandon Williams
1.0,Odafe Oweh
1.7307692307692308,Calais Campbell
0.6538461538461539,Justin Houston
1.0,Tyus Bowser
1.5769230769230769,Odafe Oweh
2.1538461538461537,D.J. Reader
1.4230769230769231,Larry Ogunjobi
2.1923076923076925,Trey Hendrickson
0.8076923076923077,Sam Hubbard
1.5384615384615383,Larry Ogunjobi
1.0,Trey Hendrickson
0.8461538461538461,Sam Hubbard
0.4615384615384615,Logan Wilson
1.1538461538461535,Cameron Sample
1.0,Justin Ellis
1.0,Tyus Bowser
2.0,Justin Madubuike
1.0,Odafe Oweh
1.2352941176470589,Calais Campbell
1.7058823529411764,Justin Houston
0.6470588235294118,Chuck Clark
0.8235294117647058,Chris Board
1.5294117647058822,Odafe Oweh
0.2352941176470588,Brandon Stephens
2.1538461538461537,Josh Tupou
1.5769230769230769,B.J. Hill
1.1923076923076923,Sam Hubbard
1.2692307692307692,Cameron Sample
1.25,Trey Hendrickson
1.0,Josh Tupou
1.4583333333333333,B.J. Hill
0.8333333333333334,Sam Hubbard
1.1153846153846154,Larry Ogunjobi
1.3076923076923077,Trey Hendrickson
1.1153846153846154,B.J. Hill
0.8846153846153846,Sam Hubbard
1.368421052631579,D.J. Reader
0.7894736842105263,Mike Hilton
1.0,Larry Ogunjobi
1.0,Trey Hendrickson
0.8421052631578947,Sam Hubbard
0.4736842105263157,Germaine Pratt
0.0,Ricardo Allen
0.0666666666666666,Vonn Bell
1.3333333333333333,D.J. Reader
1.9333333333333331,Larry Ogunjobi
1.0,Trey Hendrickson
0.6,Sam Hubbard
2.142857142857143,Josh Tupou
1.5714285714285714,B.J. Hill
1.0,Wyatt Ray
0.5,Cameron Sample
1.0,D.J. Reader
0.0,Larry Ogunjobi
1.4736842105263157,Trey Hendrickson
1.1578947368421053,Josh Tupou
0.0,Sam Hubbard
1.368421052631579,Germaine Pratt
1.3461538461538465,D.J. Reader
1.5,Larry Ogunjobi
1.6153846153846154,Trey Hendrickson
1.1153846153846154,Sam Hubbard
1.6923076923076923,Larry Ogunjobi
1.0,Trey Hendrickson
1.0,Sam Hubbard
1.1538461538461535,Pernell McPhee
1.0,Justin Ellis
0.6923076923076923,Tavon Young
1.0,Justin Madubuike
1.0,Odafe Oweh
2.0,Josh Tupou
1.5,B.J. Hill
0.9230769230769232,Sam Hubbard
0.8461538461538461,Wyatt Ray
0.9230769230769232,Trey Hendrickson
2.0,Josh Tupou
1.1923076923076923,B.J. Hill
0.8076923076923077,Sam Hubbard
1.0384615384615383,Larry Ogunjobi
1.0,Trey Hendrickson
1.6153846153846154,B.J. Hill
1.1538461538461535,Sam Hubbard
1.0384615384615383,D.J. Reader
1.8846153846153848,Larry Ogunjobi
1.6153846153846154,Trey Hendrickson
0.7307692307692307,Cameron Sample
1.894736842105263,Calais Campbell
0.6842105263157895,Justin Houston
1.105263157894737,Pernell McPhee
0.7894736842105263,Odafe Oweh
1.1578947368421053,Calais Campbell
0.8947368421052632,Justin Houston
1.5789473684210529,Pernell McPhee
0.9473684210526316,Odafe Oweh
1.4375,Calais Campbell
0.8125,Justin Houston
0.9375,Tyus Bowser
1.1875,Odafe Oweh
2.0,Calais Campbell
0.8125,Justin Houston
0.3125,DeShon Elliott
0.625,Chris Board
1.5625,Odafe Oweh
1.4,Calais Campbell
0.9,Justin Houston
0.0,Tyus Bowser
1.8,Chris Board
1.1,Odafe Oweh
1.0476190476190477,Pernell McPhee
0.6190476190476191,Tyus Bowser
1.6666666666666667,Justin Madubuike
1.238095238095238,Odafe Oweh
1.0476190476190477,Brandon Stephens
0.9375,Justin Houston
1.125,Tyus Bowser
0.875,Justin Madubuike
2.0625,Odafe Oweh
1.5,Calais Campbell
1.2142857142857142,Justin Houston
1.0714285714285714,Tyus Bowser
2.3461538461538463,D.J. Reader
1.1538461538461535,Larry Ogunjobi
1.2692307692307692,Trey Hendrickson
1.0,Sam Hubbard
1.0,D.J. Reader
1.2307692307692308,Larry Ogunjobi
1.5,Trey Hendrickson
1.2692307692307692,Sam Hubbard
1.0,Calais Campbell
0.9444444444444444,Justin Houston
2.1666666666666665,Brandon Williams
1.0,Tyus Bowser
0.6111111111111112,Patrick Queen
1.8125,Calais Campbell
0.8125,Justin Houston
1.0625,Brandon Williams
1.125,Justin Madubuike
1.125,Calais Campbell
0.9375,Brandon Williams
1.9375,Justin Madubuike
1.0,D.J. Reader
1.6923076923076923,Larry Ogunjobi
1.7692307692307692,Josh Tupou
1.2307692307692308,Sam Hubbard
2.0,D.J. Reader
1.3076923076923077,Larry Ogunjobi
1.0,Trey Hendrickson
0.6923076923076923,Sam Hubbard
0.0,
0.4230769230769231,Ricardo Allen
1.9230769230769231,Vonn Bell
1.6153846153846154,Larry Ogunjobi
0.9615384615384616,Trey Hendrickson
0.8076923076923077,Sam Hubbard
1.0,Cameron Sample
1.1764705882352942,Brandon Williams
0.8823529411764706,Tyus Bowser
1.1176470588235294,Justin Madubuike
1.0,Odafe Oweh
1.2666666666666666,Calais Campbell
1.6,Pernell McPhee
0.9333333333333332,Odafe Oweh
0.6666666666666666,Brandon Stephens
2.0,Josh Tupou
1.1538461538461535,B.J. Hill
0.8461538461538461,Sam Hubbard
1.0,Cameron Sample
1.0,Josh Tupou
2.230769230769231,B.J. Hill
0.7307692307692307,Sam Hubbard
1.6153846153846154,Cameron Sample
1.9230769230769231,Calais Campbell
1.0,Justin Houston
1.0384615384615383,Justin Ellis
1.0,Odafe Oweh
1.5555555555555556,Calais Campbell
0.6666666666666666,Justin Houston
1.3333333333333333,Justin Ellis
0.8888888888888888,Odafe Oweh
1.8461538461538465,Calais Campbell
1.7307692307692308,Justin Houston
0.5384615384615384,Tavon Young
0.9615384615384616,Tyus Bowser
0.7307692307692307,DeShon Elliott
1.4210526315789471,Brandon Williams
0.7894736842105263,Tyus Bowser
1.0526315789473684,Justin Madubuike
1.4210526315789471,Odafe Oweh
1.25,Calais Campbell
0.75,Justin Houston
0.75,Tyus Bowser
1.375,Odafe Oweh
1.0,Brandon Stephens
1.7391304347826086,Calais Campbell
1.5217391304347827,Pernell McPhee
1.173913043478261,Brandon Williams
1.2608695652173914,Tyus Bowser
1.9230769230769231,Calais Campbell
1.0,Pernell McPhee
1.5384615384615383,Brandon Williams
1.3076923076923077,Tyus Bowser
1.0416666666666667,Calais Campbell
0.9166666666666666,Justin Houston
1.875,Brandon Williams
0.9583333333333334,Tyus Bowser
0.6923076923076923,Trey Hendrickson
2.0384615384615383,Josh Tupou
1.1923076923076923,B.J. Hill
1.7307692307692308,Sam Hubbard
1.2692307692307692,Larry Ogunjobi
2.0,Trey Hendrickson
1.2692307692307692,Josh Tupou
1.2692307692307692,B.J. Hill
0.9615384615384616,Sam Hubbard
2.1923076923076925,D.J. Reader
1.0,Larry Ogunjobi
1.0,Trey Hendrickson
0.8076923076923077,Sam Hubbard
1.875,D.J. Reader
1.0833333333333333,Larry Ogunjobi
1.0,Sam Hubbard
0.9583333333333334,Wyatt Ray
0.0,Ricardo Allen
1.125,Vonn Bell
1.0625,B.J. Hill
0.75,Sam Hubbard
0.625,Wyatt Ray
1.3125,Cameron Sample
1.0,Trey Hendrickson
1.2777777777777777,B.J. Hill
0.0,Sam Hubbard
2.0,Cameron Sample
1.4230769230769231,D.J. Reader
1.1153846153846154,Larry Ogunjobi
1.5769230769230769,Trey Hendrickson
0.8846153846153846,Sam Hubbard
1.9230769230769231,D.J. Reader
1.1153846153846154,Larry Ogunjobi
1.6153846153846154,Trey Hendrickson
1.2692307692307692,Sam Hubbard
1.05,D.J. Reader
1.9,Larry Ogunjobi
1.0,Trey Hendrickson
0.85,Cameron Sample
1.0,Larry Ogunjobi
0.9230769230769232,Trey Hendrickson
1.0384615384615383,Logan Wilson
1.0,Cameron Sample
1.0384615384615383,Trey Hendrickson
2.269230769230769,B.J. Hill
0.8076923076923077,Sam Hubbard
1.1764705882352942,Josh Tupou
1.9411764705882353,B.J. Hill
0.9411764705882352,Wyatt Ray
0.8235294117647058,Cameron Sample
1.0,Josh Tupou
1.9583333333333333,B.J. Hill
1.0,Wyatt Ray
1.0,Cameron Sample
2.3846153846153846,Josh Tupou
0.5769230769230769,B.J. Hill
0.7307692307692307,Sam Hubbard
1.0384615384615383,Wyatt Ray
2.0,Josh Tupou
1.5833333333333333,B.J. Hill
1.0,Wyatt Ray
0.4166666666666667,Cameron Sample
1.0,Josh Tupou
1.263157894736842,B.J. Hill
1.0,Wyatt Ray
1.2105263157894737,Cameron Sample
1.0,Josh Tupou
1.3043478260869563,B.J. Hill
1.0,Wyatt Ray
1.434782608695652,Cameron Sample
1.0,Josh Tupou
1.9230769230769231,B.J. Hill
1.0,Wyatt Ray
1.0769230769230769,Cameron Sample
1.1153846153846154,Josh Tupou
1.4230769230769231,B.J. Hill
0.8846153846153846,Wyatt Ray
1.5769230769230769,Cameron Sample
1.4615384615384617,Josh Tupou
2.0,B.J. Hill
0.5384615384615384,Wyatt Ray
1.3076923076923077,Cameron Sample
1.5769230769230769,Josh Tupou
1.3461538461538465,B.J. Hill
0.6153846153846154,Wyatt Ray
1.1923076923076923,Cameron Sample
1.1538461538461535,Josh Tupou
0.8461538461538461,B.J. Hill
1.5769230769230769,Wyatt Ray
1.0,Cameron Sample
1.7647058823529411,Jonathan Allen
2.0,Daron Payne
1.2352941176470589,Montez Sweat
2.0,Chase Young
1.2608695652173914,Jonathan Allen
1.826086956521739,Daron Payne
0.7391304347826086,Montez Sweat
1.1304347826086956,Chase Young
1.0,Jonathan Allen
1.25,Daron Payne
0.75,Chase Young
1.3125,James Smith-Williams
0.6875,Jamin Davis
0.0,Landon Collins
1.75,Jonathan Allen
1.25,Daron Payne
1.0,Chase Young
0.9166666666666666,James Smith-Williams
0.8076923076923077,Landon Collins
2.0,Matt Ioannidis
1.0,Jonathan Allen
0.4230769230769231,Montez Sweat
2.0,James Smith-Williams
1.0,Matt Ioannidis
1.8076923076923077,Jonathan Allen
1.0,Montez Sweat
1.3076923076923077,James Smith-Williams
1.2307692307692308,Matt Ioannidis
1.3461538461538465,Daron Payne
1.3846153846153846,Chase Young
1.3461538461538465,Jamin Davis
0.4090909090909091,Daron Payne
2.0,Tim Settle
0.9545454545454546,Casey Toohill
0.8181818181818182,Jamin Davis
2.0,Kenny Clark
1.1764705882352942,Dean Lowry
0.8235294117647058,Rashan Gary
1.0,Kingsley Keke
1.0,Kenny Clark
1.1153846153846154,Dean Lowry
1.6923076923076923,Kingsley Keke
0.8846153846153846,Jonathan Garvin
0.8076923076923077,Jaylon Smith
0.1923076923076923,De'Vondre Campbell
1.0,Tyler Lancaster
1.8076923076923077,Kingsley Keke
0.8461538461538461,Jonathan Garvin
1.3076923076923077,Ladarius Hamilton
0.6153846153846154,Jonathan Allen
1.0384615384615383,Daron Payne
1.3461538461538465,Montez Sweat
0.8461538461538461,Chase Young
1.0384615384615383,Jamin Davis
1.6538461538461535,Dean Lowry
1.0,Tyler Lancaster
1.0,Rashan Gary
1.2307692307692308,Jonathan Garvin
0.88,Whitney Mercilus
1.96,Kenny Clark
0.76,Rashan Gary
1.08,Kingsley Keke
1.681818181818182,Matt Ioannidis
1.2272727272727273,Daron Payne
1.0,Montez Sweat
0.9545454545454546,Chase Young
1.5,Matt Ioannidis
1.0769230769230769,Daron Payne
1.1153846153846154,Montez Sweat
0.9615384615384616,Chase Young
0.3846153846153846,Jamin Davis
1.1428571428571428,Matt Ioannidis
2.142857142857143,Daron Payne
1.0,Chase Young
1.0,James Smith-Williams
0.2857142857142857,Jamin Davis
0.7692307692307693,Jonathan Allen
1.0,Daron Payne
1.3461538461538465,Chase Young
1.2307692307692308,James Smith-Williams
1.0454545454545454,Jonathan Allen
1.181818181818182,Daron Payne
1.0,Montez Sweat
1.4545454545454546,Chase Young
1.6153846153846154,Jonathan Allen
1.1923076923076923,Daron Payne
1.1923076923076923,Montez Sweat
1.0,Chase Young
1.0,Kenny Clark
1.1153846153846154,Dean Lowry
0.8846153846153846,Rashan Gary
1.0769230769230769,Kingsley Keke
0.7692307692307693,Jonathan Garvin
1.5769230769230769,Whitney Mercilus
1.3846153846153846,Kenny Clark
0.7307692307692307,Rashan Gary
1.2692307692307692,Kingsley Keke
0.7692307692307693,Whitney Mercilus
1.6153846153846154,Kenny Clark
0.7307692307692307,Rashan Gary
1.2307692307692308,Kingsley Keke
0.8421052631578947,Landon Collins
1.736842105263158,Matt Ioannidis
1.0,Tim Settle
1.5263157894736843,Bunmi Rotimi
1.263157894736842,Montez Sweat
1.1538461538461535,Matt Ioannidis
1.3846153846153846,Daron Payne
1.0769230769230769,Montez Sweat
0.8461538461538461,Chase Young
1.4615384615384617,Matt Ioannidis
1.0769230769230769,Daron Payne
0.9230769230769232,Montez Sweat
1.5384615384615383,Chase Young
1.7307692307692308,Jonathan Allen
1.5769230769230769,Daron Payne
0.7307692307692307,Montez Sweat
1.1923076923076923,Chase Young
1.25,Jonathan Allen
1.75,Daron Payne
0.75,Montez Sweat
0.9166666666666666,Chase Young
1.5454545454545454,Jonathan Allen
1.6363636363636365,Daron Payne
0.4545454545454545,Montez Sweat
0.4545454545454545,Chase Young
2.0,Kenny Clark
1.0384615384615383,Dean Lowry
0.8846153846153846,Rashan Gary
0.9615384615384616,Jonathan Garvin
1.0,Jonathan Allen
1.35,Daron Payne
1.0,Montez Sweat
0.8,Cole Holcomb
0.65,Chase Young
2.0625,Kenny Clark
1.0625,Dean Lowry
0.875,Rashan Gary
1.0,Jonathan Garvin
1.5384615384615383,Kenny Clark
1.1153846153846154,Dean Lowry
0.8846153846153846,Jonathan Garvin
1.1153846153846154,Ladarius Hamilton
1.1538461538461535,Tyler Lancaster
1.1538461538461535,Kingsley Keke
0.4230769230769231,Jonathan Garvin
0.8461538461538461,Ladarius Hamilton
1.4230769230769231,Tedarrell Slaton
1.1176470588235294,Kenny Clark
2.0,Dean Lowry
1.0,Tyler Lancaster
0.8823529411764706,Ladarius Hamilton
1.4230769230769231,Kenny Clark
2.0,Dean Lowry
1.0,Tyler Lancaster
1.4230769230769231,Rashan Gary
1.318181818181818,Kenny Clark
1.0,Dean Lowry
0.7727272727272727,Tyler Lancaster
0.9090909090909092,Rashan Gary
1.0,Jonathan Garvin
0.5,Matt Ioannidis
2.5,Jonathan Allen
1.6923076923076923,Chase Young
1.0,James Smith-Williams
1.8846153846153848,Matt Ioannidis
1.1538461538461535,Jonathan Allen
0.8461538461538461,Montez Sweat
0.8076923076923077,Chase Young
1.4230769230769231,Kenny Clark
1.4230769230769231,Tyler Lancaster
0.9230769230769232,Rashan Gary
1.0769230769230769,Jonathan Garvin
1.4375,Kenny Clark
0.5625,De'Vondre Campbell
0.0,Chandon Sullivan
0.8125,Rashan Gary
1.25,Kingsley Keke
0.75,Krys Barnes
1.7142857142857142,Daron Payne
1.2857142857142858,Tim Settle
1.0,Montez Sweat
0.9285714285714286,Chase Young
1.4736842105263157,Jonathan Allen
1.5789473684210529,Daron Payne
1.0,Montez Sweat
0.9473684210526316,Chase Young
1.3461538461538465,Matt Ioannidis
1.8461538461538465,Jonathan Allen
1.6538461538461535,Chase Young
1.0,Casey Toohill
1.3076923076923077,Matt Ioannidis
1.1538461538461535,Jonathan Allen
0.8846153846153846,Montez Sweat
1.3846153846153846,Chase Young
0.9230769230769232,Whitney Mercilus
1.2692307692307692,Kenny Clark
1.2692307692307692,Rashan Gary
1.0,Kingsley Keke
0.75,Whitney Mercilus
1.1666666666666667,Kenny Clark
0.8333333333333334,Rashan Gary
1.125,Kingsley Keke
1.35,Whitney Mercilus
2.0,Kenny Clark
0.65,Rashan Gary
0.35,Kingsley Keke
1.7727272727272727,Kenny Clark
1.2272727272727273,Kingsley Keke
0.9090909090909092,Jonathan Garvin
0.9523809523809524,Whitney Mercilus
1.4761904761904765,Kenny Clark
1.0,Dean Lowry
1.0952380952380951,Jonathan Garvin
0.9583333333333334,Dean Lowry
0.9583333333333334,Rashan Gary
1.25,Kingsley Keke
1.56,Kenny Clark
0.96,Rashan Gary
1.48,Kingsley Keke
0.96,Jonathan Garvin
1.8846153846153848,Kenny Clark
0.8846153846153846,Dean Lowry
0.9615384615384616,Jonathan Garvin
0.8846153846153846,Ladarius Hamilton
0.9615384615384616,Whitney Mercilus
1.4230769230769231,Kenny Clark
1.0384615384615383,Dean Lowry
1.2307692307692308,Rashan Gary
0.375,Whitney Mercilus
1.75,Kenny Clark
0.4166666666666667,Rashan Gary
1.625,Kingsley Keke
1.0,Whitney Mercilus
1.0625,Kenny Clark
0.6875,Rashan Gary
1.5625,Tedarrell Slaton
0.9545454545454546,Whitney Mercilus
1.3636363636363635,Kenny Clark
0.9090909090909092,Rashan Gary
1.0454545454545454,Tedarrell Slaton
0.8846153846153846,Whitney Mercilus
1.4230769230769231,Kenny Clark
1.0,Rashan Gary
0.6538461538461539,Kingsley Keke
0.9411764705882352,Whitney Mercilus
1.4705882352941178,Kenny Clark
1.5294117647058822,Kingsley Keke
1.0,Jonathan Garvin
0.4230769230769231,Whitney Mercilus
2.269230769230769,Kenny Clark
1.5384615384615383,Kingsley Keke
0.3846153846153846,Jonathan Garvin
1.0,Whitney Mercilus
2.076923076923077,Kenny Clark
1.1153846153846154,Rashan Gary
1.0769230769230769,Kingsley Keke
1.826086956521739,Whitney Mercilus
1.608695652173913,Kenny Clark
1.3043478260869563,Rashan Gary
1.0,Kingsley Keke
0.8461538461538461,Whitney Mercilus
2.1538461538461537,Kenny Clark
0.6538461538461539,Rashan Gary
1.0384615384615383,Kingsley Keke
0.6666666666666666,Whitney Mercilus
1.75,Kenny Clark
1.3333333333333333,Kingsley Keke
0.375,Jonathan Garvin
0.8695652173913043,Whitney Mercilus
1.4782608695652173,Kenny Clark
1.2608695652173914,Kingsley Keke
1.0869565217391304,Jonathan Garvin
0.9615384615384616,Whitney Mercilus
1.2692307692307692,Dean Lowry
0.9615384615384616,Rashan Gary
1.0384615384615383,Kingsley Keke
0.6923076923076923,Whitney Mercilus
1.6538461538461535,Dean Lowry
0.8461538461538461,Rashan Gary
1.1538461538461535,Kingsley Keke
1.125,Kenny Clark
1.7916666666666667,Dean Lowry
1.875,Jonathan Garvin
1.3333333333333333,Ladarius Hamilton
1.0,Brandon Copeland
0.6923076923076923,James Vaughters
1.8461538461538465,Jonathan Bullard
1.4615384615384617,Ta'Quon Graham
1.2307692307692308,Steven Means
1.9230769230769231,Grady Jarrett
0.7692307692307693,Mykal Walker
0.6923076923076923,Adetokunbo Ogundeji
2.176470588235294,Emmanuel Ogbah
0.0,Elandon Roberts
1.0588235294117647,Christian Wilkins
1.0,Raekwon Davis
1.3076923076923077,Emmanuel Ogbah
2.076923076923077,Adam Butler
1.1153846153846154,Jaelan Phillips
1.0,Tyeler Davison
2.08,Jonathan Bullard
0.84,Foyesade Oluokun
0.84,Jacob Tuioti-Mariner
2.0,Adetokunbo Ogundeji
1.2,Emmanuel Ogbah
0.8,Jerome Baker
2.05,Christian Wilkins
1.0,Raekwon Davis
1.8823529411764703,Emmanuel Ogbah
1.0,Adam Butler
2.0,Christian Wilkins
1.9615384615384617,Zach Sieler
1.3461538461538465,Christian Wilkins
1.0384615384615383,Andrew Van Ginkel
2.3461538461538463,Raekwon Davis
0.0,Jevon Holland
0.5625,Steven Means
1.125,James Vaughters
2.0,Jonathan Bullard
1.3076923076923077,Brandon Copeland
1.0384615384615383,Grady Jarrett
1.5,Tyeler Davison
1.0,Richie Grant
0.8076923076923077,Adetokunbo Ogundeji
0.9523809523809524,Steven Means
1.0476190476190477,Grady Jarrett
2.0,Tyeler Davison
0.9523809523809524,Adetokunbo Ogundeji
1.2,Emmanuel Ogbah
0.3333333333333333,Sam Eguavoen
1.6666666666666667,Christian Wilkins
0.6666666666666666,Andrew Van Ginkel
1.1333333333333333,Raekwon Davis
1.3461538461538465,Emmanuel Ogbah
1.0384615384615383,Sam Eguavoen
1.3846153846153846,Adam Butler
1.1153846153846154,Jaelan Phillips
1.6470588235294117,Zach Sieler
1.8823529411764703,Christian Wilkins
1.1764705882352942,Andrew Van Ginkel
1.0588235294117647,Raekwon Davis
0.0,Jevon Holland
1.0526315789473684,Emmanuel Ogbah
0.4736842105263157,Elandon Roberts
1.894736842105263,Adam Butler
1.894736842105263,Christian Wilkins
0.0625,Emmanuel Ogbah
0.375,Elandon Roberts
1.375,Adam Butler
1.6875,Christian Wilkins
1.8125,Andrew Van Ginkel
0.4,Steven Means
2.1333333333333333,Grady Jarrett
0.4,Deion Jones
1.6,Marlon Davidson
1.0,Steven Means
1.7222222222222223,Grady Jarrett
1.3888888888888888,Marlon Davidson
0.7777777777777778,Adetokunbo Ogundeji
1.1,Steven Means
1.85,Grady Jarrett
0.75,Adetokunbo Ogundeji
0.8260869565217391,Emmanuel Ogbah
1.608695652173913,Sam Eguavoen
1.4782608695652173,Adam Butler
0.8695652173913043,Brandon Jones
0.8695652173913043,Jaelan Phillips
0.9333333333333332,Emmanuel Ogbah
0.8,Sam Eguavoen
2.0,Adam Butler
1.0,Jaelan Phillips
1.3043478260869563,Emmanuel Ogbah
1.2608695652173914,Sam Eguavoen
1.0,Adam Butler
1.7391304347826086,Jaelan Phillips
1.4444444444444444,Emmanuel Ogbah
2.111111111111111,Adam Butler
0.7777777777777778,Jaelan Phillips
1.5769230769230769,Emmanuel Ogbah
2.1923076923076925,Adam Butler
1.5769230769230769,Jaelan Phillips
1.2857142857142858,Emmanuel Ogbah
0.7142857142857143,Sam Eguavoen
1.0,Christian Wilkins
1.0,Andrew Van Ginkel
1.0,Raekwon Davis
1.0769230769230769,Emmanuel Ogbah
1.6538461538461535,Christian Wilkins
1.3076923076923077,Andrew Van Ginkel
2.1153846153846154,Raekwon Davis
0.7692307692307693,Steven Means
1.3846153846153846,Grady Jarrett
0.1153846153846153,Deion Jones
1.6153846153846154,Marlon Davidson
2.0,Steven Means
1.25,Grady Jarrett
0.6875,Marlon Davidson
0.875,Adetokunbo Ogundeji
0.0,Elandon Roberts
1.2352941176470589,Zach Sieler
1.5294117647058822,Christian Wilkins
0.4705882352941176,Andrew Van Ginkel
1.7647058823529411,Raekwon Davis
1.1428571428571428,Emmanuel Ogbah
0.8571428571428571,Sam Eguavoen
2.0952380952380953,Adam Butler
1.0,Jaelan Phillips
1.9583333333333333,Jonathan Bullard
0.8333333333333334,Jacob Tuioti-Mariner
0.9583333333333334,Ta'Quon Graham
1.2083333333333333,Adetokunbo Ogundeji
1.3076923076923077,Steven Means
0.9615384615384616,James Vaughters
1.3076923076923077,Jonathan Bullard
1.0769230769230769,Ta'Quon Graham
1.0,Steven Means
1.625,Grady Jarrett
1.25,Tyeler Davison
0.25,James Vaughters
0.6923076923076923,Steven Means
2.5384615384615383,Grady Jarrett
1.3076923076923077,Tyeler Davison
0.4615384615384615,Adetokunbo Ogundeji
1.1923076923076923,Emmanuel Ogbah
1.1923076923076923,Adam Butler
1.3846153846153846,Christian Wilkins
0.9230769230769232,Andrew Van Ginkel
1.4230769230769231,Emmanuel Ogbah
2.0,Adam Butler
1.6153846153846154,Jaelan Phillips
0.3043478260869565,Elandon Roberts
1.6956521739130437,Zach Sieler
0.8695652173913043,Christian Wilkins
1.391304347826087,Raekwon Davis
1.1363636363636365,Emmanuel Ogbah
0.9545454545454546,Sam Eguavoen
1.0,Adam Butler
2.0,Christian Wilkins
0.95,Emmanuel Ogbah
1.15,Adam Butler
1.45,Christian Wilkins
0.85,Andrew Van Ginkel
1.12,Emmanuel Ogbah
0.48,Sam Eguavoen
1.6,Adam Butler
1.04,Jaelan Phillips
0.8076923076923077,Steven Means
1.0,Brandon Copeland
1.1538461538461535,Tyeler Davison
2.0384615384615383,Jonathan Bullard
1.9230769230769231,Grady Jarrett
0.7692307692307693,Deion Jones
1.3461538461538465,Marlon Davidson
0.1923076923076923,Richie Grant
1.0,Adetokunbo Ogundeji
0.8636363636363636,Emmanuel Ogbah
0.7727272727272727,Sam Eguavoen
1.4545454545454546,Duke Riley
1.0454545454545454,Adam Butler
0.6818181818181818,Zach Sieler
0.8636363636363636,Andrew Van Ginkel
0.84,Emmanuel Ogbah
1.24,Sam Eguavoen
2.0,Adam Butler
0.76,Jaelan Phillips
1.375,Steven Means
1.0,Grady Jarrett
1.5,Jonathan Bullard
1.0,Adetokunbo Ogundeji
0.8571428571428571,Emmanuel Ogbah
1.2857142857142858,Elandon Roberts
0.5238095238095238,Sam Eguavoen
1.1428571428571428,Christian Wilkins
0.7619047619047619,Andrew Van Ginkel
1.1428571428571428,Raekwon Davis
1.1153846153846154,Tyeler Davison
1.5,James Vaughters
1.3846153846153846,Ta'Quon Graham
0.9615384615384616,Adetokunbo Ogundeji
2.0,Grady Jarrett
0.4761904761904761,Deion Jones
1.4285714285714286,Marlon Davidson
0.6190476190476191,Adetokunbo Ogundeji
1.434782608695652,Grady Jarrett
0.0,James Vaughters
1.2608695652173914,Foyesade Oluokun
1.0434782608695652,Marlon Davidson
1.0,Adetokunbo Ogundeji
0.6923076923076923,Steven Means
1.4615384615384617,Grady Jarrett
1.4615384615384617,Jonathan Bullard
0.7692307692307693,Foyesade Oluokun
0.5384615384615384,Jacob Tuioti-Mariner
1.1153846153846154,Steven Means
2.0,Grady Jarrett
0.2307692307692307,Deion Jones
0.9230769230769232,Adetokunbo Ogundeji
0.4090909090909091,Steven Means
1.318181818181818,Grady Jarrett
1.818181818181818,Tyeler Davison
0.6818181818181818,Adetokunbo Ogundeji
0.875,Emmanuel Ogbah
1.5625,Elandon Roberts
1.25,Sam Eguavoen
0.5625,Adam Butler
0.6875,Christian Wilkins
0.625,Andrew Van Ginkel
0.9047619047619048,Emmanuel Ogbah
1.761904761904762,Sam Eguavoen
0.8095238095238095,Duke Riley
1.761904761904762,Adam Butler
0.4761904761904761,Jaelan Phillips
1.4545454545454546,Emmanuel Ogbah
0.3636363636363636,Elandon Roberts
1.181818181818182,Adam Butler
0.9545454545454546,Zach Sieler
0.7307692307692307,Steven Means
1.1538461538461535,Grady Jarrett
2.1153846153846154,Marlon Davidson
0.8461538461538461,Adetokunbo Ogundeji
0.7272727272727273,Steven Means
1.1363636363636365,Grady Jarrett
1.7272727272727273,Mykal Walker
0.9090909090909092,Adetokunbo Ogundeji
2.263157894736842,Emmanuel Ogbah
1.105263157894737,Adam Butler
1.4736842105263157,Christian Wilkins
1.1666666666666667,Emmanuel Ogbah
0.3333333333333333,Elandon Roberts
1.1666666666666667,Adam Butler
1.3333333333333333,Christian Wilkins
1.0384615384615383,Matt Judon
0.8846153846153846,Josh Uche
0.0,Myles Bryant
2.076923076923077,Christian Barmore
1.6666666666666667,Sheldon Rankins
1.0,Shaq Lawson
2.0416666666666665,Nathan Shepherd
1.0,Tim Ward
1.1666666666666667,Kyle Van Noy
1.9583333333333333,Davon Godchaux
0.9583333333333334,Christian Barmore
1.4615384615384617,Kyle Van Noy
0.7692307692307693,Matt Judon
1.4615384615384617,Josh Uche
1.0,Christian Barmore
2.0,Carl Davis
0.7333333333333333,Matt Judon
0.8,Josh Uche
1.2666666666666666,Christian Barmore
0.9473684210526316,Kyle Van Noy
2.1052631578947367,Daniel Ekuale
1.9473684210526316,Christian Barmore
0.65,John Franklin-Myers
1.2,Folorunso Fatukasi
1.35,Quinnen Williams
1.55,Bryce Huff
0.9615384615384616,John Franklin-Myers
2.0,Folorunso Fatukasi
1.0384615384615383,Quinnen Williams
1.1153846153846154,Bryce Huff
0.8076923076923077,Michael Carter
1.0769230769230769,Sheldon Rankins
1.1923076923076923,Shaq Lawson
1.1538461538461535,Nathan Shepherd
0.8076923076923077,John Franklin-Myers
1.0769230769230769,Ashtyn Davis
1.9,Sheldon Rankins
1.0,Shaq Lawson
1.4,John Franklin-Myers
1.1538461538461535,Sheldon Rankins
0.8076923076923077,John Franklin-Myers
1.0384615384615383,Folorunso Fatukasi
1.0384615384615383,Quinnen Williams
1.3846153846153846,Bryce Huff
2.0,Lawrence Guy
1.2941176470588236,Carl Davis
0.0,Matt Judon
1.411764705882353,Deatrich Wise
1.3846153846153846,Lawrence Guy
2.076923076923077,Carl Davis
1.1923076923076923,Matt Judon
1.0,Deatrich Wise
0.0,Kyle Van Noy
2.04,Davon Godchaux
1.04,Ja'Whaun Bentley
1.92,Christian Barmore
1.7142857142857142,Sheldon Rankins
0.9285714285714286,Shaq Lawson
1.2857142857142858,John Franklin-Myers
1.0714285714285714,Folorunso Fatukasi
2.0,Sheldon Rankins
1.2692307692307692,Shaq Lawson
0.7307692307692307,John Franklin-Myers
1.1538461538461535,Folorunso Fatukasi
0.3461538461538461,Michael Carter
0.9090909090909092,Sheldon Rankins
0.5454545454545454,Marcus Maye
0.7727272727272727,John Franklin-Myers
1.0909090909090908,Quinnen Williams
1.0909090909090908,Blake Cashman
1.181818181818182,Bryce Huff
0.9230769230769232,Nathan Shepherd
1.6153846153846154,Folorunso Fatukasi
1.3076923076923077,Tim Ward
0.0,Bryce Huff
2.090909090909091,Nathan Shepherd
1.0,Quinnen Williams
1.3636363636363635,Tim Ward
1.0454545454545454,Bryce Huff
0.2272727272727272,Michael Carter
0.9166666666666666,Sheldon Rankins
1.1666666666666667,John Franklin-Myers
1.9583333333333333,Quinnen Williams
1.3333333333333333,Bryce Huff
1.0,Sheldon Rankins
0.8461538461538461,John Franklin-Myers
2.1538461538461537,Folorunso Fatukasi
0.8461538461538461,Bryce Huff
1.0,Lawrence Guy
0.7692307692307693,Kyle Van Noy
1.3461538461538465,Matt Judon
1.2307692307692308,Deatrich Wise
2.0,Davon Godchaux
1.7307692307692308,Lawrence Guy
1.2692307692307692,Matt Judon
1.5384615384615383,Deatrich Wise
1.3076923076923077,Davon Godchaux
1.9230769230769231,Lawrence Guy
1.0,Carl Davis
1.0,Matt Judon
0.7692307692307693,Deatrich Wise
1.0,Shaq Lawson
1.0,Folorunso Fatukasi
2.0,Quinnen Williams
0.9166666666666666,Bryce Huff
1.0,Shaq Lawson
1.4285714285714286,Folorunso Fatukasi
1.5,Quinnen Williams
0.5714285714285714,Bryce Huff
1.3157894736842106,Shaq Lawson
1.3157894736842106,Folorunso Fatukasi
1.263157894736842,Quinnen Williams
0.7368421052631579,Bryce Huff
1.35,Sheldon Rankins
1.35,Nathan Shepherd
0.65,John Franklin-Myers
0.95,Tim Ward
0.9285714285714286,John Franklin-Myers
2.0,Folorunso Fatukasi
1.0,Quinnen Williams
1.0,Bryce Huff
2.0,Shaq Lawson
1.1176470588235294,Folorunso Fatukasi
2.0,Quinnen Williams
0.7142857142857143,Kyle Van Noy
1.4285714285714286,Matt Judon
1.5714285714285714,Daniel Ekuale
1.1904761904761905,Christian Barmore
0.9230769230769232,Kyle Van Noy
0.8076923076923077,Matt Judon
1.9230769230769231,Daniel Ekuale
1.0,Christian Barmore
2.0,Lawrence Guy
0.8947368421052632,Matt Judon
1.0,Deatrich Wise
1.263157894736842,Davon Godchaux
0.5,Matt Judon
1.125,Daniel Ekuale
0.875,Josh Uche
2.1666666666666665,Christian Barmore
1.125,Lawrence Guy
0.8333333333333334,Kyle Van Noy
1.0416666666666667,Matt Judon
0.6666666666666666,Deatrich Wise
1.3333333333333333,Davon Godchaux
1.32,Lawrence Guy
1.28,Matt Judon
1.24,Deatrich Wise
1.16,Davon Godchaux
0.6666666666666666,John Franklin-Myers
1.3333333333333333,Folorunso Fatukasi
2.25,Quinnen Williams
0.9583333333333334,Bryce Huff
1.9285714285714288,Sheldon Rankins
1.0,Shaq Lawson
1.0,Quinnen Williams
0.0,Quincy Williams
0.7857142857142857,Bryce Huff
1.1538461538461535,Sheldon Rankins
1.5769230769230769,Shaq Lawson
1.2692307692307692,Nathan Shepherd
0.8461538461538461,Bryce Huff
2.0625,Sheldon Rankins
0.75,John Franklin-Myers
1.0625,Quinnen Williams
0.375,Del'Shawn Phillips
0.875,Bryce Huff
1.6363636363636365,Kyle Van Noy
1.181818181818182,Carl Davis
1.0,Matt Judon
1.0,Christian Barmore
0.8888888888888888,Kyle Van Noy
2.0,Carl Davis
1.0,Matt Judon
1.3888888888888888,Christian Barmore
0.9,Matt Judon
1.2,Daniel Ekuale
1.75,Josh Uche
1.85,Christian Barmore
0.8260869565217391,Matt Judon
1.1304347826086956,Daniel Ekuale
0.8695652173913043,Josh Uche
2.0,Christian Barmore
1.0,Lawrence Guy
1.2,Matt Judon
1.1,Davon Godchaux
0.0,Joejuan Williams
1.25,Christian Barmore
1.1923076923076923,Sheldon Rankins
1.2692307692307692,Shaq Lawson
1.3846153846153846,Tim Ward
2.0,Sheldon Rankins
0.6538461538461539,John Franklin-Myers
1.1538461538461535,Quinnen Williams
0.9615384615384616,Bryce Huff
1.7,Lawrence Guy
1.0,Matt Judon
1.2,Davon Godchaux
0.95,Josh Uche
0.9090909090909092,Adrian Phillips
0.8636363636363636,Matt Judon
1.0,Daniel Ekuale
0.5454545454545454,Josh Uche
2.0454545454545454,Christian Barmore
0.875,Matt Judon
1.0,Kyle Dugger
1.5833333333333333,Josh Uche
2.0416666666666665,Christian Barmore
1.0,Shaq Lawson
1.0,John Franklin-Myers
2.0,Folorunso Fatukasi
2.0,Quinnen Williams
0.0,Michael Carter
1.0,Shaq Lawson
1.0416666666666667,Folorunso Fatukasi
2.5,Quinnen Williams
1.0,Tim Ward
1.5625,Matt Judon
1.25,Davon Godchaux
0.625,Josh Uche
1.4375,Christian Barmore
0.5789473684210527,Kyle Van Noy
0.8421052631578947,Matt Judon
2.0526315789473686,Davon Godchaux
0.7894736842105263,Josh Uche
1.2105263157894737,Christian Barmore
1.0769230769230769,Matt Judon
1.8846153846153848,Davon Godchaux
1.0384615384615383,Josh Uche
0.9615384615384616,Christian Barmore
0.88,Jamie Collins
0.96,Kyle Van Noy
1.0,Matt Judon
0.8,Josh Uche
1.16,Christian Barmore
2.0,Carl Davis
0.4666666666666667,Matt Judon
1.5333333333333334,Daniel Ekuale
0.6,Josh Uche
0.9166666666666666,Carl Davis
1.0833333333333333,Matt Judon
2.1666666666666665,Daniel Ekuale
1.6111111111111112,Carl Davis
0.8888888888888888,Deatrich Wise
1.5,Daniel Ekuale
0.7222222222222222,Josh Uche
0.9,Matt Judon
0.4,Jalen Mills
1.55,Deatrich Wise
1.65,Daniel Ekuale
1.380952380952381,Shaq Lawson
2.047619047619047,Folorunso Fatukasi
1.0,Quinnen Williams
1.0476190476190477,Tim Ward
1.0,Kyle Van Noy
2.0,Carl Davis
0.8888888888888888,Matt Judon
1.0,Christian Barmore
1.0,Kyle Van Noy
1.2692307692307692,Carl Davis
1.3846153846153846,Matt Judon
1.1153846153846154,Christian Barmore
0.0,Kyle Van Noy
1.4666666666666666,Carl Davis
0.0,Matt Judon
2.0,Christian Barmore
1.0,Kyle Van Noy
0.9166666666666666,Matt Judon
1.2083333333333333,Davon Godchaux
1.7083333333333333,Daniel Ekuale
1.0,Sheldon Rankins
1.0,Shaq Lawson
1.3333333333333333,Nathan Shepherd
1.6666666666666667,Folorunso Fatukasi
1.0,Quinnen Williams
0.8846153846153846,Sheldon Rankins
1.2692307692307692,Shaq Lawson
1.3076923076923077,Nathan Shepherd
0.8461538461538461,Folorunso Fatukasi
1.1538461538461535,Quinnen Williams
2.111111111111111,Nathan Shepherd
1.0,Quinnen Williams
1.0,Tim Ward
0.8333333333333334,Bryce Huff
0.9090909090909092,Deatrich Wise
1.2272727272727273,Daniel Ekuale
1.0,Josh Uche
1.5,Christian Barmore
1.0,Deatrich Wise
2.0,Daniel Ekuale
0.6923076923076923,Josh Uche
1.0769230769230769,Christian Barmore
1.2307692307692308,Leonard Williams
0.9230769230769232,Austin Johnson
0.7307692307692307,Lorenzo Carter
2.0,Dexter Lawrence
0.7692307692307693,Azeez Ojulari
1.04,Leonard Williams
1.96,Dexter Lawrence
1.0,Azeez Ojulari
1.0,Quincy Roche
1.6666666666666667,Leonard Williams
1.75,Dexter Lawrence
1.0,David Moa
0.4,Leonard Williams
0.88,Lorenzo Carter
2.64,Dexter Lawrence
0.04,Tae Crowder
1.0,Azeez Ojulari
1.2352941176470589,DaQuan Jones
1.0,Haason Reddick
0.9411764705882352,Brian Burns
1.0,Derrick Brown
1.2307692307692308,Leonard Williams
0.2307692307692307,Reggie Ragland
2.230769230769231,Austin Johnson
1.4615384615384617,Azeez Ojulari
2.076923076923077,Leonard Williams
1.0,Lorenzo Carter
1.0,Dexter Lawrence
0.7692307692307693,Azeez Ojulari
0.9130434782608696,Leonard Williams
1.6521739130434785,Austin Johnson
1.0869565217391304,Dexter Lawrence
1.3478260869565215,Oshane Ximines
1.6842105263157894,Leonard Williams
1.2105263157894737,Lorenzo Carter
1.9473684210526316,Dexter Lawrence
1.0526315789473684,Azeez Ojulari
1.9230769230769231,DaQuan Jones
1.0,Haason Reddick
0.9230769230769232,Marquis Haynes
1.0,Yetur Gross-Matos
0.1538461538461538,Daviyon Nixon
1.0,Haason Reddick
0.2631578947368421,Brian Burns
2.0526315789473686,Derrick Brown
1.2105263157894737,Bravvion Roy
1.0,Morgan Fox
1.0,Jermaine Carter
1.0,Derrick Brown
1.5,Jeremy Chinn
1.0,Bravvion Roy
1.2307692307692308,Leonard Williams
1.5,Austin Johnson
2.0,Dexter Lawrence
1.736842105263158,Morgan Fox
1.2105263157894737,Brian Burns
0.5263157894736842,Derrick Brown
1.2105263157894737,Jeremy Chinn
1.7894736842105263,Bravvion Roy
2.0,DaQuan Jones
1.9166666666666667,Morgan Fox
0.7916666666666666,Haason Reddick
0.0,Brian Burns
2.0,Austin Johnson
0.0,
1.3636363636363635,Dexter Lawrence
0.6818181818181818,Quincy Roche
1.1363636363636365,Raymond Johnson
1.0,Leonard Williams
1.6363636363636365,Austin Johnson
0.0,
1.7272727272727273,David Moa
0.5909090909090909,Quincy Roche
2.0,Leonard Williams
1.0769230769230769,Dexter Lawrence
0.9615384615384616,Azeez Ojulari
0.6923076923076923,Quincy Roche
0.9285714285714286,Haason Reddick
0.2857142857142857,Jermaine Carter
2.0,Bravvion Roy
1.1428571428571428,Daviyon Nixon
1.0555555555555556,Morgan Fox
0.7777777777777778,Haason Reddick
0.9444444444444444,Brian Burns
1.7222222222222223,Derrick Brown
1.2,Haason Reddick
0.8,Jermaine Carter
0.95,Brian Burns
1.0,Derrick Brown
0.8,Yetur Gross-Matos
1.0,Jeremy Chinn
1.4615384615384617,Leonard Williams
0.3461538461538461,Jabrill Peppers
1.0,Lorenzo Carter
1.6538461538461535,Carter Coughlin
0.5,Azeez Ojulari
2.3684210526315788,Leonard Williams
1.0,Lorenzo Carter
0.631578947368421,Carter Coughlin
1.0,Azeez Ojulari
1.6153846153846154,Leonard Williams
0.9615384615384616,Lorenzo Carter
1.3846153846153846,Carter Coughlin
0.9615384615384616,Azeez Ojulari
1.4,DaQuan Jones
1.4,Morgan Fox
1.3,Brian Burns
1.8,Derrick Brown
1.1923076923076923,Morgan Fox
0.9230769230769232,Haason Reddick
1.0384615384615383,Brian Burns
1.6923076923076923,Derrick Brown
0.6153846153846154,Leonard Williams
0.6153846153846154,Benardrick McKinney
0.4615384615384615,Austin Johnson
2.1538461538461537,Dexter Lawrence
0.6153846153846154,Azeez Ojulari
1.0,Leonard Williams
1.7307692307692308,Austin Johnson
1.2692307692307692,Dexter Lawrence
1.7307692307692308,Azeez Ojulari
0.9285714285714286,Haason Reddick
0.9285714285714286,Brian Burns
1.4285714285714286,Derrick Brown
1.0714285714285714,Bravvion Roy
1.3333333333333333,Leonard Williams
1.75,Austin Johnson
0.3333333333333333,Jabrill Peppers
0.5833333333333334,Lorenzo Carter
0.6666666666666666,Quincy Roche
1.3,Leonard Williams
1.05,Austin Johnson
2.0,Dexter Lawrence
1.0,DaQuan Jones
0.8571428571428571,Haason Reddick
0.8571428571428571,Brian Burns
1.3571428571428572,Derrick Brown
2.1923076923076925,Morgan Fox
0.7307692307692307,Haason Reddick
1.0769230769230769,Brian Burns
1.1153846153846154,Derrick Brown
1.3333333333333333,DaQuan Jones
0.9333333333333332,Morgan Fox
1.6666666666666667,Derrick Brown
1.1153846153846154,Leonard Williams
1.6153846153846154,Benardrick McKinney
2.3846153846153846,Austin Johnson
0.2692307692307692,Oshane Ximines
2.1153846153846154,Leonard Williams
0.8076923076923077,Lorenzo Carter
0.6538461538461539,Dexter Lawrence
1.3461538461538465,Azeez Ojulari
1.0,DaQuan Jones
1.6923076923076923,Haason Reddick
1.5,Brian Burns
1.7692307692307692,Derrick Brown
1.15,Leonard Williams
0.85,Lorenzo Carter
1.7,Dexter Lawrence
1.3,Azeez Ojulari
2.5384615384615383,Leonard Williams
0.6923076923076923,Lorenzo Carter
1.0,Dexter Lawrence
1.0,Azeez Ojulari
1.4090909090909092,Leonard Williams
1.9090909090909092,Dexter Lawrence
1.2727272727272727,Azeez Ojulari
1.0,Quincy Roche
1.1304347826086956,Leonard Williams
2.0,Dexter Lawrence
0.8695652173913043,Azeez Ojulari
1.0,Quincy Roche
1.9615384615384617,Leonard Williams
1.1923076923076923,Oshane Ximines
0.6923076923076923,Azeez Ojulari
1.0769230769230769,Raymond Johnson
1.0769230769230769,Leonard Williams
1.0,Oshane Ximines
0.9230769230769232,Azeez Ojulari
2.0,Raymond Johnson
2.0,Dexter Lawrence
1.0,Oshane Ximines
1.0,Quincy Roche
1.0,Raymond Johnson
2.0,Dexter Lawrence
1.8076923076923077,Oshane Ximines
1.2307692307692308,Quincy Roche
1.0,Raymond Johnson
1.5384615384615383,Dexter Lawrence
1.0,Oshane Ximines
1.7307692307692308,Azeez Ojulari
0.6538461538461539,Raymond Johnson
1.5,Dexter Lawrence
1.3846153846153846,Carter Coughlin
0.9230769230769232,Azeez Ojulari
1.3846153846153846,Raymond Johnson
1.2692307692307692,Carter Coughlin
2.0,David Moa
1.1538461538461535,Azeez Ojulari
1.0,Raymond Johnson
2.0,Austin Johnson
1.0952380952380951,David Moa
1.0,Azeez Ojulari
0.9047619047619048,Quincy Roche
2.0,Austin Johnson
1.0,David Moa
1.0,Azeez Ojulari
0.8846153846153846,Quincy Roche
1.6363636363636365,Leonard Williams
1.4545454545454546,Austin Johnson
0.8181818181818182,Oshane Ximines
0.9545454545454546,Cam Brown
1.3,Leonard Williams
1.5,Austin Johnson
0.4,Cam Brown
1.25,Azeez Ojulari
1.7307692307692308,Leonard Williams
1.0,Austin Johnson
0.9615384615384616,Azeez Ojulari
1.0,Quincy Roche
0.6363636363636364,Frank Clark
1.2272727272727273,Chris Jones
1.6363636363636365,Jarran Reed
1.0,Derrick Nnadi
0.7272727272727273,Ben Niemann
0.9230769230769232,Frank Clark
1.3846153846153846,Derrick Nnadi
0.9230769230769232,Khalen Saunders
0.0,Willie Gay
1.3076923076923077,Michael Danna
1.0454545454545454,Bud Dupree
1.4545454545454546,Jeffery Simmons
0.1818181818181818,Elijah Molden
1.9545454545454544,Naquan Jones
1.5,Bud Dupree
0.9545454545454546,Harold Landry
1.0454545454545454,Jeffery Simmons
1.7727272727272727,Naquan Jones
0.7692307692307693,Denico Autry
0.8461538461538461,Bud Dupree
1.2307692307692308,Harold Landry
1.2692307692307692,Jeffery Simmons
1.0,Alex Okafor
1.3461538461538465,Jarran Reed
1.9615384615384617,Derrick Nnadi
0.4615384615384615,Michael Danna
0.7142857142857143,Daniel Sorensen
1.1428571428571428,Frank Clark
1.3571428571428572,Chris Jones
1.5714285714285714,Jarran Reed
0.1428571428571428,Ben Niemann
0.7142857142857143,Michael Danna
1.3043478260869563,Denico Autry
1.7826086956521738,Jeffery Simmons
0.4347826086956521,Elijah Molden
1.8695652173913044,Naquan Jones
1.1923076923076923,Denico Autry
0.4615384615384615,Bud Dupree
0.5,Harold Landry
2.1538461538461537,Jeffery Simmons
1.4545454545454546,Alex Okafor
1.0,Jarran Reed
1.0,Michael Danna
0.7307692307692307,Alex Okafor
1.6538461538461535,Chris Jones
1.2692307692307692,Jarran Reed
1.2692307692307692,Michael Danna
0.9411764705882352,Frank Clark
2.235294117647059,Chris Jones
1.0588235294117647,Jarran Reed
0.7058823529411765,Tershawn Wharton
0.8125,Alex Okafor
1.0,Frank Clark
1.0,Khalen Saunders
2.0,Tershawn Wharton
0.8125,Frank Clark
1.125,Chris Jones
2.1875,Jarran Reed
0.875,Tershawn Wharton
0.8461538461538461,Harold Landry
0.8076923076923077,Olasunkanmi Adeniyi
1.1538461538461535,Larrell Murchison
2.0384615384615383,Teair Tart
0.9090909090909092,Tyrann Mathieu
1.0,Frank Clark
0.1818181818181818,Jarran Reed
1.2727272727272727,Derrick Nnadi
1.6363636363636365,Michael Danna
1.0,Frank Clark
1.5,Chris Jones
1.3333333333333333,Jarran Reed
0.0,Ben Niemann
0.0,L'Jarius Sneed
1.9166666666666667,Michael Danna
0.9,Alex Okafor
1.75,Jarran Reed
1.1,Derrick Nnadi
0.6,Michael Danna
1.2608695652173914,Denico Autry
1.434782608695652,Bud Dupree
0.7391304347826086,Harold Landry
1.391304347826087,Jeffery Simmons
0.8076923076923077,Denico Autry
0.7307692307692307,Bud Dupree
0.8076923076923077,Dane Cruikshank
2.0,Jeffery Simmons
0.3076923076923077,David Long
1.5384615384615383,Denico Autry
1.1923076923076923,Bud Dupree
0.5,Harold Landry
1.6538461538461535,Jeffery Simmons
1.0,Alex Okafor
1.0,Chris Jones
2.0,Jarran Reed
0.0,L'Jarius Sneed
1.25,Michael Danna
1.0,Frank Clark
1.6428571428571428,Chris Jones
1.2857142857142858,Michael Danna
0.7142857142857143,Tershawn Wharton
0.9166666666666666,Tyrann Mathieu
0.9166666666666666,Frank Clark
1.0,Chris Jones
0.0,Ben Niemann
0.75,Juan Thornhill
1.0,Michael Danna
1.0833333333333333,Tershawn Wharton
1.5714285714285714,Frank Clark
1.0952380952380951,Chris Jones
1.4285714285714286,Jarran Reed
0.4285714285714285,Ben Niemann
0.7619047619047619,L'Jarius Sneed
0.4285714285714285,Denico Autry
0.7142857142857143,Harold Landry
1.5714285714285714,Jeffery Simmons
2.0714285714285716,Teair Tart
0.8181818181818182,Denico Autry
0.9090909090909092,Harold Landry
0.8636363636363636,Jeffery Simmons
1.5454545454545454,Teair Tart
1.2307692307692308,Jeffery Simmons
0.5384615384615384,David Long
1.9615384615384617,Naquan Jones
1.0,Bud Dupree
1.9565217391304348,Jeffery Simmons
0.9565217391304348,Larrell Murchison
2.0,Naquan Jones
0.6190476190476191,Harold Landry
0.6666666666666666,Olasunkanmi Adeniyi
2.0952380952380953,Jeffery Simmons
1.0952380952380951,Teair Tart
0.96,Denico Autry
1.36,Bud Dupree
0.76,Harold Landry
1.44,Jeffery Simmons
1.0,Frank Clark
1.1111111111111112,Chris Jones
1.2777777777777777,Jarran Reed
1.0,Michael Danna
1.0,Alex Okafor
2.5555555555555554,Derrick Nnadi
0.3333333333333333,Michael Danna
1.2777777777777777,Tershawn Wharton
0.3888888888888889,Alex Okafor
1.8888888888888888,Khalen Saunders
1.2222222222222223,Michael Danna
1.7777777777777777,Tershawn Wharton
1.8846153846153848,Frank Clark
1.3846153846153846,Jarran Reed
1.0,Juan Thornhill
1.6153846153846154,Khalen Saunders
0.8846153846153846,Michael Danna
1.0416666666666667,Frank Clark
1.125,Chris Jones
1.25,Jarran Reed
1.2916666666666667,Khalen Saunders
1.25,Willie Gay
0.5416666666666666,L'Jarius Sneed
0.9047619047619048,Harold Landry
0.7619047619047619,Olasunkanmi Adeniyi
2.047619047619047,Larrell Murchison
1.0952380952380951,Teair Tart
0.6190476190476191,Bud Dupree
0.9523809523809524,Harold Landry
1.0476190476190477,Jeffery Simmons
2.0,Naquan Jones
1.1538461538461535,Bud Dupree
0.7692307692307693,Harold Landry
1.6538461538461535,Jeffery Simmons
1.4615384615384617,Naquan Jones
1.8461538461538465,Denico Autry
0.6153846153846154,Bud Dupree
1.0384615384615383,Harold Landry
1.3846153846153846,Jeffery Simmons
1.181818181818182,Denico Autry
1.0,Harold Landry
0.5454545454545454,Olasunkanmi Adeniyi
2.0,Jeffery Simmons
1.0,Denico Autry
1.0,Harold Landry
0.5384615384615384,Olasunkanmi Adeniyi
1.4615384615384617,Jeffery Simmons
0.6923076923076923,Denico Autry
0.7692307692307693,Bud Dupree
0.0769230769230769,Dane Cruikshank
2.3076923076923075,Jeffery Simmons
2.0588235294117645,Denico Autry
0.7058823529411765,Bud Dupree
0.7647058823529411,Harold Landry
1.0,Jeffery Simmons
1.2272727272727273,Denico Autry
0.7727272727272727,Bud Dupree
0.7727272727272727,Harold Landry
1.5909090909090908,Jeffery Simmons
0.4117647058823529,Harold Landry
0.9411764705882352,Olasunkanmi Adeniyi
2.0,Larrell Murchison
1.0588235294117647,Teair Tart
0.3461538461538461,Harold Landry
1.4230769230769231,Olasunkanmi Adeniyi
1.6538461538461535,Larrell Murchison
1.5769230769230769,Teair Tart
0.8461538461538461,Denico Autry
1.2307692307692308,Bud Dupree
0.7692307692307693,Harold Landry
1.5,Jeffery Simmons
0.7083333333333334,Denico Autry
0.375,Bud Dupree
0.25,Harold Landry
2.1666666666666665,Jeffery Simmons
1.9230769230769231,Denico Autry
0.7692307692307693,Harold Landry
0.9230769230769232,Olasunkanmi Adeniyi
1.0,Jeffery Simmons
1.4090909090909092,Harold Landry
1.0,Olasunkanmi Adeniyi
1.2727272727272727,Jeffery Simmons
1.0,Larrell Murchison
0.5789473684210527,Harold Landry
0.8947368421052632,Olasunkanmi Adeniyi
1.4210526315789471,Jeffery Simmons
1.5789473684210529,Larrell Murchison
1.0769230769230769,Denico Autry
0.6923076923076923,Harold Landry
0.9230769230769232,Olasunkanmi Adeniyi
1.6153846153846154,Jeffery Simmons
1.4615384615384617,Denico Autry
0.5384615384615384,Bud Dupree
0.8846153846153846,Olasunkanmi Adeniyi
2.0,Jeffery Simmons
0.1818181818181818,Bud Dupree
1.2272727272727273,Joseph Jones
1.6363636363636365,Larrell Murchison
1.5454545454545454,Teair Tart
1.1153846153846154,Bud Dupree
1.0,Harold Landry
1.6923076923076923,Larrell Murchison
1.0,Teair Tart
1.2083333333333333,Denico Autry
0.9166666666666666,Bud Dupree
0.9583333333333334,Harold Landry
0.875,Jeffery Simmons
1.1153846153846154,Denico Autry
0.8846153846153846,Bud Dupree
0.8846153846153846,Olasunkanmi Adeniyi
1.8461538461538465,Jeffery Simmons
0.8333333333333334,Joseph Jones
0.7777777777777778,Olasunkanmi Adeniyi
1.2222222222222223,Larrell Murchison
2.1666666666666665,Naquan Jones
0.6666666666666666,Joseph Jones
0.9166666666666666,Olasunkanmi Adeniyi
1.3333333333333333,Larrell Murchison
0.75,Naquan Jones
0.8823529411764706,Joseph Jones
1.1176470588235294,Olasunkanmi Adeniyi
1.7647058823529411,Larrell Murchison
1.1764705882352942,Naquan Jones
0.0,Joseph Jones
0.3636363636363636,David Long
1.9090909090909092,Larrell Murchison
1.7272727272727273,Naquan Jones
0.45,Joseph Jones
0.35,Olasunkanmi Adeniyi
2.0,Larrell Murchison
1.55,Naquan Jones
1.434782608695652,Joseph Jones
0.8695652173913043,Olasunkanmi Adeniyi
1.5217391304347827,Larrell Murchison
1.0,Naquan Jones
0.8235294117647058,Joseph Jones
0.3529411764705882,David Long
1.8235294117647056,Larrell Murchison
2.3529411764705883,Naquan Jones
1.0,Nick Dzubnar
0.7058823529411765,Joseph Jones
1.1764705882352942,Larrell Murchison
1.588235294117647,Naquan Jones
1.0,Nick Dzubnar
1.0,Joseph Jones
1.3529411764705883,Larrell Murchison
0.8235294117647058,Naquan Jones
1.368421052631579,Nick Dzubnar
1.736842105263158,Larrell Murchison
0.0,Elijah Molden
1.5789473684210529,Naquan Jones
1.0,Joseph Jones
0.75,Olasunkanmi Adeniyi
0.0,David Long
1.4166666666666667,Larrell Murchison
0.25,Elijah Molden
1.0,Naquan Jones
0.8461538461538461,Joseph Jones
0.9615384615384616,Olasunkanmi Adeniyi
1.6538461538461535,Larrell Murchison
1.1538461538461535,Naquan Jones
0.9333333333333332,Nick Dzubnar
0.8666666666666667,Joseph Jones
1.1333333333333333,Olasunkanmi Adeniyi
2.066666666666667,Naquan Jones
0.9615384615384616,Joseph Jones
1.0,Olasunkanmi Adeniyi
1.0,Larrell Murchison
2.0,Naquan Jones
0.782608695652174,Joseph Jones
1.0,Olasunkanmi Adeniyi
1.4782608695652173,Larrell Murchison
1.3043478260869563,Naquan Jones
1.1578947368421053,Aaron Donald
0.6842105263157895,Leonard Floyd
2.0,Sebastian Joseph
0.7368421052631579,Terrell Lewis
2.0,Aaron Donald
1.7692307692307692,A'Shawn Robinson
1.2307692307692308,Sebastian Joseph
0.0,Terrell Lewis
1.4545454545454546,Aaron Donald
0.0,Jalen Ramsey
0.9545454545454546,Kenny Young
1.0454545454545454,Ogbonnia Okoronkwo
2.0454545454545454,Sebastian Joseph
1.5,Aaron Donald
0.7692307692307693,Leonard Floyd
0.6923076923076923,Kenny Young
1.3846153846153846,Sebastian Joseph
0.8846153846153846,Terrell Lewis
1.2666666666666666,Michael Brockers
1.9333333333333331,Nicholas Williams
0.6666666666666666,Trey Flowers
0.7333333333333333,Charles Harris
1.6923076923076923,Michael Brockers
1.0,Nicholas Williams
1.0,Trey Flowers
1.3076923076923077,Charles Harris
2.0,Nicholas Williams
1.3846153846153846,Trey Flowers
1.0,Charles Harris
0.2307692307692307,A.J. Parker
1.3333333333333333,Charles Harris
1.0,Julian Okwara
1.0,Levi Onwuzurike
1.6,Alim McNeill
1.263157894736842,Jalen Reeves-Maybin
0.0,Julian Okwara
1.3157894736842106,Levi Onwuzurike
2.4210526315789473,Alim McNeill
1.5555555555555556,Aaron Donald
0.7222222222222222,A'Shawn Robinson
1.7222222222222223,Greg Gaines
0.5555555555555556,Jamir Jones
1.2307692307692308,Aaron Donald
2.0,A'Shawn Robinson
1.3076923076923077,Sebastian Joseph
0.7692307692307693,Terrell Lewis
1.8888888888888888,Aaron Donald
0.7222222222222222,Leonard Floyd
0.9444444444444444,Ogbonnia Okoronkwo
1.2222222222222223,Sebastian Joseph
1.5384615384615383,Michael Brockers
1.3461538461538465,Nicholas Williams
1.2307692307692308,Trey Flowers
1.0,Austin Bryant
1.2,Michael Brockers
1.4666666666666666,Nicholas Williams
1.0,Trey Flowers
0.0,Alex Anzalone
0.5333333333333333,Jalen Reeves-Maybin
1.0,Austin Bryant
1.0,Nicholas Williams
0.8076923076923077,Trey Flowers
1.1923076923076923,Charles Harris
1.0,John Penisini
0.6923076923076923,A.J. Parker
1.4782608695652173,Charles Harris
1.3043478260869563,Austin Bryant
0.6956521739130435,Julian Okwara
1.4782608695652173,Jashon Cornell
1.105263157894737,Michael Brockers
1.0,Charles Harris
0.7368421052631579,Julian Okwara
2.0,Levi Onwuzurike
1.8571428571428572,Trey Flowers
1.0,Charles Harris
0.5,Julian Okwara
1.2142857142857142,Jashon Cornell
1.6521739130434785,Michael Brockers
1.0,Nicholas Williams
0.7391304347826086,Trey Flowers
1.3043478260869563,Charles Harris
0.217391304347826,Alex Anzalone
0.2608695652173913,Derrick Barnes
1.0,Trey Flowers
1.0,Charles Harris
0.9545454545454546,Alex Anzalone
0.5909090909090909,Jalen Reeves-Maybin
1.0,Julian Okwara
1.0,Jashon Cornell
1.4,Michael Brockers
1.0,Nicholas Williams
0.92,Austin Bryant
1.6,Julian Okwara
1.5,Michael Brockers
1.4615384615384617,Nicholas Williams
1.0,Trey Flowers
2.0,Aaron Donald
1.2272727272727273,Leonard Floyd
1.3636363636363635,Sebastian Joseph
0.4545454545454545,Terrell Lewis
1.2,Aaron Donald
0.8,Leonard Floyd
2.0,Sebastian Joseph
0.95,Terrell Lewis
1.8235294117647056,Aaron Donald
0.5882352941176471,Leonard Floyd
1.2352941176470589,Sebastian Joseph
0.1764705882352941,Troy Reeder
0.7647058823529411,Terrell Lewis
1.3846153846153846,Aaron Donald
0.3461538461538461,Jalen Ramsey
1.4615384615384617,Sebastian Joseph
0.7692307692307693,Troy Reeder
1.1153846153846154,Terrell Lewis
1.0,Aaron Donald
0.5555555555555556,Leonard Floyd
2.0,Sebastian Joseph
0.7777777777777778,Terrell Lewis
2.0,Aaron Donald
0.32,Leonard Floyd
1.12,Sebastian Joseph
0.64,Terrell Lewis
1.0769230769230769,Michael Brockers
1.3461538461538465,Nicholas Williams
1.3846153846153846,Trey Flowers
1.3461538461538465,Charles Harris
1.761904761904762,Nicholas Williams
1.4285714285714286,Trey Flowers
0.9523809523809524,Charles Harris
0.7619047619047619,Julian Okwara
1.5,Trey Flowers
1.6538461538461535,Charles Harris
1.5,Levi Onwuzurike
1.3461538461538465,Alim McNeill
1.3076923076923077,Charles Harris
1.1923076923076923,Julian Okwara
1.3846153846153846,Levi Onwuzurike
1.5769230769230769,Alim McNeill
1.3076923076923077,Michael Brockers
0.1923076923076923,Charles Harris
1.2692307692307692,Alex Anzalone
1.6923076923076923,Jalen Reeves-Maybin
1.3461538461538465,Austin Bryant
0.1538461538461538,Julian Okwara
0.0,Charles Harris
0.9230769230769232,Alex Anzalone
1.0,Julian Okwara
1.7692307692307692,Levi Onwuzurike
1.0769230769230769,Alim McNeill
0.2307692307692307,Derrick Barnes
1.9230769230769231,Aaron Donald
0.8846153846153846,Leonard Floyd
1.1153846153846154,Sebastian Joseph
0.9230769230769232,Terrell Lewis
2.0526315789473686,Aaron Donald
0.7894736842105263,Leonard Floyd
1.894736842105263,A'Shawn Robinson
0.8947368421052632,Greg Gaines
1.7058823529411764,Aaron Donald
0.7647058823529411,Leonard Floyd
0.7058823529411765,Ogbonnia Okoronkwo
1.1764705882352942,Sebastian Joseph
0.7368421052631579,Charles Harris
1.0,Julian Okwara
1.1578947368421053,John Penisini
2.0526315789473686,Levi Onwuzurike
1.0,Charles Harris
1.0,Julian Okwara
1.0,John Penisini
1.9230769230769231,Levi Onwuzurike
2.6923076923076925,Aaron Donald
1.0,A'Shawn Robinson
0.1923076923076923,Sebastian Joseph
1.1153846153846154,Greg Gaines
1.5384615384615383,Aaron Donald
0.8461538461538461,Leonard Floyd
1.3461538461538465,A'Shawn Robinson
1.4615384615384617,Sebastian Joseph
1.4583333333333333,Aaron Donald
0.7083333333333334,Leonard Floyd
1.2916666666666667,Sebastian Joseph
0.7916666666666666,Terrell Lewis
2.0,Michael Brockers
1.3333333333333333,Nicholas Williams
1.0,Trey Flowers
0.6666666666666666,Charles Harris
1.181818181818182,Nicholas Williams
1.681818181818182,Trey Flowers
0.6818181818181818,Charles Harris
0.9545454545454546,Julian Okwara
1.3846153846153846,Nicholas Williams
0.5,Charles Harris
1.1153846153846154,Alex Anzalone
0.4230769230769231,Austin Bryant
1.5769230769230769,Julian Okwara
1.0,Trey Flowers
1.0,Charles Harris
1.0,Levi Onwuzurike
1.6666666666666667,Alim McNeill
1.5,Michael Brockers
1.4230769230769231,Trey Flowers
1.0,Charles Harris
0.9615384615384616,Julian Okwara
2.1818181818181817,Michael Brockers
1.181818181818182,Nicholas Williams
0.0,Trey Flowers
0.9090909090909092,Charles Harris
2.0,Aaron Donald
0.75,A'Shawn Robinson
1.25,Sebastian Joseph
1.0,Greg Gaines
0.0,
1.3846153846153846,Aaron Donald
0.8076923076923077,Leonard Floyd
1.0769230769230769,A'Shawn Robinson
0.5769230769230769,Ogbonnia Okoronkwo
1.1153846153846154,Sebastian Joseph
1.3529411764705883,Aaron Donald
0.8235294117647058,Leonard Floyd
1.1764705882352942,A'Shawn Robinson
0.6470588235294118,Ogbonnia Okoronkwo
1.0,Sebastian Joseph
2.130434782608696,Aaron Donald
0.8695652173913043,Leonard Floyd
1.1304347826086956,Greg Gaines
0.4347826086956521,Terrell Lewis
1.1875,Aaron Donald
0.6875,Leonard Floyd
2.0,A'Shawn Robinson
1.125,Sebastian Joseph
0.0,Terrell Lewis
1.0555555555555556,Aaron Donald
0.5555555555555556,Leonard Floyd
1.4444444444444444,A'Shawn Robinson
1.0,Sebastian Joseph
0.9444444444444444,Terrell Lewis
1.4666666666666666,Michael Brockers
0.3333333333333333,Nicholas Williams
1.0,Trey Flowers
1.1333333333333333,Julian Okwara
1.0,Trey Flowers
0.0,
1.5,Charles Harris
0.0,Alex Anzalone
0.2142857142857142,Jalen Reeves-Maybin
1.0,John Penisini
1.6428571428571428,Alim McNeill
1.4230769230769231,Aaron Donald
0.5384615384615384,Leonard Floyd
0.8461538461538461,Ogbonnia Okoronkwo
1.4615384615384617,Sebastian Joseph
1.3076923076923077,Aaron Donald
1.1153846153846154,Leonard Floyd
0.9615384615384616,Ogbonnia Okoronkwo
1.4615384615384617,Sebastian Joseph
1.7222222222222223,Aaron Donald
0.6111111111111112,Leonard Floyd
1.0,Ogbonnia Okoronkwo
1.0,Sebastian Joseph
1.0,Johnathan Hankins
1.0,Yannick Ngakoue
2.0,Quinton Jefferson
0.8125,Maxx Crosby
2.0,Johnathan Hankins
0.9230769230769232,Yannick Ngakoue
1.0769230769230769,Quinton Jefferson
2.576923076923077,Maxx Crosby
1.85,Johnathan Hankins
0.0,Yannick Ngakoue
2.05,Solomon Thomas
1.0,Maxx Crosby
2.0,Fletcher Cox
2.0,Javon Hargrave
1.0769230769230769,Derek Barnett
0.8461538461538461,Josh Sweat
1.6538461538461535,Fletcher Cox
1.0,Hassan Ridgeway
0.8846153846153846,Derek Barnett
2.0,Josh Sweat
1.6923076923076923,Ryan Kerrigan
0.6538461538461539,Fletcher Cox
1.6923076923076923,Javon Hargrave
1.4615384615384617,Josh Sweat
1.375,Fletcher Cox
1.375,Javon Hargrave
1.0,Derek Barnett
0.625,Josh Sweat
1.32,Fletcher Cox
1.76,Javon Hargrave
0.8,Derek Barnett
1.44,Josh Sweat
1.4705882352941178,Johnathan Hankins
0.5294117647058824,Carl Nassib
2.235294117647059,Solomon Thomas
0.5294117647058824,Clelin Ferrell
1.44,Yannick Ngakoue
1.32,Quinton Jefferson
1.56,Solomon Thomas
0.68,Maxx Crosby
2.0,Damion Square
1.0,Yannick Ngakoue
1.761904761904762,Quinton Jefferson
0.238095238095238,Maxx Crosby
1.2142857142857142,Fletcher Cox
2.2142857142857144,Hassan Ridgeway
1.0,Derek Barnett
1.1428571428571428,Josh Sweat
2.0,Javon Hargrave
1.0,Derek Barnett
0.8181818181818182,Josh Sweat
1.1363636363636365,Milton Williams
1.2857142857142858,Ryan Kerrigan
1.7142857142857142,Fletcher Cox
1.4761904761904765,Derek Barnett
1.9523809523809523,Milton Williams
0.5,Ryan Kerrigan
1.8,Fletcher Cox
1.7,Milton Williams
1.8,Tarron Jackson
1.1538461538461535,Johnathan Hankins
1.1923076923076923,Yannick Ngakoue
2.1538461538461537,Quinton Jefferson
1.2307692307692308,Maxx Crosby
0.9615384615384616,Yannick Ngakoue
1.3076923076923077,Quinton Jefferson
1.8846153846153848,Solomon Thomas
0.3076923076923077,Maxx Crosby
1.238095238095238,Javon Hargrave
1.8571428571428572,Hassan Ridgeway
0.7619047619047619,Derek Barnett
1.1428571428571428,Milton Williams
1.1176470588235294,Javon Hargrave
1.0,Hassan Ridgeway
0.7647058823529411,Derek Barnett
0.7058823529411765,Genard Avery
1.2941176470588236,Milton Williams
1.4285714285714286,Fletcher Cox
1.7142857142857142,Javon Hargrave
1.0,Derek Barnett
0.3571428571428571,Josh Sweat
2.0,Fletcher Cox
1.1764705882352942,Javon Hargrave
1.0,Derek Barnett
1.411764705882353,Josh Sweat
2.0588235294117645,Fletcher Cox
1.1764705882352942,Javon Hargrave
1.0,Derek Barnett
0.7647058823529411,Josh Sweat
1.5555555555555556,Fletcher Cox
1.5,Javon Hargrave
1.2222222222222223,Derek Barnett
0.8333333333333334,Josh Sweat
1.2,Fletcher Cox
1.8,Javon Hargrave
1.0,Derek Barnett
0.8,Josh Sweat
1.2666666666666666,Fletcher Cox
2.0,Javon Hargrave
1.0,Derek Barnett
0.7333333333333333,Josh Sweat
1.1,Fletcher Cox
1.75,Javon Hargrave
1.1,Derek Barnett
0.95,Josh Sweat
2.1904761904761907,Fletcher Cox
1.0476190476190477,Hassan Ridgeway
0.9523809523809524,Derek Barnett
0.5238095238095238,Josh Sweat
0.6923076923076923,Fletcher Cox
2.0,Javon Hargrave
0.8076923076923077,Derek Barnett
1.3076923076923077,Josh Sweat
1.0769230769230769,Johnathan Hankins
1.5,Yannick Ngakoue
2.0,Quinton Jefferson
1.3076923076923077,Maxx Crosby
1.4230769230769231,Yannick Ngakoue
1.0384615384615383,Quinton Jefferson
0.7692307692307693,Cory Littleton
1.0769230769230769,Solomon Thomas
0.8076923076923077,Maxx Crosby
1.1428571428571428,Fletcher Cox
1.2857142857142858,Javon Hargrave
0.5714285714285714,Derek Barnett
1.9285714285714288,Milton Williams
1.2173913043478262,Fletcher Cox
1.1304347826086956,Javon Hargrave
0.782608695652174,Derek Barnett
1.8695652173913044,Josh Sweat
0.7619047619047619,Ryan Kerrigan
2.047619047619047,Fletcher Cox
1.238095238095238,Hassan Ridgeway
0.8571428571428571,Josh Sweat
2.0,Johnathan Hankins
0.95,Yannick Ngakoue
1.05,Solomon Thomas
0.7,Maxx Crosby
0.8260869565217391,Yannick Ngakoue
0.8695652173913043,Quinton Jefferson
2.1739130434782608,Solomon Thomas
1.0,Maxx Crosby
0.7692307692307693,Yannick Ngakoue
2.0,Quinton Jefferson
1.0384615384615383,Solomon Thomas
1.0,Maxx Crosby
1.3076923076923077,Damion Square
1.0,Carl Nassib
0.7307692307692307,Yannick Ngakoue
0.7692307692307693,Cory Littleton
1.1153846153846154,Solomon Thomas
2.0,Damion Square
1.0,Carl Nassib
1.5,Yannick Ngakoue
1.0384615384615383,Solomon Thomas
1.0,Fletcher Cox
1.375,Javon Hargrave
1.0833333333333333,Derek Barnett
1.0,Milton Williams
1.5833333333333333,Fletcher Cox
1.0,Hassan Ridgeway
0.4166666666666667,Derek Barnett
1.3333333333333333,Josh Sweat
0.6666666666666666,Genard Avery
2.0,Johnathan Hankins
1.0,Carl Nassib
1.0384615384615383,Quinton Jefferson
0.9615384615384616,Clelin Ferrell
1.7894736842105263,Johnathan Hankins
0.9473684210526316,Carl Nassib
1.2105263157894737,Quinton Jefferson
0.6842105263157895,Clelin Ferrell
1.7916666666666667,Johnathan Hankins
0.7916666666666666,Carl Nassib
1.375,Quinton Jefferson
0.8333333333333334,Clelin Ferrell
2.0,Damion Square
1.0,Yannick Ngakoue
1.8,Quinton Jefferson
0.2,Maxx Crosby
1.0,Damion Square
1.0,Yannick Ngakoue
2.227272727272727,Solomon Thomas
0.5454545454545454,Maxx Crosby
1.2307692307692308,Damion Square
0.9615384615384616,Yannick Ngakoue
1.6923076923076923,Solomon Thomas
0.7692307692307693,Maxx Crosby
1.1363636363636365,Johnathan Hankins
1.0,Yannick Ngakoue
1.4545454545454546,Quinton Jefferson
1.1363636363636365,Maxx Crosby
1.2777777777777777,Johnathan Hankins
0.7777777777777778,Yannick Ngakoue
1.8333333333333333,Quinton Jefferson
0.8333333333333334,Maxx Crosby
2.0,Johnathan Hankins
1.0,Yannick Ngakoue
1.5769230769230769,Quinton Jefferson
0.4230769230769231,Maxx Crosby
2.0,Damion Square
0.8846153846153846,Carl Nassib
1.1153846153846154,Solomon Thomas
0.6538461538461539,Maxx Crosby
0.92,Yannick Ngakoue
1.88,Quinton Jefferson
1.08,Solomon Thomas
0.32,Clelin Ferrell
1.4,Damion Square
1.48,Solomon Thomas
0.88,Clelin Ferrell
1.28,Maxx Crosby
1.1304347826086956,Damion Square
2.782608695652174,Solomon Thomas
0.8695652173913043,Clelin Ferrell
0.7391304347826086,Maxx Crosby
1.5384615384615383,Damion Square
1.1923076923076923,Solomon Thomas
1.4615384615384617,Clelin Ferrell
0.8076923076923077,Maxx Crosby
0.6428571428571429,Carl Nassib
0.8571428571428571,Yannick Ngakoue
1.3571428571428572,Quinton Jefferson
2.0714285714285716,Solomon Thomas
0.5384615384615384,Carl Nassib
1.3846153846153846,Yannick Ngakoue
1.6538461538461535,Quinton Jefferson
1.2307692307692308,Solomon Thomas
1.1764705882352942,Damion Square
0.8235294117647058,Yannick Ngakoue
2.0588235294117645,Quinton Jefferson
0.7058823529411765,Maxx Crosby
1.1363636363636365,Damion Square
0.8636363636363636,Yannick Ngakoue
1.9090909090909092,Quinton Jefferson
1.0909090909090908,Maxx Crosby
1.8461538461538465,Damion Square
0.8846153846153846,Yannick Ngakoue
1.1538461538461535,Quinton Jefferson
0.8461538461538461,Maxx Crosby
2.2857142857142856,Maliek Collins
1.0,Jacob Martin
1.1904761904761905,Jonathan Greenard
1.2857142857142858,Roy Lopez
1.0769230769230769,Maliek Collins
0.6538461538461539,Jacob Martin
0.9230769230769232,Jonathan Greenard
2.0384615384615383,Roy Lopez
1.4615384615384617,J.J. Watt
2.0,Jordan Phillips
1.2307692307692308,Leki Fotu
2.1333333333333333,J.J. Watt
0.6,Devon Kennard
2.0,Jordan Phillips
0.0,Budda Baker
1.8461538461538465,J.J. Watt
0.3846153846153846,Markus Golden
1.6923076923076923,Dennis Gardeck
1.2307692307692308,Zaven Collins
1.0,Jordan Jenkins
1.0769230769230769,DeMarcus Walker
1.4615384615384617,Charles Omenihu
1.8076923076923077,Ross Blacklock
1.8421052631578947,J.J. Watt
1.4736842105263157,Devon Kennard
0.3157894736842105,Markus Golden
1.0,J.J. Watt
0.9411764705882352,Devon Kennard
0.8823529411764706,Josh Mauro
1.1764705882352942,Jordan Phillips
2.0,Leki Fotu
1.8235294117647056,J.J. Watt
0.8823529411764706,Markus Golden
0.5882352941176471,Jordan Hicks
1.4705882352941178,Leki Fotu
1.6153846153846154,J.J. Watt
1.5384615384615383,Markus Golden
0.0,Budda Baker
0.0,Byron Murphy
1.608695652173913,Jordan Jenkins
1.173913043478261,DeMarcus Walker
1.5217391304347827,Charles Omenihu
1.9565217391304348,Ross Blacklock
0.875,Jordan Jenkins
1.6666666666666667,DeMarcus Walker
0.75,Charles Omenihu
1.375,Ross Blacklock
1.48,Maliek Collins
1.0,Jacob Martin
1.0,Jonathan Greenard
2.04,Roy Lopez
1.45,Jordan Jenkins
1.5,DeMarcus Walker
0.85,Charles Omenihu
1.2,Ross Blacklock
1.0384615384615383,Jordan Jenkins
1.8076923076923077,DeMarcus Walker
1.0,Charles Omenihu
1.0384615384615383,Ross Blacklock
1.4230769230769231,Budda Baker
1.5384615384615383,Michael Dogbe
0.7692307692307693,Isaiah Simmons
1.6923076923076923,Leki Fotu
0.875,Devon Kennard
0.375,Markus Golden
1.8125,Michael Dogbe
1.125,Isaiah Simmons
1.1875,Leki Fotu
1.0,Jordan Jenkins
1.0,DeMarcus Walker
1.05,Charles Omenihu
1.95,Ross Blacklock
0.7692307692307693,Jordan Jenkins
1.4230769230769231,DeMarcus Walker
0.9230769230769232,Charles Omenihu
1.2692307692307692,Ross Blacklock
2.3076923076923075,Maliek Collins
1.0,Jacob Martin
2.3461538461538463,Jonathan Greenard
1.3076923076923077,Roy Lopez
1.0769230769230769,J.J. Watt
1.7307692307692308,Jordan Phillips
0.7692307692307693,Markus Golden
0.8076923076923077,Dennis Gardeck
1.0,Maliek Collins
1.0,Jacob Martin
2.0,Charles Omenihu
1.5,Jonathan Greenard
1.5833333333333333,Maliek Collins
0.9166666666666666,Jacob Martin
1.5833333333333333,Charles Omenihu
0.875,Jonathan Greenard
1.2857142857142858,Maliek Collins
1.0,Jacob Martin
1.4285714285714286,Charles Omenihu
0.7619047619047619,Jonathan Greenard
1.25,J.J. Watt
0.8,Markus Golden
1.1,Jordan Hicks
0.95,Dennis Gardeck
0.95,Zaven Collins
1.1538461538461535,J.J. Watt
2.0,Jordan Phillips
0.6923076923076923,Markus Golden
0.8461538461538461,Dennis Gardeck
1.6666666666666667,J.J. Watt
1.125,Markus Golden
1.4166666666666667,Dennis Gardeck
1.4166666666666667,Zaven Collins
1.8076923076923077,Maliek Collins
1.0,Jacob Martin
1.1923076923076923,Jonathan Greenard
1.3461538461538465,Roy Lopez
0.9411764705882352,Jacob Martin
1.1176470588235294,Ross Blacklock
1.0588235294117647,Jonathan Greenard
2.0,Roy Lopez
1.0,Jordan Jenkins
1.5833333333333333,DeMarcus Walker
0.9583333333333334,Charles Omenihu
1.0416666666666667,Ross Blacklock
1.2692307692307692,Jordan Jenkins
1.2307692307692308,DeMarcus Walker
1.8076923076923077,Charles Omenihu
1.1538461538461535,Ross Blacklock
1.6153846153846154,J.J. Watt
0.8461538461538461,Devon Kennard
0.6153846153846154,Markus Golden
1.0,Michael Dogbe
0.9615384615384616,Devon Kennard
0.3461538461538461,Markus Golden
0.3846153846153846,Michael Dogbe
2.423076923076923,Leki Fotu
1.0,Jordan Jenkins
2.3333333333333335,DeMarcus Walker
1.0,Charles Omenihu
1.0,Ross Blacklock
1.2307692307692308,Jordan Jenkins
1.3076923076923077,DeMarcus Walker
0.9230769230769232,Charles Omenihu
1.5769230769230769,Ross Blacklock
2.0625,Maliek Collins
1.0,Jacob Martin
0.4375,Jonathan Greenard
1.4375,Roy Lopez
0.8888888888888888,Devon Kennard
1.2777777777777777,Jordan Phillips
0.9444444444444444,Markus Golden
1.6666666666666667,Michael Dogbe
1.3461538461538465,Maliek Collins
1.0,Jacob Martin
0.9615384615384616,Jonathan Greenard
1.1538461538461535,Roy Lopez
1.1153846153846154,Maliek Collins
1.9230769230769231,Jacob Martin
1.6923076923076923,Charles Omenihu
1.1538461538461535,Jonathan Greenard
0.9230769230769232,Devon Kennard
0.4615384615384615,Tanner Vallejo
1.3076923076923077,Michael Dogbe
1.6923076923076923,Leki Fotu
0.7692307692307693,Victor Dimukeje
1.0,Devon Kennard
1.8333333333333333,Michael Dogbe
1.25,Leki Fotu
0.5833333333333334,Victor Dimukeje
1.9166666666666667,Tanner Vallejo
1.0833333333333333,Michael Dogbe
0.7083333333333334,Jalen Thompson
1.2916666666666667,Leki Fotu
1.625,Zaven Collins
0.75,Devon Kennard
1.0,Josh Mauro
1.25,Michael Dogbe
1.0,Victor Dimukeje
0.9,Devon Kennard
1.85,Josh Mauro
1.2,Michael Dogbe
0.8,Victor Dimukeje
0.3333333333333333,Markus Golden
0.75,Dennis Gardeck
1.6666666666666667,Michael Dogbe
1.1538461538461535,Devon Kennard
2.0,Josh Mauro
2.0384615384615383,Leki Fotu
1.0769230769230769,Victor Dimukeje
0.75,Josh Mauro
0.8333333333333334,Joe Walker
0.0,Antonio Hamilton
1.3333333333333333,Michael Dogbe
1.6666666666666667,Zaven Collins
1.9523809523809523,Josh Mauro
0.3809523809523809,Markus Golden
0.9047619047619048,Dennis Gardeck
1.5238095238095235,Michael Dogbe
0.4117647058823529,Chris Banjo
1.1176470588235294,Jordan Phillips
0.8823529411764706,Markus Golden
1.2941176470588236,Joe Walker
0.7058823529411765,Dennis Gardeck
1.3529411764705883,Leki Fotu
0.9411764705882352,Zaven Collins
1.7826086956521738,Jason Pierre-Paul
0.8695652173913043,Ross Cockrell
0.6086956521739131,Shaquil Barrett
2.391304347826087,Vita Vea
0.1739130434782608,Antoine Winfield
1.3076923076923077,Jason Pierre-Paul
1.3846153846153846,Shaquil Barrett
2.1923076923076925,Vita Vea
1.56,Ndamukong Suh
0.0,Kevin Minter
1.64,William Gholston
0.96,Shaquil Barrett
1.36,Vita Vea
0.7777777777777778,Ndamukong Suh
0.7777777777777778,Jason Pierre-Paul
0.9444444444444444,Shaquil Barrett
2.2222222222222223,Vita Vea
1.181818181818182,Ndamukong Suh
0.5909090909090909,Jason Pierre-Paul
0.8181818181818182,William Gholston
1.4545454545454546,Rakeem Nunez-Roches
0.8181818181818182,Joe Tryon
1.3333333333333333,Jason Pierre-Paul
2.0,William Gholston
2.25,Rakeem Nunez-Roches
0.6666666666666666,Joe Tryon
0.8461538461538461,Jason Pierre-Paul
1.1538461538461535,William Gholston
2.0,Vita Vea
0.8076923076923077,Joe Tryon
1.0,Khalil Mack
1.8636363636363635,Mario Edwards
1.0,Bilal Nichols
1.1363636363636365,Sam Kamara
1.0,Khalil Mack
1.6666666666666667,Mario Edwards
1.0,Bilal Nichols
1.3888888888888888,Sam Kamara
1.0,Khalil Mack
0.7777777777777778,Mario Edwards
1.3333333333333333,Bilal Nichols
0.8333333333333334,Sam Kamara
1.0,Khalil Mack
1.25,Mario Edwards
0.8,Bilal Nichols
0.65,Sam Kamara
1.36,Ndamukong Suh
0.92,Shaquil Barrett
2.0,Rakeem Nunez-Roches
1.24,Joe Tryon
1.2857142857142858,Ndamukong Suh
0.7142857142857143,Shaquil Barrett
1.8095238095238095,Vita Vea
1.0,Joe Tryon
1.631578947368421,Mario Edwards
1.0,Angelo Blackson
0.631578947368421,Trevis Gipson
0.7894736842105263,Sam Kamara
1.0,Khalil Mack
1.6666666666666667,Mario Edwards
0.8666666666666667,Angelo Blackson
1.0,Roquan Smith
1.0,Khalil Mack
1.0833333333333333,Mario Edwards
1.5833333333333333,Angelo Blackson
0.9166666666666666,Trevis Gipson
2.0,William Gholston
0.7222222222222222,Shaquil Barrett
1.6666666666666667,Rakeem Nunez-Roches
0.6111111111111112,Joe Tryon
1.1428571428571428,Jason Pierre-Paul
1.0714285714285714,Shaquil Barrett
2.0,Rakeem Nunez-Roches
0.2142857142857142,Devin White
1.0,Khalil Mack
2.0,Eddie Goldman
0.6666666666666666,Bilal Nichols
1.0,Trevis Gipson
1.0,Khalil Mack
1.8333333333333333,Eddie Goldman
0.6111111111111112,Roquan Smith
1.1111111111111112,Bilal Nichols
0.8333333333333334,Trevis Gipson
0.8461538461538461,Khalil Mack
0.3461538461538461,Eddie Goldman
0.8461538461538461,Roquan Smith
1.2307692307692308,Bilal Nichols
1.7307692307692308,Trevis Gipson
1.0,Ndamukong Suh
0.9,Jason Pierre-Paul
0.6,Shaquil Barrett
2.25,Vita Vea
2.0,Ndamukong Suh
1.2,Jason Pierre-Paul
0.5,Kevin Minter
0.9,Shaquil Barrett
0.4666666666666667,Khalil Mack
1.0,Angelo Blackson
1.9333333333333331,Bilal Nichols
1.0,Trevis Gipson
1.0,Khalil Mack
1.9333333333333331,Angelo Blackson
1.0666666666666669,Bilal Nichols
1.0,Trevis Gipson
0.4666666666666667,Khalil Mack
1.1333333333333333,Mario Edwards
1.0666666666666669,Angelo Blackson
1.2,Roquan Smith
1.0,Trevis Gipson
1.238095238095238,Ndamukong Suh
1.5238095238095235,William Gholston
0.8095238095238095,Rakeem Nunez-Roches
0.5714285714285714,Anthony Nelson
0.8095238095238095,Joe Tryon
1.0714285714285714,Jason Pierre-Paul
0.0,Kevin Minter
1.2142857142857142,William Gholston
0.0,Ross Cockrell
0.9285714285714286,Shaquil Barrett
2.2142857142857144,Vita Vea
1.8,Ndamukong Suh
0.5333333333333333,Jason Pierre-Paul
0.8666666666666667,Shaquil Barrett
1.0666666666666669,Vita Vea
1.1153846153846154,Bilal Nichols
1.0384615384615383,Trevis Gipson
1.8076923076923077,Khyiris Tonga
0.9230769230769232,Sam Kamara
1.0,Bilal Nichols
1.0,Trevis Gipson
1.9615384615384617,Khyiris Tonga
1.4230769230769231,Sam Kamara
1.0,Ndamukong Suh
1.1875,Jason Pierre-Paul
0.0,Shaquil Barrett
2.125,Vita Vea
0.375,Jordan Whitehead
1.0,Ndamukong Suh
1.0,Jason Pierre-Paul
1.0,Shaquil Barrett
2.0,Vita Vea
1.5769230769230769,Ndamukong Suh
1.3846153846153846,Jason Pierre-Paul
1.1153846153846154,Shaquil Barrett
0.8461538461538461,Jason Pierre-Paul
1.4230769230769231,William Gholston
0.8846153846153846,Shaquil Barrett
0.7307692307692307,Rakeem Nunez-Roches
1.7307692307692308,Devin White
0.5,Khalil Mack
1.5,Mario Edwards
1.6923076923076923,Angelo Blackson
1.3461538461538465,Trevis Gipson
1.5,Khalil Mack
1.5,Mario Edwards
1.1666666666666667,Angelo Blackson
0.8333333333333334,Trevis Gipson
1.6153846153846154,Khalil Mack
1.5,Mario Edwards
0.6923076923076923,Angelo Blackson
0.9615384615384616,Sam Kamara
0.8888888888888888,Angelo Blackson
1.0,Bilal Nichols
1.0,Trevis Gipson
1.2222222222222223,Khyiris Tonga
0.8333333333333334,Sam Kamara
2.0,Angelo Blackson
1.0,Bilal Nichols
1.0,Trevis Gipson
1.0,Sam Kamara
2.1153846153846154,Khalil Mack
0.7692307692307693,Christian Jones
0.9230769230769232,Angelo Blackson
1.0769230769230769,Bilal Nichols
0.8333333333333334,Khalil Mack
1.0,Eddie Goldman
1.6111111111111112,Bilal Nichols
1.0,Trevis Gipson
2.0,Eddie Goldman
0.0588235294117647,Roquan Smith
2.4705882352941178,Bilal Nichols
1.0,Trevis Gipson
1.1666666666666667,Ndamukong Suh
1.0,Jason Pierre-Paul
0.8888888888888888,Shaquil Barrett
0.5,Vita Vea
1.3333333333333333,Joe Tryon
0.6153846153846154,Jason Pierre-Paul
1.1153846153846154,Kevin Minter
1.3076923076923077,William Gholston
1.1923076923076923,Rakeem Nunez-Roches
1.4615384615384617,Pat O'Connor
0.3529411764705882,Jason Pierre-Paul
0.1764705882352941,Kevin Minter
1.588235294117647,William Gholston
0.2352941176470588,Ross Cockrell
1.0,Shaquil Barrett
1.588235294117647,Rakeem Nunez-Roches
1.1578947368421053,Ndamukong Suh
0.8421052631578947,Jason Pierre-Paul
1.894736842105263,Vita Vea
0.6842105263157895,Joe Tryon
0.875,Christian Jones
2.0,Angelo Blackson
1.0,Khyiris Tonga
1.0,Sam Kamara
1.55,Jason Pierre-Paul
0.35,Ross Cockrell
2.25,Shaquil Barrett
0.1,Antoine Winfield
1.263157894736842,Margus Hunt
0.8421052631578947,Khalil Mack
1.7894736842105263,Mario Edwards
1.0,Trevis Gipson
1.2941176470588236,Margus Hunt
1.4705882352941178,Mario Edwards
0.0,Roquan Smith
0.8823529411764706,Trevis Gipson
1.0,Sam Kamara
1.1111111111111112,Margus Hunt
1.3333333333333333,Khalil Mack
1.6666666666666667,Mario Edwards
0.8888888888888888,Trevis Gipson
0.3,Ross Cockrell
0.0,Jordan Whitehead
1.8,Anthony Nelson
1.2,Joe Tryon
2.3333333333333335,William Gholston
1.1111111111111112,Rakeem Nunez-Roches
0.9444444444444444,Anthony Nelson
0.4444444444444444,Joe Tryon
2.1923076923076925,Ndamukong Suh
1.4230769230769231,Vita Vea
0.3846153846153846,Devin White
1.2307692307692308,Anthony Nelson
0.6923076923076923,Joe Tryon
0.5384615384615384,Khalil Mack
0.8846153846153846,Mario Edwards
1.4615384615384617,Eddie Goldman
1.3461538461538465,Angelo Blackson
1.8846153846153848,Trevis Gipson
1.0,Khalil Mack
2.0,Mario Edwards
1.0,Eddie Goldman
1.6538461538461535,Trevis Gipson
1.6666666666666667,Rakeem Nunez-Roches
1.4444444444444444,Pat O'Connor
0.8888888888888888,Anthony Nelson
0.9444444444444444,Joe Tryon
1.05,Rakeem Nunez-Roches
1.35,Pat O'Connor
1.35,Anthony Nelson
0.4,Joe Tryon
2.5,Rakeem Nunez-Roches
0.9230769230769232,Pat O'Connor
0.5,Anthony Nelson
0.7307692307692307,Joe Tryon
1.3461538461538465,William Gholston
0.9230769230769232,Rakeem Nunez-Roches
1.5769230769230769,Anthony Nelson
0.9230769230769232,Joe Tryon
0.6538461538461539,Grant Stuard
0.0,Ross Cockrell
1.5238095238095235,Rakeem Nunez-Roches
2.2857142857142856,Pat O'Connor
0.7142857142857143,Anthony Nelson
0.2857142857142857,K.J. Britt
2.0384615384615383,DeForest Buckner
0.8461538461538461,Al-Quadin Muhammad
1.0,Tyquan Lewis
1.8076923076923077,Kwity Paye
1.0,Arik Armstead
1.7058823529411764,D.J. Jones
0.7058823529411765,Kentavius Street
0.5882352941176471,Nick Bosa
1.0769230769230769,Dee Ford
1.1538461538461535,Arik Armstead
1.1923076923076923,D.J. Jones
1.5769230769230769,Nick Bosa
1.8846153846153848,DeForest Buckner
0.9615384615384616,Grover Stewart
1.0,Al-Quadin Muhammad
1.5384615384615383,Tyquan Lewis
0.4230769230769231,E.J. Speed
1.826086956521739,DeForest Buckner
1.608695652173913,Tyquan Lewis
1.0,Bobby Okereke
1.0,Kwity Paye
1.6153846153846154,Zach Kerr
1.8846153846153848,Samson Ebukam
0.6538461538461539,D.J. Jones
0.8076923076923077,Arden Key
1.1538461538461535,Arik Armstead
0.6923076923076923,D.J. Jones
1.2692307692307692,Kentavius Street
0.8461538461538461,Nick Bosa
0.8461538461538461,Grover Stewart
0.4230769230769231,Isaac Rochell
1.3846153846153846,Tyquan Lewis
1.5,Taylor Stallworth
1.318181818181818,DeForest Buckner
0.9545454545454546,Al-Quadin Muhammad
1.0909090909090908,Tyquan Lewis
0.5454545454545454,Kwity Paye
0.8421052631578947,Zach Kerr
0.0526315789473684,D.J. Jones
0.8947368421052632,Arden Key
1.7894736842105263,Nick Bosa
0.4615384615384615,Dee Ford
0.5,Arik Armstead
1.1923076923076923,Samson Ebukam
0.8846153846153846,Nick Bosa
0.9047619047619048,Dee Ford
1.9047619047619049,Arik Armstead
0.238095238095238,Fred Warner
0.9523809523809524,Arden Key
0.8571428571428571,Nick Bosa
0.7142857142857143,DeForest Buckner
1.619047619047619,Al-Quadin Muhammad
0.9047619047619048,Tyquan Lewis
0.3333333333333333,Kwity Paye
1.0,Dee Ford
1.1428571428571428,Arik Armstead
0.0952380952380952,Samson Ebukam
0.4285714285714285,Nick Bosa
0.5625,DeForest Buckner
0.6875,Al-Quadin Muhammad
0.3125,Kenny Moore
1.4375,Tyquan Lewis
0.9375,Bobby Okereke
1.3125,Khari Willis
0.4375,Kwity Paye
1.0952380952380951,Zach Kerr
0.238095238095238,Arik Armstead
0.2857142857142857,D.J. Jones
1.238095238095238,Kentavius Street
1.619047619047619,Nick Bosa
0.4285714285714285,Dee Ford
0.1428571428571428,Arik Armstead
1.0,D.J. Jones
0.0714285714285714,Fred Warner
0.0714285714285714,Nick Bosa
0.3684210526315789,Dee Ford
1.105263157894737,Arik Armstead
1.0,D.J. Jones
1.2105263157894737,Fred Warner
0.0,Nick Bosa
0.4736842105263157,Talanoa Hufanga
1.9444444444444444,DeForest Buckner
1.6111111111111112,Grover Stewart
0.2777777777777778,Al-Quadin Muhammad
0.0,Kwity Paye
1.1153846153846154,DeForest Buckner
0.9230769230769232,Al-Quadin Muhammad
1.2692307692307692,Tyquan Lewis
1.7307692307692308,Kwity Paye
2.2222222222222223,Antwaun Woods
0.3888888888888889,Isaac Rochell
0.9444444444444444,Tyquan Lewis
1.3888888888888888,Taylor Stallworth
1.4230769230769231,DeForest Buckner
0.8076923076923077,Al-Quadin Muhammad
1.2307692307692308,Tyquan Lewis
0.5769230769230769,Kwity Paye
1.5714285714285714,DeForest Buckner
1.2857142857142858,Grover Stewart
1.1428571428571428,Al-Quadin Muhammad
1.0,Kwity Paye
0.6923076923076923,Antwaun Woods
0.8076923076923077,Isaac Rochell
0.5384615384615384,Tyquan Lewis
1.1538461538461535,Taylor Stallworth
0.3461538461538461,Arik Armstead
0.7692307692307693,D.J. Jones
1.3846153846153846,Kentavius Street
0.9230769230769232,Nick Bosa
1.0384615384615383,Zach Kerr
1.1538461538461535,Samson Ebukam
0.7307692307692307,Arden Key
0.1923076923076923,Kentavius Street
0.1666666666666666,Dee Ford
0.4583333333333333,Arik Armstead
0.125,D.J. Jones
0.5833333333333334,Nick Bosa
0.0,Talanoa Hufanga
0.8260869565217391,Dee Ford
0.6956521739130435,Arik Armstead
0.6956521739130435,Samson Ebukam
0.4782608695652174,Nick Bosa
0.8125,DeForest Buckner
1.25,Grover Stewart
1.9375,Al-Quadin Muhammad
0.6875,Kwity Paye
1.5625,DeForest Buckner
0.1875,Al-Quadin Muhammad
1.875,Tyquan Lewis
0.9375,Kwity Paye
0.3461538461538461,Arik Armstead
0.8846153846153846,D.J. Jones
0.5,Kentavius Street
0.0,Marcell Harris
0.7692307692307693,Nick Bosa
0.3076923076923077,Dee Ford
0.3076923076923077,Arik Armstead
0.5384615384615384,D.J. Jones
0.7692307692307693,Nick Bosa
2.3846153846153846,Arik Armstead
0.9615384615384616,D.J. Jones
0.0,Kentavius Street
0.9615384615384616,Nick Bosa
0.7692307692307693,Azeez Al-Shaair
0.9615384615384616,Dee Ford
0.5,Arik Armstead
0.7307692307692307,D.J. Jones
1.3846153846153846,Nick Bosa
1.2083333333333333,DeForest Buckner
0.7916666666666666,Al-Quadin Muhammad
1.5,Tyquan Lewis
0.5,Kwity Paye
1.7307692307692308,DeForest Buckner
0.9230769230769232,Al-Quadin Muhammad
0.6153846153846154,Tyquan Lewis
0.6923076923076923,Kwity Paye
1.24,DeForest Buckner
1.0,Al-Quadin Muhammad
1.04,Tyquan Lewis
1.52,Kwity Paye
1.44,Bobby Wagner
0.92,Benson Mayowa
0.96,Kerry Hyder
0.72,Jamal Adams
1.6,Rasheem Green
1.8076923076923077,Cameron Jordan
1.3076923076923077,Christian Ringo
0.9615384615384616,Marcus Davenport
1.1153846153846154,Josiah Bronson
1.0,Al Woods
0.8666666666666667,Rasheem Green
1.8666666666666667,Poona Ford
1.0,Bryan Mone
1.3461538461538465,Al Woods
1.5769230769230769,Rasheem Green
1.0,Poona Ford
1.8076923076923077,Bryan Mone
2.0,Christian Ringo
1.0,Marcus Davenport
1.0,Carl Granderson
1.0,Josiah Bronson
0.9411764705882352,Cameron Jordan
0.3529411764705882,Kwon Alexander
2.235294117647059,Tanoh Kpassagnon
1.0,Marcus Davenport
1.6153846153846154,Carlos Dunlap
1.8846153846153848,Benson Mayowa
0.5769230769230769,Kerry Hyder
0.8076923076923077,Rasheem Green
0.4615384615384615,Christian Ringo
1.8846153846153848,Tanoh Kpassagnon
1.8076923076923077,Carl Granderson
1.6538461538461535,Josiah Bronson
0.9615384615384616,Cameron Jordan
1.2307692307692308,Demario Davis
1.5,Marcus Davenport
0.1923076923076923,Chauncey Gardner-Johnson
0.7307692307692307,Josiah Bronson
1.0454545454545454,Al Woods
1.0,Robert Nkemdiche
0.0,Jamal Adams
2.0,Bryan Mone
0.3636363636363636,Alton Robinson
1.0,Al Woods
0.8076923076923077,Benson Mayowa
1.3076923076923077,Poona Ford
1.7692307692307692,Bryan Mone
1.8846153846153848,Alton Robinson
1.0,Robert Nkemdiche
1.9230769230769231,Poona Ford
1.0,Bryan Mone
1.3461538461538465,Alton Robinson
1.2307692307692308,Robert Nkemdiche
0.0769230769230769,Jamal Adams
1.0,Poona Ford
1.7692307692307692,Bryan Mone
0.9230769230769232,Alton Robinson
1.5,Al Woods
1.8461538461538465,Kerry Hyder
1.1923076923076923,Robert Nkemdiche
1.0,Alton Robinson
0.9615384615384616,Benson Mayowa
1.0384615384615383,Robert Nkemdiche
1.1153846153846154,Poona Ford
1.8846153846153848,Bryan Mone
1.318181818181818,Al Woods
0.4090909090909091,Bobby Wagner
1.681818181818182,Poona Ford
1.2272727272727273,Bryan Mone
0.3636363636363636,Alton Robinson
0.95,Cameron Jordan
1.65,Montravius Adams
1.0,Carl Granderson
1.0,Shy Tuttle
0.9166666666666666,Cameron Jordan
1.4166666666666667,Montravius Adams
1.375,Carl Granderson
1.1666666666666667,Shy Tuttle
0.0,Cameron Jordan
2.7,Christian Ringo
2.0,Josiah Bronson
0.217391304347826,Malcolm Jenkins
1.0,Cameron Jordan
1.391304347826087,Marcus Davenport
0.2608695652173913,Chauncey Gardner-Johnson
1.6956521739130437,Josiah Bronson
2.0384615384615383,Cameron Jordan
1.4615384615384617,Tanoh Kpassagnon
0.4230769230769231,Marcus Davenport
1.0,Carlos Dunlap
1.2941176470588236,Benson Mayowa
0.4705882352941176,Jamal Adams
2.1176470588235294,Rasheem Green
1.36,Carlos Dunlap
0.96,Benson Mayowa
1.2,Kerry Hyder
0.96,Rasheem Green
1.0,Carlos Dunlap
1.1363636363636365,Benson Mayowa
1.0,Kerry Hyder
1.6363636363636365,Rasheem Green
1.0,Carlos Dunlap
0.8846153846153846,Benson Mayowa
1.0,Kerry Hyder
1.3076923076923077,Rasheem Green
1.1904761904761905,Carlos Dunlap
0.6190476190476191,Benson Mayowa
1.3333333333333333,Kerry Hyder
1.380952380952381,Rasheem Green
1.0,Carlos Dunlap
1.5416666666666667,Benson Mayowa
1.0,Kerry Hyder
1.6666666666666667,Rasheem Green
1.0,Carlos Dunlap
1.3478260869565215,Benson Mayowa
1.2173913043478262,Kerry Hyder
1.0,Rasheem Green
1.5217391304347827,Al Woods
1.1304347826086956,Benson Mayowa
0.9565217391304348,Rasheem Green
1.1304347826086956,Poona Ford
1.5,Al Woods
0.7142857142857143,Rasheem Green
2.2857142857142856,Poona Ford
0.5,Bryan Mone
1.1538461538461535,Cameron Jordan
1.5,Montravius Adams
1.8846153846153848,Marcus Davenport
1.1153846153846154,Shy Tuttle
0.4210526315789473,Malcolm Jenkins
1.631578947368421,Cameron Jordan
1.368421052631579,Tanoh Kpassagnon
1.4210526315789471,Marcus Davenport
0.0,Chauncey Gardner-Johnson
1.0,Cameron Jordan
0.9615384615384616,Christian Ringo
1.8846153846153848,Carl Granderson
1.2692307692307692,Josiah Bronson
1.0,Cameron Jordan
2.0,Christian Ringo
1.0,Carl Granderson
1.0,Josiah Bronson
1.0769230769230769,Al Woods
1.7307692307692308,Benson Mayowa
1.8076923076923077,Poona Ford
2.3846153846153846,Bryan Mone
2.0416666666666665,Al Woods
0.8333333333333334,Kerry Hyder
0.875,Rasheem Green
1.0416666666666667,Poona Ford
1.2307692307692308,Carlos Dunlap
1.3461538461538465,Benson Mayowa
1.4230769230769231,Kerry Hyder
1.8461538461538465,Carlos Dunlap
1.2692307692307692,Al Woods
0.8846153846153846,Kerry Hyder
2.3076923076923075,Poona Ford
0.875,Cameron Jordan
1.125,Demario Davis
1.4166666666666667,Tanoh Kpassagnon
1.5833333333333333,Marcus Davenport
0.8076923076923077,Carlos Dunlap
1.1923076923076923,Kerry Hyder
1.2307692307692308,Poona Ford
1.0,Bryan Mone
1.1538461538461535,Carlos Dunlap
0.9230769230769232,Benson Mayowa
0.8461538461538461,Kerry Hyder
1.9230769230769231,Rasheem Green
1.5,Carlos Dunlap
0.1923076923076923,Bobby Wagner
0.8846153846153846,Benson Mayowa
0.5,Kerry Hyder
0.0,Jamal Adams
1.7692307692307692,Rasheem Green
0.8235294117647058,Cameron Jordan
1.4705882352941178,Demario Davis
0.2352941176470588,Kwon Alexander
1.6470588235294117,Tanoh Kpassagnon
1.4705882352941178,Marcus Davenport
1.0,Cameron Jordan
1.1153846153846154,Montravius Adams
1.8461538461538465,Marcus Davenport
2.0,Shy Tuttle
0.7142857142857143,Cameron Jordan
1.3571428571428572,Christian Ringo
1.0,Carl Granderson
1.2857142857142858,Josiah Bronson
1.0,Tanoh Kpassagnon
1.25,Montravius Adams
0.0,Marcus Davenport
1.625,Shy Tuttle
0.2692307692307692,Malcolm Jenkins
0.8076923076923077,Cameron Jordan
0.9615384615384616,Demario Davis
1.0384615384615383,Kwon Alexander
1.3076923076923077,Tanoh Kpassagnon
1.0384615384615383,Marcus Davenport
0.8461538461538461,Chauncey Gardner-Johnson
1.9615384615384617,Al Woods
0.4230769230769231,Jamal Adams
1.2692307692307692,Poona Ford
1.8076923076923077,Bryan Mone
0.9230769230769232,Alton Robinson
1.4230769230769231,Carlos Dunlap
0.3846153846153846,Bobby Wagner
2.1923076923076925,Kerry Hyder
1.0,Rasheem Green
0.4230769230769231,Marquise Blair
1.0,Al Woods
1.0,Kerry Hyder
2.0625,Poona Ford
1.875,Alton Robinson
1.9545454545454544,Kerry Hyder
1.1363636363636365,Rasheem Green
1.0454545454545454,Poona Ford
0.8636363636363636,Alton Robinson
0.9230769230769232,Kerry Hyder
1.0769230769230769,Rasheem Green
1.8846153846153848,Poona Ford
1.1153846153846154,Alton Robinson
0.95,Cameron Jordan
0.0,Kwon Alexander
1.85,Tanoh Kpassagnon
2.0,Marcus Davenport
0.0,Malcolm Jenkins
1.6923076923076923,Cameron Jordan
1.0769230769230769,Tanoh Kpassagnon
1.8461538461538465,Marcus Davenport
0.5384615384615384,Chauncey Gardner-Johnson
1.5769230769230769,Cameron Jordan
0.9615384615384616,Demario Davis
1.2307692307692308,Tanoh Kpassagnon
0.8846153846153846,Marcus Davenport
1.6923076923076923,Cameron Jordan
0.8846153846153846,Kwon Alexander
1.0769230769230769,Tanoh Kpassagnon
1.2692307692307692,Marcus Davenport
0.8,Preston Smith
1.44,Kenny Clark
0.88,Rashan Gary
1.08,Kingsley Keke
1.0,Chandler Jones
0.9285714285714286,Markus Golden
1.0,Michael Dogbe
2.0,Leki Fotu
0.5384615384615384,Markus Golden
1.0769230769230769,Byron Murphy
1.2307692307692308,Michael Dogbe
2.730769230769231,Leki Fotu
0.8636363636363636,Chandler Jones
1.4090909090909092,Markus Golden
1.1363636363636365,Zach Allen
1.181818181818182,Michael Dogbe
1.1538461538461535,Whitney Mercilus
2.0,Kenny Clark
1.0,Dean Lowry
1.0,Jonathan Garvin
0.6923076923076923,Whitney Mercilus
2.1153846153846154,Kenny Clark
0.4615384615384615,Dean Lowry
1.3076923076923077,Jonathan Garvin
1.0,Preston Smith
1.1304347826086956,Kenny Clark
1.0869565217391304,Rashan Gary
1.434782608695652,Kingsley Keke
1.0,Chandler Jones
2.5,Jordan Phillips
0.5,Zach Allen
1.0,Michael Dogbe
1.0,Chandler Jones
2.2142857142857144,Jordan Phillips
0.7857142857142857,Zach Allen
1.0,Michael Dogbe
0.84,Chandler Jones
1.2,Jordan Phillips
0.88,Markus Golden
1.8,Zach Allen
0.9130434782608696,Preston Smith
1.9565217391304348,Kenny Clark
1.0,Dean Lowry
0.9130434782608696,Rashan Gary
0.6923076923076923,Preston Smith
1.8846153846153848,Kenny Clark
1.1538461538461535,Rashan Gary
1.1923076923076923,Kingsley Keke
1.7692307692307692,Chandler Jones
0.8461538461538461,Markus Golden
1.3846153846153846,Dennis Gardeck
1.5,Zach Allen
0.9565217391304348,Chandler Jones
1.0,Josh Mauro
2.3043478260869565,Jordan Phillips
0.7391304347826086,Markus Golden
1.3478260869565215,Zach Allen
1.0434782608695652,Leki Fotu
0.8823529411764706,Chandler Jones
1.2941176470588236,Jordan Phillips
1.2352941176470589,Zach Allen
0.1176470588235294,Isaiah Simmons
1.4705882352941178,Leki Fotu
1.4230769230769231,Whitney Mercilus
1.3461538461538465,Kenny Clark
1.9230769230769231,Kingsley Keke
1.0,Jonathan Garvin
0.6,Preston Smith
1.35,Kenny Clark
1.15,Rashan Gary
1.2,Kingsley Keke
0.7857142857142857,Jordan Hicks
0.0,Budda Baker
1.7857142857142858,Zach Allen
1.5,Michael Dogbe
1.2857142857142858,Leki Fotu
1.0,Chandler Jones
1.0833333333333333,Jordan Phillips
0.75,Markus Golden
1.9166666666666667,Zach Allen
0.9523809523809524,Chandler Jones
1.0476190476190477,Jordan Phillips
0.0,Markus Golden
1.1904761904761905,Zach Allen
1.0,Isaiah Simmons
1.6666666666666667,Chandler Jones
0.6190476190476191,Markus Golden
1.9523809523809523,Dennis Gardeck
1.0,Zach Allen
0.6,Chandler Jones
2.0,Jordan Phillips
0.8666666666666667,Markus Golden
1.0,Leki Fotu
0.65,Whitney Mercilus
1.15,Kenny Clark
1.7,Dean Lowry
0.95,Jonathan Garvin
0.25,Whitney Mercilus
1.75,Kenny Clark
1.6666666666666667,Dean Lowry
0.1666666666666666,Jonathan Garvin
0.8260869565217391,Whitney Mercilus
1.434782608695652,Kenny Clark
1.173913043478261,Dean Lowry
1.173913043478261,Jonathan Garvin
0.8947368421052632,Preston Smith
1.631578947368421,Kenny Clark
2.0,Tyler Lancaster
0.8947368421052632,Rashan Gary
0.6538461538461539,Whitney Mercilus
0.7307692307692307,Preston Smith
1.7307692307692308,Kenny Clark
0.9615384615384616,Rashan Gary
1.75,Whitney Mercilus
0.4166666666666667,Preston Smith
1.0,Dean Lowry
0.8333333333333334,Rashan Gary
0.5,Whitney Mercilus
1.5,Kenny Clark
0.9375,Jonathan Garvin
2.0,Tedarrell Slaton
1.3076923076923077,Devon Kennard
1.0,Josh Mauro
1.0769230769230769,Jordan Phillips
0.6153846153846154,Budda Baker
1.0,Michael Dogbe
0.9166666666666666,Chandler Jones
1.2916666666666667,Josh Mauro
0.9583333333333334,Zach Allen
1.3333333333333333,Leki Fotu
1.0,Chandler Jones
1.8421052631578947,Jordan Phillips
1.3157894736842106,Markus Golden
1.5789473684210529,Zach Allen
0.7692307692307693,Preston Smith
1.1923076923076923,Kenny Clark
1.8076923076923077,Dean Lowry
0.8846153846153846,Rashan Gary
1.3478260869565215,Whitney Mercilus
1.7826086956521738,Kenny Clark
0.0,De'Vondre Campbell
1.0869565217391304,Dean Lowry
0.9130434782608696,Jonathan Garvin
0.45,Whitney Mercilus
1.65,Kenny Clark
1.0,Dean Lowry
0.95,Jonathan Garvin
1.6875,Whitney Mercilus
0.625,Preston Smith
1.4375,Kenny Clark
0.6875,De'Vondre Campbell
0.4375,Rashan Gary
0.6153846153846154,Preston Smith
1.3076923076923077,Kenny Clark
2.0,Tyler Lancaster
0.8461538461538461,Rashan Gary
0.8,Whitney Mercilus
2.0,Kenny Clark
1.1333333333333333,Tyler Lancaster
1.0,Jonathan Garvin
1.0,Devon Kennard
1.5333333333333334,Jordan Phillips
0.4666666666666667,Zach Allen
1.5333333333333334,Leki Fotu
0.0,Chandler Jones
1.0,Josh Mauro
0.7857142857142857,Zach Allen
2.142857142857143,Michael Dogbe
1.0,Leki Fotu
1.0,Chandler Jones
1.0384615384615383,Jordan Phillips
0.9615384615384616,Markus Golden
1.5769230769230769,Zach Allen
0.631578947368421,Preston Smith
1.368421052631579,Kenny Clark
2.0,Tyler Lancaster
1.0,Rashan Gary
1.7307692307692308,Whitney Mercilus
0.6153846153846154,Preston Smith
1.5769230769230769,Kenny Clark
1.6923076923076923,Rashan Gary
2.1153846153846154,Whitney Mercilus
0.6153846153846154,Preston Smith
1.0,Kenny Clark
1.0,Rashan Gary
1.1538461538461535,Whitney Mercilus
0.7307692307692307,Preston Smith
0.7692307692307693,Adrian Amos
1.0384615384615383,Kenny Clark
0.9230769230769232,Rashan Gary
0.9166666666666666,Preston Smith
0.0,Adrian Amos
1.0833333333333333,Kenny Clark
0.9166666666666666,De'Vondre Campbell
1.0833333333333333,Tyler Lancaster
0.75,Rashan Gary
0.4166666666666667,Krys Barnes
1.6538461538461535,Morgan Fox
1.0,Haason Reddick
1.2307692307692308,Brian Burns
1.5384615384615383,Derrick Brown
2.0,Morgan Fox
1.6666666666666667,Haason Reddick
0.0,Brian Burns
1.1904761904761905,Derrick Brown
1.64,Grady Jarrett
0.32,Deion Jones
0.76,Foyesade Oluokun
1.2,Marlon Davidson
1.7307692307692308,Grady Jarrett
0.7307692307692307,Deion Jones
0.9615384615384616,Foyesade Oluokun
1.5384615384615383,Adetokunbo Ogundeji
1.0,Steven Means
1.0,Mike Pennel
1.9411764705882353,Grady Jarrett
1.0,Adetokunbo Ogundeji
1.0,Haason Reddick
0.75,Brian Burns
1.25,Derrick Brown
2.0,Bravvion Roy
0.8333333333333334,Haason Reddick
0.7222222222222222,Brian Burns
1.2777777777777777,Derrick Brown
1.2222222222222223,Bravvion Roy
1.1923076923076923,Brandon Copeland
0.8076923076923077,Grady Jarrett
1.4230769230769231,James Vaughters
1.3461538461538465,Marlon Davidson
1.1111111111111112,Steven Means
1.1666666666666667,Grady Jarrett
1.7222222222222223,Marlon Davidson
1.0,Adetokunbo Ogundeji
1.375,DaQuan Jones
1.0,Haason Reddick
1.3333333333333333,Brian Burns
1.4166666666666667,Bravvion Roy
0.0,Haason Reddick
1.0,Brian Burns
2.3043478260869565,Derrick Brown
0.9130434782608696,Bravvion Roy
0.8947368421052632,Haason Reddick
0.9473684210526316,Brian Burns
1.3157894736842106,Derrick Brown
1.0526315789473684,Bravvion Roy
0.7916666666666666,DaQuan Jones
0.5833333333333334,Haason Reddick
1.0416666666666667,Brian Burns
1.8333333333333333,Yetur Gross-Matos
1.0,Steven Means
1.0,Mike Pennel
2.0,Jonathan Bullard
1.5,Marlon Davidson
1.5769230769230769,Steven Means
2.1153846153846154,Grady Jarrett
1.4230769230769231,Adetokunbo Ogundeji
1.5263157894736843,DaQuan Jones
0.8421052631578947,Shaq Thompson
1.0,Haason Reddick
1.0,Marquis Haynes
2.0,Derrick Brown
1.7692307692307692,DaQuan Jones
1.2307692307692308,Haason Reddick
2.3846153846153846,Marquis Haynes
1.4230769230769231,Derrick Brown
2.111111111111111,Morgan Fox
0.8333333333333334,Haason Reddick
0.5,Jermaine Carter
0.1666666666666666,Frankie Luvu
0.7777777777777778,Brian Burns
1.1111111111111112,Yetur Gross-Matos
1.1153846153846154,DaQuan Jones
1.3461538461538465,Morgan Fox
1.0384615384615383,Haason Reddick
0.8076923076923077,Brian Burns
2.0,Grady Jarrett
0.6153846153846154,Foyesade Oluokun
2.769230769230769,Marlon Davidson
1.0,Adetokunbo Ogundeji
1.3846153846153846,Steven Means
2.1538461538461537,Grady Jarrett
0.9615384615384616,Foyesade Oluokun
1.1538461538461535,Marlon Davidson
0.4230769230769231,Adetokunbo Ogundeji
0.9130434782608696,Steven Means
1.0869565217391304,Grady Jarrett
1.9130434782608696,Marlon Davidson
0.9565217391304348,Adetokunbo Ogundeji
1.8823529411764703,Grady Jarrett
1.2941176470588236,Deion Jones
0.3529411764705882,Foyesade Oluokun
1.0,Marlon Davidson
0.0,Adetokunbo Ogundeji
1.0384615384615383,Morgan Fox
0.9230769230769232,Haason Reddick
0.4615384615384615,Frankie Luvu
0.9230769230769232,Brian Burns
1.2307692307692308,Yetur Gross-Matos
0.9615384615384616,Steven Means
2.0,Grady Jarrett
1.3076923076923077,Marlon Davidson
0.9615384615384616,Adetokunbo Ogundeji
1.3461538461538465,Steven Means
2.1923076923076925,Grady Jarrett
1.0,Marlon Davidson
1.0384615384615383,Adetokunbo Ogundeji
1.3,DaQuan Jones
1.0,Haason Reddick
1.0,Brian Burns
1.65,Derrick Brown
1.6363636363636365,Morgan Fox
1.318181818181818,Haason Reddick
0.8636363636363636,Brian Burns
0.6818181818181818,Derrick Brown
1.0769230769230769,Morgan Fox
1.0384615384615383,Haason Reddick
1.2692307692307692,Jermaine Carter
0.6153846153846154,Frankie Luvu
0.3846153846153846,Brian Burns
1.5,Yetur Gross-Matos
1.1923076923076923,Steven Means
2.0,Mike Pennel
1.4615384615384617,Jonathan Bullard
1.0,Marlon Davidson
0.0,Steven Means
1.818181818181818,Grady Jarrett
0.8181818181818182,Deion Jones
2.0,Marlon Davidson
0.0,Erik Harris
0.4444444444444444,Duron Harmon
1.3333333333333333,Grady Jarrett
1.0555555555555556,Foyesade Oluokun
0.8888888888888888,Jacob Tuioti-Mariner
1.0,Marlon Davidson
0.9444444444444444,Adetokunbo Ogundeji
0.4,Haason Reddick
1.4666666666666666,Brian Burns
1.5333333333333334,Derrick Brown
2.0,Bravvion Roy
1.2352941176470589,Haason Reddick
0.7647058823529411,Brian Burns
1.2352941176470589,Derrick Brown
1.1764705882352942,Bravvion Roy
0.0555555555555555,DaQuan Jones
1.2777777777777777,Morgan Fox
0.9444444444444444,Haason Reddick
1.7222222222222223,Jermaine Carter
1.0,Brian Burns
1.35,DaQuan Jones
1.55,Morgan Fox
1.25,Derrick Brown
0.75,Yetur Gross-Matos
0.25,Steven Means
1.9583333333333333,Grady Jarrett
0.875,Adetokunbo Ogundeji
1.5454545454545454,Steven Means
0.9545454545454546,Mike Pennel
1.0909090909090908,Grady Jarrett
0.6818181818181818,Deion Jones
1.2272727272727273,Adetokunbo Ogundeji
0.0454545454545454,Avery Williams
0.7307692307692307,Steven Means
0.5,Grady Jarrett
1.1923076923076923,Foyesade Oluokun
1.3461538461538465,Marlon Davidson
0.8846153846153846,Adetokunbo Ogundeji
1.263157894736842,Morgan Fox
0.8947368421052632,Haason Reddick
1.0,Brian Burns
1.8421052631578947,Derrick Brown
2.0384615384615383,Morgan Fox
0.8461538461538461,Haason Reddick
0.1153846153846153,Jermaine Carter
0.8846153846153846,Frankie Luvu
0.4230769230769231,Brian Burns
1.1538461538461535,Yetur Gross-Matos
1.2272727272727273,DaQuan Jones
1.318181818181818,Haason Reddick
1.5454545454545454,Brian Burns
1.2272727272727273,Yetur Gross-Matos
2.125,DaQuan Jones
0.25,Haason Reddick
0.875,Brian Burns
1.75,Yetur Gross-Matos
1.4583333333333333,DaQuan Jones
0.6666666666666666,Haason Reddick
0.875,Brian Burns
2.1666666666666665,Yetur Gross-Matos
2.3846153846153846,Morgan Fox
0.5769230769230769,Haason Reddick
1.3076923076923077,Brian Burns
1.0,Derrick Brown
1.15,Morgan Fox
0.85,Haason Reddick
1.5,Brian Burns
1.25,Derrick Brown
1.5555555555555556,Morgan Fox
0.0,Haason Reddick
0.7777777777777778,Jermaine Carter
0.8888888888888888,Brian Burns
1.8888888888888888,Yetur Gross-Matos
0.95,Morgan Fox
1.0,Haason Reddick
0.9,Brian Burns
1.45,Derrick Brown
1.0,Emmanuel Ogbah
1.1333333333333333,Christian Wilkins
2.0,Raekwon Davis
0.8666666666666667,Jaelan Phillips
1.1666666666666667,Emmanuel Ogbah
1.1666666666666667,Adam Butler
0.6111111111111112,Andrew Van Ginkel
0.6666666666666666,Brandon Jones
1.1111111111111112,Jaelan Phillips
0.2777777777777778,Jevon Holland
0.8461538461538461,Jerry Hughes
2.0384615384615383,Star Lotulelei
1.2307692307692308,Ed Oliver
1.4615384615384617,Gregory Rousseau
0.7222222222222222,Jerry Hughes
2.2777777777777777,Star Lotulelei
1.6666666666666667,Ed Oliver
1.1666666666666667,Gregory Rousseau
0.0,Mario Addison
1.0,Vernon Butler
2.0,Harrison Phillips
1.0,A.J. Epenesa
0.0,Mario Addison
1.4,Vernon Butler
0.9,Matt Milano
0.75,Tremaine Edmunds
1.75,Harrison Phillips
1.0,Jerry Hughes
1.0,Mario Addison
1.619047619047619,Vernon Butler
2.142857142857143,Ed Oliver
0.3888888888888889,Jerry Hughes
1.1666666666666667,Star Lotulelei
0.3333333333333333,Jordan Poyer
1.1666666666666667,Matt Milano
0.6666666666666666,Tremaine Edmunds
1.0,Ed Oliver
0.8076923076923077,Jerry Hughes
1.8846153846153848,Star Lotulelei
1.4615384615384617,Ed Oliver
0.5,Gregory Rousseau
0.75,Emmanuel Ogbah
1.4375,Adam Butler
1.0,Andrew Van Ginkel
1.375,Jaelan Phillips
0.1538461538461538,Emmanuel Ogbah
1.5,Christian Wilkins
2.0,Raekwon Davis
0.9615384615384616,Jaelan Phillips
1.85,Star Lotulelei
0.4,Matt Milano
1.9,Ed Oliver
1.0,A.J. Epenesa
0.5714285714285714,Mario Addison
1.5714285714285714,Vernon Butler
1.6428571428571428,Harrison Phillips
1.0,A.J. Epenesa
0.3076923076923077,Mario Addison
1.1538461538461535,Vernon Butler
1.9615384615384617,Harrison Phillips
0.8461538461538461,A.J. Epenesa
0.8461538461538461,Emmanuel Ogbah
2.1538461538461537,Christian Wilkins
1.0,Raekwon Davis
0.4615384615384615,Jaelan Phillips
1.0,Vernon Butler
1.7826086956521738,Ed Oliver
0.8260869565217391,A.J. Epenesa
0.5217391304347826,Gregory Rousseau
0.7692307692307693,Emmanuel Ogbah
1.6153846153846154,Adam Butler
1.0,Christian Wilkins
1.1538461538461535,Jaelan Phillips
0.75,Emmanuel Ogbah
1.3,Elandon Roberts
2.3,Adam Butler
1.0,Jaelan Phillips
0.5,Jevon Holland
0.2692307692307692,Eric Rowe
0.7307692307692307,Emmanuel Ogbah
0.6538461538461539,Duke Riley
0.5769230769230769,Adam Butler
2.0,Andrew Van Ginkel
0.5384615384615384,Brandon Jones
0.8076923076923077,Jaelan Phillips
1.2,Star Lotulelei
1.8,Ed Oliver
1.0,A.J. Epenesa
1.25,Gregory Rousseau
1.2307692307692308,Star Lotulelei
0.0769230769230769,Micah Hyde
1.0,Ed Oliver
0.2307692307692307,A.J. Epenesa
1.8461538461538465,Gregory Rousseau
1.0555555555555556,Jerry Hughes
0.6111111111111112,Mario Addison
1.2222222222222223,Vernon Butler
2.388888888888889,Harrison Phillips
0.0,Micah Hyde
1.380952380952381,Vernon Butler
1.0,Matt Milano
2.0,Tremaine Edmunds
1.761904761904762,Ed Oliver
1.0,Emmanuel Ogbah
1.8125,Adam Butler
1.0,Christian Wilkins
0.875,Jaelan Phillips
0.9166666666666666,Emmanuel Ogbah
0.0,Duke Riley
1.0833333333333333,Adam Butler
1.0,Andrew Van Ginkel
0.6666666666666666,Brandon Jones
0.6666666666666666,Jaelan Phillips
1.0769230769230769,Emmanuel Ogbah
0.0,Duke Riley
0.8076923076923077,Adam Butler
0.5384615384615384,Andrew Van Ginkel
1.6538461538461535,Brandon Jones
0.6538461538461539,Jaelan Phillips
0.8666666666666667,Jerry Hughes
0.2666666666666666,Mario Addison
1.4666666666666666,Star Lotulelei
1.6666666666666667,Ed Oliver
0.4545454545454545,Jerry Hughes
1.5454545454545454,Mario Addison
1.6363636363636365,Star Lotulelei
0.0909090909090909,Jordan Poyer
1.3636363636363635,Ed Oliver
1.0,Vernon Butler
1.3846153846153846,Harrison Phillips
1.6153846153846154,A.J. Epenesa
1.2692307692307692,Gregory Rousseau
1.1764705882352942,Emmanuel Ogbah
0.4117647058823529,Elandon Roberts
1.8235294117647056,Christian Wilkins
1.0,Raekwon Davis
1.1538461538461535,Emmanuel Ogbah
0.4230769230769231,Duke Riley
1.4230769230769231,Adam Butler
0.9615384615384616,Andrew Van Ginkel
1.3076923076923077,Jaelan Phillips
1.6923076923076923,Jerry Hughes
0.6153846153846154,Mario Addison
1.3076923076923077,Star Lotulelei
0.0,Jordan Poyer
1.3846153846153846,Ed Oliver
0.7307692307692307,Jerry Hughes
0.8846153846153846,Mario Addison
2.0,Star Lotulelei
1.0,Ed Oliver
1.6363636363636365,Mario Addison
1.681818181818182,Star Lotulelei
1.0,Jordan Poyer
1.0,Tremaine Edmunds
1.5454545454545454,Ed Oliver
0.6666666666666666,Emmanuel Ogbah
1.7142857142857142,Adam Butler
1.1904761904761905,Christian Wilkins
1.0,Jaelan Phillips
1.3846153846153846,Emmanuel Ogbah
1.0,Duke Riley
1.0,Adam Butler
2.0,Jaelan Phillips
1.1153846153846154,Emmanuel Ogbah
1.5,Christian Wilkins
0.5,Nik Needham
1.2692307692307692,Raekwon Davis
1.0588235294117647,Adam Butler
1.9411764705882353,Zach Sieler
0.8823529411764706,Andrew Van Ginkel
0.8823529411764706,Jaelan Phillips
0.8461538461538461,Duke Riley
1.1538461538461535,Zach Sieler
1.9230769230769231,Christian Wilkins
1.0769230769230769,Raekwon Davis
0.6923076923076923,Brandon Jones
0.1923076923076923,Jaelan Phillips
1.125,Vernon Butler
0.5,Tremaine Edmunds
1.1875,Harrison Phillips
0.8125,A.J. Epenesa
1.0,Gregory Rousseau
0.7916666666666666,Emmanuel Ogbah
1.4166666666666667,Adam Butler
1.75,Christian Wilkins
1.0,Jaelan Phillips
0.3571428571428571,Emmanuel Ogbah
0.0,Elandon Roberts
1.4285714285714286,Adam Butler
2.0,Zach Sieler
1.2727272727272727,Emmanuel Ogbah
0.6818181818181818,Duke Riley
1.1363636363636365,Adam Butler
1.4090909090909092,Andrew Van Ginkel
0.6818181818181818,Brandon Jones
0.4545454545454545,Jaelan Phillips
0.2666666666666666,Emmanuel Ogbah
0.6666666666666666,Duke Riley
1.9333333333333331,Adam Butler
1.9333333333333331,Christian Wilkins
0.0,Andrew Van Ginkel
0.7333333333333333,Brandon Jones
0.9230769230769232,Jerry Hughes
1.1923076923076923,Mario Addison
1.6153846153846154,Star Lotulelei
1.6923076923076923,Ed Oliver
1.1428571428571428,Jerry Hughes
0.8571428571428571,Mario Addison
1.7857142857142858,Star Lotulelei
1.1428571428571428,Ed Oliver
0.4210526315789473,Jerry Hughes
1.0,Mario Addison
1.5263157894736843,Star Lotulelei
0.7368421052631579,Micah Hyde
2.1578947368421053,Ed Oliver
0.6956521739130435,Jerry Hughes
1.2608695652173914,Mario Addison
1.7391304347826086,Star Lotulelei
1.7391304347826086,Ed Oliver
2.0,Vernon Butler
1.1875,Harrison Phillips
0.8125,A.J. Epenesa
0.8125,Gregory Rousseau
1.2666666666666666,Vernon Butler
0.4,Tremaine Edmunds
1.1333333333333333,Harrison Phillips
0.8666666666666667,A.J. Epenesa
1.0,Gregory Rousseau
1.2222222222222223,Vernon Butler
0.7777777777777778,Matt Milano
1.1666666666666667,Tremaine Edmunds
1.3888888888888888,Ed Oliver
0.5555555555555556,A.J. Epenesa
0.5,Gregory Rousseau
2.076923076923077,Vernon Butler
1.1153846153846154,Ed Oliver
0.9230769230769232,A.J. Epenesa
0.8461538461538461,Gregory Rousseau
0.8076923076923077,Emmanuel Ogbah
1.1923076923076923,Christian Wilkins
1.5769230769230769,Raekwon Davis
1.0,Jaelan Phillips
1.0,Emmanuel Ogbah
1.2,Duke Riley
1.2,Adam Butler
0.8,Andrew Van Ginkel
0.8,Jaelan Phillips
1.0,Emmanuel Ogbah
0.9230769230769232,Duke Riley
1.8846153846153848,Adam Butler
0.5769230769230769,Andrew Van Ginkel
0.6153846153846154,Brandon Jones
1.3846153846153846,Jaelan Phillips
0.4583333333333333,Eric Rowe
1.125,Emmanuel Ogbah
1.4583333333333333,Duke Riley
2.125,Andrew Van Ginkel
0.875,Brandon Jones
0.6538461538461539,Jerry Hughes
1.5384615384615383,Mario Addison
1.9230769230769231,Star Lotulelei
1.1923076923076923,Ed Oliver
1.3461538461538465,Jerry Hughes
1.2307692307692308,Mario Addison
1.3076923076923077,Star Lotulelei
0.8461538461538461,Ed Oliver
1.0,Jerry Hughes
1.681818181818182,Mario Addison
1.4545454545454546,Ed Oliver
0.8181818181818182,Gregory Rousseau
0.4615384615384615,Robert Quinn
1.3076923076923077,Akiem Hicks
1.3846153846153846,Eddie Goldman
1.3076923076923077,Bilal Nichols
0.7058823529411765,Robert Quinn
1.1176470588235294,Akiem Hicks
1.3529411764705883,Eddie Goldman
1.2941176470588236,Bilal Nichols
0.4705882352941176,Trevis Gipson
0.8,Robert Quinn
1.2,Akiem Hicks
0.0,DeAndre Houston-Carson
0.8,Roquan Smith
1.5333333333333334,Bilal Nichols
1.0,Trevis Gipson
1.0,Robert Quinn
1.8888888888888888,Angelo Blackson
1.2222222222222223,Bilal Nichols
0.8888888888888888,Sam Kamara
2.3846153846153846,Robert Quinn
2.0384615384615383,Mario Edwards
1.2692307692307692,Sam Kamara
0.3043478260869565,K'Waun Williams
1.6956521739130437,Arik Armstead
0.6086956521739131,Samson Ebukam
1.3478260869565215,Arden Key
0.4782608695652174,Nick Bosa
1.1875,Arik Armstead
1.5625,D.J. Jones
0.8125,Arden Key
0.8125,Nick Bosa
1.15,Arik Armstead
1.3,Samson Ebukam
1.0,Arden Key
0.8,Nick Bosa
1.7916666666666667,Akiem Hicks
1.3333333333333333,Eddie Goldman
1.0,Bilal Nichols
1.0,Robert Quinn
1.88,Akiem Hicks
1.04,Eddie Goldman
0.92,Trevis Gipson
1.0,Robert Quinn
1.9090909090909092,Akiem Hicks
1.0909090909090908,Angelo Blackson
1.0,Trevis Gipson
1.1153846153846154,Jordan Willis
0.8846153846153846,D.J. Jones
1.3076923076923077,Arden Key
1.1153846153846154,Kentavius Street
1.4615384615384617,Demetrius Flannigan-Fowles
1.0,Arik Armstead
0.7,Jordan Willis
2.15,Samson Ebukam
0.9,Nick Bosa
2.1923076923076925,Arik Armstead
1.3846153846153846,Samson Ebukam
1.0,Nick Bosa
1.1153846153846154,Kevin Givens
0.4615384615384615,Samson Ebukam
0.1538461538461538,Kentavius Street
1.6153846153846154,Nick Bosa
2.3076923076923075,Kevin Givens
1.25,Arik Armstead
1.1,Samson Ebukam
1.0,D.J. Jones
0.75,Nick Bosa
0.75,Demetrius Flannigan-Fowles
1.0,Robert Quinn
1.0,Mario Edwards
1.3076923076923077,Angelo Blackson
1.3076923076923077,Trevis Gipson
1.0769230769230769,Robert Quinn
1.4230769230769231,Mario Edwards
1.8076923076923077,Angelo Blackson
1.2307692307692308,Trevis Gipson
1.0714285714285714,Mario Edwards
1.8571428571428572,Angelo Blackson
1.0,Trevis Gipson
0.9285714285714286,Sam Kamara
0.1052631578947368,Robert Quinn
1.894736842105263,Mario Edwards
2.0,Angelo Blackson
1.1578947368421053,Trevis Gipson
2.1923076923076925,Zach Kerr
0.8076923076923077,Jordan Willis
2.0,D.J. Jones
2.0,Arden Key
2.5,Arik Armstead
0.85,Samson Ebukam
0.5,Fred Warner
1.0,Arden Key
0.45,Emmanuel Moseley
1.0,Nick Bosa
1.0,Zach Kerr
1.9615384615384617,Arik Armstead
0.8076923076923077,Samson Ebukam
1.0384615384615383,Nick Bosa
0.9615384615384616,Samson Ebukam
1.7692307692307692,Kentavius Street
1.0,Nick Bosa
2.0384615384615383,Kevin Givens
1.6153846153846154,Arik Armstead
1.1538461538461535,Samson Ebukam
1.0769230769230769,Arden Key
1.2692307692307692,Nick Bosa
1.2608695652173914,Arik Armstead
2.0,Samson Ebukam
1.4782608695652173,D.J. Jones
1.391304347826087,Nick Bosa
1.2307692307692308,Robert Quinn
1.9615384615384617,Akiem Hicks
1.0,Bilal Nichols
1.0,Trevis Gipson
0.9230769230769232,Robert Quinn
2.0,Akiem Hicks
1.0,DeAndre Houston-Carson
1.0769230769230769,Bilal Nichols
1.0,Robert Quinn
1.181818181818182,Akiem Hicks
1.6363636363636365,Bilal Nichols
1.0,Trevis Gipson
1.1923076923076923,Robert Quinn
1.9230769230769231,Akiem Hicks
1.0,Angelo Blackson
0.9230769230769232,Trevis Gipson
0.96,Robert Quinn
2.0,Akiem Hicks
1.04,Angelo Blackson
1.0,Trevis Gipson
1.9615384615384617,Arik Armstead
1.0,Samson Ebukam
1.0769230769230769,D.J. Jones
0.9230769230769232,Nick Bosa
1.9411764705882353,Zach Kerr
0.4117647058823529,K'Waun Williams
1.1764705882352942,Samson Ebukam
1.0588235294117647,Nick Bosa
1.0588235294117647,Kevin Givens
0.5882352941176471,K'Waun Williams
1.4705882352941178,Arik Armstead
1.6470588235294117,Samson Ebukam
0.5882352941176471,Arden Key
0.0,Talanoa Hufanga
1.5,Zach Kerr
0.5625,Jordan Willis
0.9375,Arden Key
1.4375,Kevin Givens
1.1111111111111112,Arik Armstead
0.7777777777777778,Jordan Willis
1.1666666666666667,Samson Ebukam
0.6111111111111112,Fred Warner
1.1666666666666667,Nick Bosa
1.8666666666666667,Arik Armstead
0.4,Samson Ebukam
1.2666666666666666,D.J. Jones
0.9333333333333332,Nick Bosa
0.75,Arik Armstead
1.0,D.J. Jones
1.0,Kentavius Street
1.0,Nick Bosa
1.25,Kevin Givens
1.0,Robert Quinn
1.0833333333333333,Akiem Hicks
1.0,Bilal Nichols
1.9166666666666667,Trevis Gipson
1.681818181818182,D.J. Jones
0.4545454545454545,Marcell Harris
0.9090909090909092,Nick Bosa
1.5,Kevin Givens
1.2608695652173914,Arik Armstead
0.6956521739130435,Samson Ebukam
2.0869565217391304,Arden Key
1.3478260869565215,Nick Bosa
1.7857142857142858,Robert Quinn
1.0,Akiem Hicks
1.4285714285714286,Mario Edwards
1.5714285714285714,Eddie Goldman
1.0,Robert Quinn
1.2857142857142858,Akiem Hicks
1.0,Mario Edwards
1.5714285714285714,Eddie Goldman
0.3846153846153846,Robert Quinn
1.8461538461538465,Akiem Hicks
1.6153846153846154,Mario Edwards
1.1538461538461535,Eddie Goldman
0.0,Sam Kamara
1.2692307692307692,Arik Armstead
1.9230769230769231,Jordan Willis
1.9615384615384617,D.J. Jones
1.4615384615384617,Nick Bosa
1.7142857142857142,Arik Armstead
0.5,Jordan Willis
0.7142857142857143,Fred Warner
1.7857142857142858,Kentavius Street
0.0,Demetrius Flannigan-Fowles
1.9523809523809523,Arik Armstead
1.0476190476190477,Jordan Willis
0.8095238095238095,Kentavius Street
1.4285714285714286,Nick Bosa
0.7894736842105263,K'Waun Williams
1.105263157894737,Arik Armstead
1.368421052631579,Jordan Willis
1.105263157894737,Kentavius Street
1.3157894736842106,Nick Bosa
1.4444444444444444,Arik Armstead
1.0,Samson Ebukam
1.0,Arden Key
1.0555555555555556,Nick Bosa
0.88,Robert Quinn
1.04,Akiem Hicks
2.08,Bilal Nichols
0.72,Trevis Gipson
0.7777777777777778,Robert Quinn
1.1111111111111112,Akiem Hicks
1.8888888888888888,Eddie Goldman
1.1111111111111112,Bilal Nichols
1.1923076923076923,Arik Armstead
1.6923076923076923,D.J. Jones
1.3461538461538465,Arden Key
1.4615384615384617,Nick Bosa
1.48,Arik Armstead
1.92,Samson Ebukam
1.08,Arden Key
0.72,Nick Bosa
1.625,Cameron Heyward
0.9375,T.J. Watt
1.0625,Chris Wormley
1.0,Isaiah Buggs
2.0,Cameron Heyward
1.4230769230769231,T.J. Watt
1.9230769230769231,Chris Wormley
0.8076923076923077,Alex Highsmith
1.3076923076923077,Cameron Heyward
0.9230769230769232,T.J. Watt
1.4615384615384617,Chris Wormley
1.1153846153846154,Alex Highsmith
1.2222222222222223,Cameron Heyward
1.4444444444444444,Henry Mondeaux
1.5,Isaiah Buggs
0.7777777777777778,Alex Highsmith
2.0,Cameron Heyward
0.5294117647058824,T.J. Watt
1.4705882352941178,Henry Mondeaux
1.0,Isaiah Buggs
1.7,Cameron Heyward
1.15,T.J. Watt
0.85,Chris Wormley
2.0,Isaiah Buggs
1.7692307692307692,Cameron Heyward
0.9230769230769232,T.J. Watt
0.8076923076923077,Chris Wormley
0.9230769230769232,Alex Highsmith
1.2,Malik Jackson
1.5333333333333334,Jadeveon Clowney
0.9333333333333332,Myles Garrett
1.2666666666666666,Malik McDowell
1.3157894736842106,Jadeveon Clowney
1.0,Myles Garrett
1.0526315789473684,Malik McDowell
1.5263157894736843,Jordan Elliott
1.263157894736842,Malik Jackson
0.631578947368421,Jadeveon Clowney
1.4210526315789471,Myles Garrett
1.5789473684210529,Malik McDowell
1.0454545454545454,Cameron Heyward
1.0454545454545454,Taco Charlton
1.0454545454545454,T.J. Watt
1.4090909090909092,Robert Spillane
1.318181818181818,Alex Highsmith
1.4285714285714286,Chris Wormley
0.0714285714285714,Terrell Edmunds
1.0,Alex Highsmith
2.0714285714285716,Derrek Tuszka
1.1428571428571428,Isaiahh Loudermilk
1.0769230769230769,Chris Wormley
2.076923076923077,Isaiah Buggs
0.8461538461538461,Derrek Tuszka
1.3846153846153846,Isaiahh Loudermilk
1.0,Jadeveon Clowney
1.1,Andrew Billings
0.9,Myles Garrett
1.9,Jordan Elliott
0.9230769230769232,Jadeveon Clowney
1.9615384615384617,Malik McDowell
0.8846153846153846,Joe Jackson
1.0769230769230769,Jordan Elliott
1.4230769230769231,Malik Jackson
0.5769230769230769,Jadeveon Clowney
0.9230769230769232,Myles Garrett
2.0,Malik McDowell
1.105263157894737,Malik Jackson
0.8421052631578947,Jadeveon Clowney
0.8947368421052632,Myles Garrett
1.8421052631578947,Malik McDowell
2.0,Cameron Heyward
1.4166666666666667,Taco Charlton
0.875,Alex Highsmith
1.125,Isaiahh Loudermilk
2.0,Cameron Heyward
0.8,T.J. Watt
1.0,Alex Highsmith
1.0,Isaiahh Loudermilk
2.1333333333333333,Malik Jackson
0.8,Jadeveon Clowney
0.8666666666666667,Myles Garrett
1.2,Malik McDowell
0.0,Sione Takitaki
1.3461538461538465,Cameron Heyward
0.7692307692307693,T.J. Watt
1.1153846153846154,Chris Wormley
1.4230769230769231,Isaiah Buggs
1.3333333333333333,Jadeveon Clowney
0.9166666666666666,Myles Garrett
1.25,Malik McDowell
1.25,Jordan Elliott
1.75,Malik Jackson
0.6875,Jadeveon Clowney
0.875,Myles Garrett
1.25,Malik McDowell
1.0769230769230769,Malik Jackson
1.3461538461538465,Jadeveon Clowney
0.9230769230769232,Myles Garrett
1.0,Malik McDowell
0.6538461538461539,Anthony Walker
1.1153846153846154,Malik Jackson
0.8846153846153846,Jadeveon Clowney
1.0,Myles Garrett
1.9230769230769231,Malik McDowell
1.0,Cameron Heyward
0.9090909090909092,T.J. Watt
2.0,Chris Wormley
1.0,Alex Highsmith
1.0769230769230769,Cameron Heyward
0.7307692307692307,T.J. Watt
1.4615384615384617,Chris Wormley
1.2307692307692308,Alex Highsmith
2.3333333333333335,Malik Jackson
0.5,Jadeveon Clowney
1.0,Myles Garrett
1.0833333333333333,Malik McDowell
1.5263157894736843,Malik Jackson
0.8421052631578947,Jadeveon Clowney
0.8947368421052632,Myles Garrett
1.0526315789473684,Malik McDowell
1.0,Cameron Heyward
1.0588235294117647,Chris Wormley
1.9411764705882353,Isaiah Buggs
1.0,Alex Highsmith
1.64,Cameron Heyward
0.0,Joe Schobert
1.12,T.J. Watt
2.12,Chris Wormley
1.0,Henry Mondeaux
1.0,Alex Highsmith
1.2,Chris Wormley
1.3333333333333333,Alex Highsmith
0.8,Derrek Tuszka
1.4666666666666666,Isaiahh Loudermilk
1.1176470588235294,Malcolm Smith
1.0588235294117647,Malik Jackson
0.8235294117647058,Myles Garrett
1.7647058823529411,Malik McDowell
0.0,Ronnie Harrison
1.1578947368421053,Malik Jackson
1.2105263157894737,Jadeveon Clowney
1.7894736842105263,Andrew Billings
0.7894736842105263,Ifeadi Odenigbo
0.8846153846153846,Malik Jackson
0.9230769230769232,Jadeveon Clowney
0.8846153846153846,Myles Garrett
1.9230769230769231,Jordan Elliott
1.2857142857142858,Cameron Heyward
0.9047619047619048,Taco Charlton
1.6666666666666667,Chris Wormley
1.0,Alex Highsmith
1.3333333333333333,Cameron Heyward
1.5,Taco Charlton
0.375,T.J. Watt
1.0,Alex Highsmith
0.8461538461538461,Jadeveon Clowney
1.3461538461538465,Andrew Billings
0.8846153846153846,Joe Jackson
1.5769230769230769,Jordan Elliott
1.375,Jadeveon Clowney
0.5416666666666666,Troy Hill
0.8333333333333334,Myles Garrett
1.0833333333333333,Malik McDowell
1.0833333333333333,Jordan Elliott
0.5625,Malik Jackson
2.1875,Andrew Billings
0.0,Myles Garrett
0.875,Malik McDowell
1.0,Joe Jackson
1.25,Jordan Elliott
1.0454545454545454,Malik Jackson
1.0,Andrew Billings
1.5,Myles Garrett
1.0454545454545454,Malik McDowell
1.2272727272727273,Joe Jackson
0.7727272727272727,Jordan Elliott
1.3461538461538465,Cameron Heyward
2.0384615384615383,T.J. Watt
1.3076923076923077,Isaiah Buggs
0.8846153846153846,Alex Highsmith
1.1923076923076923,Isaiahh Loudermilk
0.625,T.J. Watt
2.0,Henry Mondeaux
1.0,Alex Highsmith
1.0,Isaiahh Loudermilk
1.2307692307692308,Cameron Heyward
0.9615384615384616,T.J. Watt
1.0384615384615383,Chris Wormley
1.2307692307692308,Alex Highsmith
2.0,T.J. Watt
1.4705882352941178,Chris Wormley
1.1176470588235294,Henry Mondeaux
2.0,Isaiah Buggs
1.2272727272727273,Malik Jackson
0.9545454545454546,Jadeveon Clowney
0.7727272727272727,Myles Garrett
1.0,Malik McDowell
1.3333333333333333,Cameron Heyward
1.75,Chris Wormley
1.25,Isaiah Buggs
0.6666666666666666,Alex Highsmith
2.0384615384615383,Chris Wormley
1.4230769230769231,Henry Mondeaux
1.3076923076923077,Isaiah Buggs
0.9230769230769232,Alex Highsmith
1.6153846153846154,Cameron Heyward
1.2307692307692308,T.J. Watt
1.0769230769230769,Chris Wormley
0.6923076923076923,Alex Highsmith
0.9615384615384616,Cameron Heyward
1.8461538461538465,T.J. Watt
2.230769230769231,Henry Mondeaux
1.1176470588235294,Malik Jackson
1.2352941176470589,Myles Garrett
1.0,Malik McDowell
0.0,Anthony Walker
2.3529411764705883,Joe Jackson
1.0588235294117647,Jordan Elliott
1.2777777777777777,Fletcher Cox
1.1111111111111112,Javon Hargrave
0.7222222222222222,Derek Barnett
1.8888888888888888,Josh Sweat
0.0,Genard Avery
1.3333333333333333,Javon Hargrave
1.0555555555555556,Derek Barnett
0.7777777777777778,Josh Sweat
1.2222222222222223,Milton Williams
1.0,Michael Brockers
2.0,Nicholas Williams
1.0,Trey Flowers
1.0,Charles Harris
1.8333333333333333,Trey Flowers
0.8333333333333334,Charles Harris
0.4583333333333333,Alex Anzalone
1.3333333333333333,Da'Shawn Hand
0.8333333333333334,Austin Bryant
2.066666666666667,Fletcher Cox
1.0666666666666669,Javon Hargrave
1.5333333333333334,Derek Barnett
0.8666666666666667,Josh Sweat
1.0,Fletcher Cox
1.6538461538461535,Javon Hargrave
1.2307692307692308,Derek Barnett
0.9230769230769232,Josh Sweat
1.1153846153846154,Fletcher Cox
1.6153846153846154,Hassan Ridgeway
1.0,Derek Barnett
0.8846153846153846,Josh Sweat
2.0,Michael Brockers
1.0,Charles Harris
1.0,Julian Okwara
1.0,Levi Onwuzurike
0.9130434782608696,Fletcher Cox
1.391304347826087,Javon Hargrave
0.782608695652174,Derek Barnett
1.608695652173913,Josh Sweat
1.565217391304348,Genard Avery
1.3846153846153846,Trey Flowers
1.5769230769230769,Da'Shawn Hand
1.6153846153846154,Julian Okwara
1.0,Ryan Kerrigan
1.0,Hassan Ridgeway
0.0,
0.0,
1.8571428571428572,Milton Williams
1.0,Marlon Tuipulotu
1.8333333333333333,Fletcher Cox
1.1111111111111112,Javon Hargrave
0.8888888888888888,Derek Barnett
1.6111111111111112,Josh Sweat
0.92,Ryan Kerrigan
2.0,Javon Hargrave
0.88,Genard Avery
1.0,Milton Williams
1.12,Marlon Tuipulotu
0.9615384615384616,Ryan Kerrigan
1.9615384615384617,Javon Hargrave
1.4615384615384617,Milton Williams
0.5769230769230769,Tarron Jackson
1.9615384615384617,Fletcher Cox
0.3076923076923077,Alex Singleton
1.1538461538461535,Javon Hargrave
0.9230769230769232,Derek Barnett
0.8846153846153846,Josh Sweat
0.3846153846153846,Will Harris
1.3461538461538465,Julian Okwara
1.8846153846153848,Levi Onwuzurike
1.1923076923076923,Alim McNeill
1.0,Michael Brockers
1.0,Nicholas Williams
1.0,John Penisini
2.0,Alim McNeill
0.6923076923076923,Michael Brockers
1.4615384615384617,Nicholas Williams
0.8846153846153846,Charles Harris
1.7692307692307692,John Penisini
1.0,Ryan Kerrigan
1.2272727272727273,Hassan Ridgeway
2.0,Milton Williams
0.0,Tarron Jackson
1.4545454545454546,Fletcher Cox
0.4090909090909091,Alex Singleton
1.4545454545454546,Javon Hargrave
1.1363636363636365,Derek Barnett
0.5454545454545454,Josh Sweat
1.4210526315789471,Fletcher Cox
1.2105263157894737,Javon Hargrave
0.7894736842105263,Derek Barnett
1.3157894736842106,Josh Sweat
1.736842105263158,Fletcher Cox
1.3157894736842106,Javon Hargrave
0.6842105263157895,Derek Barnett
0.8947368421052632,Josh Sweat
1.3846153846153846,Ryan Kerrigan
1.4615384615384617,Fletcher Cox
0.7692307692307693,Javon Hargrave
1.3461538461538465,Josh Sweat
1.0,Ryan Kerrigan
2.0,Fletcher Cox
0.6923076923076923,Alex Singleton
1.3076923076923077,Javon Hargrave
0.3076923076923077,Josh Sweat
1.2307692307692308,Hassan Ridgeway
0.7692307692307693,Derek Barnett
0.6923076923076923,Josh Sweat
1.5384615384615383,Milton Williams
1.0769230769230769,Hassan Ridgeway
0.9230769230769232,Derek Barnett
1.3076923076923077,Josh Sweat
1.1923076923076923,Milton Williams
1.0384615384615383,Michael Brockers
2.1923076923076925,Nicholas Williams
0.8846153846153846,Charles Harris
1.8076923076923077,Alim McNeill
1.1923076923076923,Trey Flowers
1.2307692307692308,Charles Harris
1.3461538461538465,Da'Shawn Hand
0.7692307692307693,Austin Bryant
0.6538461538461539,Julian Okwara
2.269230769230769,Michael Brockers
1.0,Nicholas Williams
1.6153846153846154,John Penisini
1.0,Alim McNeill
1.5384615384615383,Michael Brockers
1.3461538461538465,Nicholas Williams
1.9615384615384617,John Penisini
2.24,Fletcher Cox
1.12,Javon Hargrave
1.0,Derek Barnett
1.0,Josh Sweat
0.6,Davion Taylor
1.4230769230769231,Fletcher Cox
2.0,Javon Hargrave
0.9615384615384616,Derek Barnett
0.5769230769230769,Josh Sweat
1.1923076923076923,Charles Harris
0.6153846153846154,Will Harris
1.1923076923076923,Levi Onwuzurike
1.9230769230769231,Alim McNeill
1.2692307692307692,Trey Flowers
0.5,Charles Harris
1.7307692307692308,Da'Shawn Hand
0.3461538461538461,Will Harris
1.7307692307692308,Julian Okwara
1.0,Ryan Kerrigan
1.95,Hassan Ridgeway
1.0,Milton Williams
1.15,Tarron Jackson
1.3636363636363635,Ryan Kerrigan
1.181818181818182,Hassan Ridgeway
1.5454545454545454,Milton Williams
0.8181818181818182,Tarron Jackson
0.9473684210526316,Ryan Kerrigan
0.8947368421052632,Hassan Ridgeway
2.1578947368421053,Milton Williams
1.0,Tarron Jackson
1.2222222222222223,Fletcher Cox
2.0,Javon Hargrave
0.9444444444444444,Derek Barnett
0.7777777777777778,Josh Sweat
1.3461538461538465,Fletcher Cox
0.8076923076923077,Javon Hargrave
1.0769230769230769,Derek Barnett
0.5769230769230769,Josh Sweat
0.9615384615384616,Genard Avery
1.1538461538461535,Ryan Kerrigan
1.0384615384615383,Hassan Ridgeway
1.2692307692307692,Milton Williams
0.9615384615384616,Tarron Jackson
0.8461538461538461,Ryan Kerrigan
1.6923076923076923,Hassan Ridgeway
1.1538461538461535,Milton Williams
1.0,Tarron Jackson
0.8666666666666667,Ryan Kerrigan
1.0666666666666669,Hassan Ridgeway
1.9333333333333331,Milton Williams
1.0,Tarron Jackson
0.9230769230769232,Ryan Kerrigan
1.5,Hassan Ridgeway
1.0769230769230769,Milton Williams
1.3461538461538465,Tarron Jackson
1.1428571428571428,Ryan Kerrigan
1.0,Hassan Ridgeway
1.8571428571428572,Milton Williams
1.0,Tarron Jackson
1.0,Ryan Kerrigan
1.0,Milton Williams
2.5238095238095237,Marlon Tuipulotu
0.7142857142857143,Tarron Jackson
0.75,Ryan Kerrigan
1.5625,Milton Williams
1.625,Marlon Tuipulotu
1.25,Tarron Jackson
0.9166666666666666,Ryan Kerrigan
1.0833333333333333,Hassan Ridgeway
2.1666666666666665,Marlon Tuipulotu
0.6666666666666666,Tarron Jackson
1.0,Hassan Ridgeway
1.0,Derek Barnett
2.0,Marlon Tuipulotu
0.9615384615384616,Tarron Jackson
2.0,Hassan Ridgeway
1.0,Genard Avery
1.0,Marlon Tuipulotu
1.0,Tarron Jackson
0.9615384615384616,Ryan Kerrigan
1.0,Milton Williams
2.0,Marlon Tuipulotu
0.9230769230769232,Tarron Jackson
1.0,Maliek Collins
1.0,Jacob Martin
1.0,Jonathan Greenard
2.0,Roy Lopez
1.1578947368421053,Christian Kirksey
0.7894736842105263,Maliek Collins
0.0,Kamu Grugier-Hill
0.8947368421052632,Jacob Martin
1.0526315789473684,Charles Omenihu
1.0,Jonathan Greenard
0.35,Christian Kirksey
1.3,Jordan Jenkins
0.8,DeMarcus Walker
1.3,Charles Omenihu
1.55,Ross Blacklock
1.5384615384615383,Jordan Jenkins
1.3461538461538465,DeMarcus Walker
0.2307692307692307,Charles Omenihu
1.7692307692307692,Ross Blacklock
1.0952380952380951,Jordan Jenkins
0.9047619047619048,DeMarcus Walker
1.380952380952381,Charles Omenihu
1.619047619047619,Ross Blacklock
0.8,Jordan Jenkins
0.8,DeMarcus Walker
0.2,Tavierre Thomas
1.1,Charles Omenihu
2.1,Ross Blacklock
1.0,Aaron Donald
1.4,A'Shawn Robinson
0.2,Greg Gaines
1.55,Terrell Lewis
1.95,Bobby Brown
1.0,Maliek Collins
0.88,Jacob Martin
1.0,Jonathan Greenard
2.0,Roy Lopez
1.4230769230769231,Jordan Jenkins
1.6153846153846154,DeMarcus Walker
0.8076923076923077,Charles Omenihu
0.8076923076923077,Ross Blacklock
0.7916666666666666,Jordan Jenkins
1.2083333333333333,DeMarcus Walker
1.3333333333333333,Charles Omenihu
1.375,Ross Blacklock
1.0,Jordan Jenkins
2.0,DeMarcus Walker
1.6363636363636365,Charles Omenihu
0.3636363636363636,Ross Blacklock
1.411764705882353,Maliek Collins
1.0,Jacob Martin
1.0588235294117647,Jonathan Greenard
1.1176470588235294,Roy Lopez
1.105263157894737,Maliek Collins
1.0,Jacob Martin
0.8947368421052632,Jonathan Greenard
2.0,Roy Lopez
2.0384615384615383,Maliek Collins
1.5769230769230769,Jacob Martin
0.9615384615384616,Jonathan Greenard
1.4230769230769231,Roy Lopez
1.0,Jordan Jenkins
1.3478260869565215,DeMarcus Walker
1.0,Charles Omenihu
1.1304347826086956,Ross Blacklock
1.35,Jordan Jenkins
1.4,DeMarcus Walker
1.0,Charles Omenihu
1.0,Ross Blacklock
2.7142857142857144,Aaron Donald
0.8571428571428571,Leonard Floyd
0.0,
1.0,Greg Gaines
1.2173913043478262,Aaron Donald
1.391304347826087,Leonard Floyd
1.2173913043478262,Ogbonnia Okoronkwo
1.0434782608695652,Greg Gaines
0.8461538461538461,Jordan Jenkins
1.2692307692307692,DeMarcus Walker
0.8461538461538461,Charles Omenihu
1.8846153846153848,Ross Blacklock
1.2307692307692308,Leonard Floyd
1.7307692307692308,A'Shawn Robinson
1.6538461538461535,Greg Gaines
0.6923076923076923,Terrell Lewis
1.1538461538461535,Michael Hoecht
1.5384615384615383,Aaron Donald
0.4230769230769231,Jalen Ramsey
1.4230769230769231,Leonard Floyd
1.0384615384615383,Greg Gaines
0.9615384615384616,Terrell Lewis
1.8076923076923077,Aaron Donald
1.0769230769230769,Leonard Floyd
1.1923076923076923,Greg Gaines
1.2692307692307692,Terrell Lewis
1.45,Aaron Donald
0.65,Leonard Floyd
1.3,Greg Gaines
1.45,Terrell Lewis
1.5384615384615383,Aaron Donald
1.1538461538461535,Greg Gaines
0.9230769230769232,Aaron Donald
0.6923076923076923,Leonard Floyd
1.6923076923076923,Greg Gaines
1.1923076923076923,Terrell Lewis
1.1153846153846154,Ernest Jones
0.9285714285714286,Maliek Collins
1.4285714285714286,Jacob Martin
0.4285714285714285,Tavierre Thomas
1.0714285714285714,Jonathan Greenard
2.357142857142857,Roy Lopez
0.6666666666666666,Christian Kirksey
1.2222222222222223,Maliek Collins
1.0,Kamu Grugier-Hill
0.7777777777777778,Jacob Martin
1.9444444444444444,Charles Omenihu
0.0,Jonathan Greenard
1.1111111111111112,Aaron Donald
1.1111111111111112,Leonard Floyd
1.0,Ogbonnia Okoronkwo
1.6666666666666667,Greg Gaines
1.5,Aaron Donald
0.8461538461538461,Leonard Floyd
0.3076923076923077,Ogbonnia Okoronkwo
1.2307692307692308,Taylor Rapp
1.3461538461538465,Greg Gaines
1.3461538461538465,Jacob Martin
1.3846153846153846,Ross Blacklock
1.4615384615384617,Jonathan Greenard
1.3846153846153846,Roy Lopez
1.125,Kamu Grugier-Hill
1.4375,Jacob Martin
0.9375,Ross Blacklock
0.9375,Jonathan Greenard
0.5625,Roy Lopez
1.3076923076923077,Aaron Donald
1.1538461538461535,Ogbonnia Okoronkwo
1.0384615384615383,Greg Gaines
1.0769230769230769,Terrell Lewis
0.875,Aaron Donald
1.4583333333333333,Ogbonnia Okoronkwo
1.75,Greg Gaines
1.0416666666666667,Terrell Lewis
1.0909090909090908,Maliek Collins
1.6363636363636365,Jordan Jenkins
1.1363636363636365,DeMarcus Walker
0.8181818181818182,Charles Omenihu
0.8260869565217391,Jacob Martin
0.6956521739130435,Tavierre Thomas
1.1304347826086956,Ross Blacklock
1.1304347826086956,Jonathan Greenard
1.0869565217391304,Roy Lopez
2.0,Aaron Donald
1.181818181818182,A'Shawn Robinson
1.0,Greg Gaines
0.7272727272727273,Jamir Jones
1.0,Maliek Collins
1.0,Jacob Martin
0.8461538461538461,Jonathan Greenard
1.8846153846153848,Roy Lopez
1.5333333333333334,Aaron Donald
0.4,Ogbonnia Okoronkwo
2.0,Greg Gaines
0.8666666666666667,Terrell Lewis
1.4615384615384617,Aaron Donald
0.4615384615384615,Jalen Ramsey
0.5384615384615384,Ogbonnia Okoronkwo
1.8461538461538465,Greg Gaines
1.0769230769230769,Terrell Lewis
1.95,Aaron Donald
1.05,Ogbonnia Okoronkwo
0.65,Greg Gaines
0.5,Jamir Jones
1.4615384615384617,Aaron Donald
0.5769230769230769,Leonard Floyd
1.6153846153846154,Greg Gaines
1.0,Jamir Jones
0.6923076923076923,Ernest Jones
2.0,Aaron Donald
0.3333333333333333,Leonard Floyd
1.1666666666666667,A'Shawn Robinson
0.0,Jamir Jones
0.8333333333333334,Ernest Jones
1.0,Jordan Jenkins
1.2857142857142858,DeMarcus Walker
0.8571428571428571,Charles Omenihu
1.6428571428571428,Ross Blacklock
1.0,Ogbonnia Okoronkwo
0.7857142857142857,Terrell Lewis
1.2142857142857142,Jonah Williams
2.0,Bobby Brown
0.5714285714285714,Ogbonnia Okoronkwo
0.5714285714285714,Terrell Lewis
1.0,Jonah Williams
2.0,Bobby Brown
0.7222222222222222,Ogbonnia Okoronkwo
1.7222222222222223,Jonah Williams
0.4444444444444444,Ernest Jones
1.7222222222222223,Bobby Brown
0.0,
1.1923076923076923,Ogbonnia Okoronkwo
1.7692307692307692,Michael Hoecht
1.0,Jamir Jones
1.4230769230769231,Bobby Brown
0.7,Ogbonnia Okoronkwo
1.3,Michael Hoecht
0.9,Jamir Jones
1.7,Bobby Brown
0.84,Ogbonnia Okoronkwo
1.0,Michael Hoecht
1.6,Jonah Williams
1.0,Jamir Jones
0.8125,Terrell Lewis
2.25,Michael Hoecht
1.0625,Jonah Williams
0.6875,Jamir Jones
1.0,Ogbonnia Okoronkwo
0.0,Terrell Lewis
2.0,Michael Hoecht
1.0,Jonah Williams
1.0,Bobby Brown
1.0769230769230769,Ogbonnia Okoronkwo
0.5,Terrell Lewis
1.5,Michael Hoecht
1.1923076923076923,Jonah Williams
1.0,Bobby Brown
0.7222222222222222,Ogbonnia Okoronkwo
1.6111111111111112,Terrell Lewis
1.4444444444444444,Michael Hoecht
1.1111111111111112,Jonah Williams
0.8333333333333334,Ogbonnia Okoronkwo
1.0,Terrell Lewis
1.0833333333333333,Michael Hoecht
1.1666666666666667,Jonah Williams
1.0,Ernest Jones
1.1153846153846154,Ogbonnia Okoronkwo
0.5769230769230769,Terrell Lewis
1.3846153846153846,Michael Hoecht
1.5384615384615383,Jonah Williams
1.1538461538461535,Ogbonnia Okoronkwo
0.5769230769230769,Terrell Lewis
1.3076923076923077,Michael Hoecht
2.1538461538461537,Jonah Williams
0.8846153846153846,Ogbonnia Okoronkwo
0.6538461538461539,Terrell Lewis
1.3461538461538465,Michael Hoecht
1.2307692307692308,Jonah Williams
1.0,Denico Autry
0.0,Eli Ankou
0.5625,Harold Landry
2.1875,Jeffery Simmons
1.0714285714285714,Denico Autry
1.2857142857142858,Eli Ankou
0.1428571428571428,Jeffery Simmons
1.4285714285714286,Larrell Murchison
0.8571428571428571,Denico Autry
1.1904761904761905,Eli Ankou
1.8095238095238095,Harold Landry
0.1428571428571428,Jeffery Simmons
0.9523809523809524,Denico Autry
1.3333333333333333,Bud Dupree
0.3333333333333333,Harold Landry
0.9523809523809524,Jeffery Simmons
0.5769230769230769,Bud Dupree
0.8846153846153846,Harold Landry
1.0384615384615383,Amani Bledsoe
0.1153846153846153,Larrell Murchison
1.0769230769230769,Naquan Jones
0.0384615384615384,Eli Ankou
0.9615384615384616,Jeffery Simmons
1.3076923076923077,Larrell Murchison
0.0,
1.2307692307692308,Naquan Jones
0.2307692307692307,Kevin Byard
1.0384615384615383,Eli Ankou
0.9615384615384616,Jeffery Simmons
1.3076923076923077,Larrell Murchison
0.7307692307692307,Naquan Jones
1.0769230769230769,DeForest Buckner
2.1923076923076925,Grover Stewart
1.0,Al-Quadin Muhammad
1.0,Kwity Paye
0.0,Denico Autry
0.2307692307692307,Harold Landry
1.7692307692307692,Jeffery Simmons
1.0,Larrell Murchison
1.0,Naquan Jones
1.5454545454545454,DeForest Buckner
1.0,Al-Quadin Muhammad
1.9090909090909092,Tyquan Lewis
0.3636363636363636,Kwity Paye
1.0,Denico Autry
1.5,Eli Ankou
1.3571428571428572,Harold Landry
0.0,Jeffery Simmons
0.3571428571428571,David Long
1.0,Bud Dupree
1.1538461538461535,Harold Landry
1.1538461538461535,Jeffery Simmons
1.7692307692307692,Naquan Jones
1.5,Jeffery Simmons
0.6538461538461539,David Long
1.3461538461538465,Naquan Jones
1.0,Bud Dupree
0.8461538461538461,Harold Landry
0.1538461538461538,Jeffery Simmons
1.3846153846153846,Naquan Jones
1.1428571428571428,Denico Autry
0.8571428571428571,Bud Dupree
0.9523809523809524,Harold Landry
1.0,Jeffery Simmons
2.5833333333333335,DeForest Buckner
1.0,Tyquan Lewis
1.125,Kwity Paye
1.0,DeForest Buckner
2.0,Grover Stewart
0.8846153846153846,Tyquan Lewis
0.6153846153846154,Kwity Paye
1.3529411764705883,DeForest Buckner
0.9411764705882352,Al-Quadin Muhammad
0.7058823529411765,Tyquan Lewis
1.0,Khari Willis
0.9411764705882352,Kwity Paye
1.1538461538461535,Antwaun Woods
0.3076923076923077,Al-Quadin Muhammad
0.5,Kemoko Turay
2.6153846153846154,Taylor Stallworth
2.0526315789473686,DeForest Buckner
1.2105263157894737,Grover Stewart
1.0,Al-Quadin Muhammad
0.0,Kwity Paye
1.0,Denico Autry
1.0,Harold Landry
1.4615384615384617,Larrell Murchison
1.1153846153846154,Naquan Jones
0.875,Denico Autry
0.625,David Long
1.5625,Larrell Murchison
2.4375,Naquan Jones
1.6538461538461535,Denico Autry
1.0,Bud Dupree
0.3461538461538461,Harold Landry
1.5,Jeffery Simmons
1.0,DeForest Buckner
0.9583333333333334,Tyquan Lewis
1.5416666666666667,Taylor Stallworth
0.4583333333333333,Kwity Paye
1.0769230769230769,Grover Stewart
1.0,Tyquan Lewis
1.3461538461538465,Taylor Stallworth
0.2692307692307692,Kwity Paye
1.8333333333333333,DeForest Buckner
0.0,Al-Quadin Muhammad
1.0555555555555556,Shaquille Leonard
0.2222222222222222,George Odum
1.0,Bobby Okereke
1.0,Kwity Paye
1.0,DeForest Buckner
2.0,Grover Stewart
1.0,Al-Quadin Muhammad
2.3076923076923075,Shaquille Leonard
0.6923076923076923,Kwity Paye
1.0,Bud Dupree
1.0,Harold Landry
2.0,Jeffery Simmons
0.0,Naquan Jones
0.5,Denico Autry
0.8846153846153846,Bud Dupree
1.0384615384615383,Harold Landry
1.3076923076923077,Jeffery Simmons
0.0,Denico Autry
0.6153846153846154,Bud Dupree
1.0,Harold Landry
2.1538461538461537,Jeffery Simmons
0.0833333333333333,Denico Autry
0.5833333333333334,Harold Landry
1.2083333333333333,Olasunkanmi Adeniyi
2.0,Jeffery Simmons
0.6153846153846154,Denico Autry
1.5769230769230769,Harold Landry
1.0,Olasunkanmi Adeniyi
0.7692307692307693,Jeffery Simmons
0.55,Denico Autry
1.0,Bud Dupree
0.9,Harold Landry
1.2,Jeffery Simmons
1.0,Denico Autry
1.0,Bud Dupree
1.3846153846153846,Harold Landry
0.9230769230769232,Jeffery Simmons
1.761904761904762,DeForest Buckner
1.0,Al-Quadin Muhammad
0.9523809523809524,Kwity Paye
1.0476190476190477,Dayo Odeyingbo
1.68,DeForest Buckner
1.0,Grover Stewart
1.0,Al-Quadin Muhammad
0.6,Kwity Paye
2.0,Antwaun Woods
1.0,Kemoko Turay
1.0,Taylor Stallworth
0.9230769230769232,Dayo Odeyingbo
1.4444444444444444,DeForest Buckner
1.0,Al-Quadin Muhammad
1.0555555555555556,Bobby Okereke
0.5555555555555556,Kwity Paye
1.2222222222222223,Dayo Odeyingbo
2.2,DeForest Buckner
1.0,Grover Stewart
1.0,Al-Quadin Muhammad
0.56,Kwity Paye
2.0,DeForest Buckner
1.0454545454545454,Grover Stewart
0.6818181818181818,Al-Quadin Muhammad
0.5454545454545454,Kwity Paye
1.0,Bud Dupree
0.8846153846153846,Harold Landry
0.1153846153846153,Jeffery Simmons
2.0,Naquan Jones
0.6923076923076923,Janoris Jenkins
0.6923076923076923,Denico Autry
0.8846153846153846,Dane Cruikshank
1.3461538461538465,Jeffery Simmons
2.0,Antwaun Woods
1.3636363636363635,Grover Stewart
1.2272727272727273,Al-Quadin Muhammad
0.6818181818181818,Kwity Paye
1.7692307692307692,DeForest Buckner
0.7692307692307693,Al-Quadin Muhammad
1.3076923076923077,Kwity Paye
1.3846153846153846,Dayo Odeyingbo
1.3846153846153846,DeForest Buckner
1.2307692307692308,Grover Stewart
1.3461538461538465,Kwity Paye
1.0,Dayo Odeyingbo
2.0,DeForest Buckner
1.0,Grover Stewart
0.0,Kwity Paye
1.0,Dayo Odeyingbo
2.0,DeForest Buckner
0.0,Al-Quadin Muhammad
0.8181818181818182,Kwity Paye
1.181818181818182,Dayo Odeyingbo
1.4230769230769231,Denico Autry
1.0384615384615383,Jeffery Simmons
1.3076923076923077,Amani Bledsoe
0.9615384615384616,Naquan Jones
1.0,Denico Autry
0.0,Harold Landry
2.0,Jeffery Simmons
1.0,Naquan Jones
1.0769230769230769,Denico Autry
0.2307692307692307,Harold Landry
1.0,Jeffery Simmons
2.269230769230769,David Long
0.2307692307692307,Chris Jackson
0.7333333333333333,Denico Autry
1.0,Harold Landry
0.2666666666666666,Jeffery Simmons
1.7333333333333334,Naquan Jones
2.076923076923077,Bud Dupree
0.9615384615384616,Jeffery Simmons
0.9230769230769232,Larrell Murchison
1.2692307692307692,Naquan Jones
0.0476190476190476,Denico Autry
1.6666666666666667,Bud Dupree
1.0,Harold Landry
1.4761904761904765,Jeffery Simmons
0.1538461538461538,Denico Autry
1.0,Bud Dupree
0.8461538461538461,Harold Landry
1.4615384615384617,Jeffery Simmons
0.0,Denico Autry
1.3076923076923077,Bud Dupree
1.0,Harold Landry
1.6923076923076923,Jeffery Simmons
1.9444444444444444,DeForest Buckner
0.7777777777777778,Grover Stewart
0.0,Al-Quadin Muhammad
1.4444444444444444,Kwity Paye
0.0,Andrew Sendejo
0.7368421052631579,DeForest Buckner
1.3157894736842106,Grover Stewart
0.3684210526315789,Al-Quadin Muhammad
1.631578947368421,Kwity Paye
1.3846153846153846,DeForest Buckner
0.9230769230769232,Al-Quadin Muhammad
0.8846153846153846,Kwity Paye
1.2307692307692308,Dayo Odeyingbo
0.5384615384615384,Andrew Sendejo
1.6153846153846154,Antwaun Woods
0.4615384615384615,Al-Quadin Muhammad
1.1923076923076923,Kemoko Turay
1.0,Taylor Stallworth
0.1304347826086956,Denico Autry
1.0,Bud Dupree
0.3043478260869565,Harold Landry
1.9130434782608696,Jeffery Simmons
0.4615384615384615,Denico Autry
0.8846153846153846,Bud Dupree
0.8461538461538461,Harold Landry
1.1153846153846154,Jeffery Simmons
0.8846153846153846,Denico Autry
1.3461538461538465,Olasunkanmi Adeniyi
2.0,Jeffery Simmons
0.0,Denico Autry
1.2272727272727273,Bud Dupree
1.0,Harold Landry
2.0,Jeffery Simmons
0.8076923076923077,DeForest Buckner
0.4615384615384615,Al-Quadin Muhammad
1.4230769230769231,Kwity Paye
1.7307692307692308,Dayo Odeyingbo
2.230769230769231,Denico Autry
0.3461538461538461,Jeffery Simmons
0.3461538461538461,David Long
1.9615384615384617,Larrell Murchison
0.0384615384615384,Naquan Jones
0.55,Denico Autry
1.3,Bud Dupree
1.55,Harold Landry
1.0,Jeffery Simmons
1.7692307692307692,DeForest Buckner
1.5384615384615383,Kemoko Turay
1.2307692307692308,Kwity Paye
1.3461538461538465,Dayo Odeyingbo
0.9375,Denico Autry
0.75,Harold Landry
1.25,Jeffery Simmons
1.0,Naquan Jones
1.5384615384615383,Bud Dupree
1.0,Jeffery Simmons
1.0,Larrell Murchison
1.0,Naquan Jones
0.2142857142857142,Andrew Sendejo
1.5714285714285714,DeForest Buckner
1.7857142857142858,Grover Stewart
0.1428571428571428,Al-Quadin Muhammad
1.2857142857142858,Kwity Paye
1.6,DeForest Buckner
1.6666666666666667,Grover Stewart
1.0,Al-Quadin Muhammad
0.3333333333333333,Bobby Okereke
1.0,D.J. Reader
1.65,Larry Ogunjobi
1.0,Trey Hendrickson
1.0,Sam Hubbard
1.0,D.J. Reader
1.3846153846153846,Larry Ogunjobi
1.0,Josh Tupou
1.2692307692307692,Sam Hubbard
2.1538461538461537,D.J. Reader
0.2307692307692307,Larry Ogunjobi
0.3076923076923077,Trey Hendrickson
1.0,Josh Tupou
0.1538461538461538,Sam Hubbard
0.8461538461538461,Germaine Pratt
0.9285714285714286,Trey Hendrickson
1.3571428571428572,Josh Tupou
1.6428571428571428,B.J. Hill
0.8571428571428571,Cameron Sample
1.0666666666666669,Shaq Lawson
0.6,John Franklin-Myers
1.0666666666666669,Folorunso Fatukasi
1.6666666666666667,Quinnen Williams
0.9375,Shaq Lawson
0.9375,John Franklin-Myers
1.0,Folorunso Fatukasi
2.0,Quinnen Williams
1.0,Jarrad Davis
0.7,John Franklin-Myers
2.3,Folorunso Fatukasi
1.0,Quinnen Williams
1.5769230769230769,D.J. Reader
0.8461538461538461,Mike Hilton
1.6153846153846154,Larry Ogunjobi
1.7307692307692308,Sam Hubbard
1.2352941176470589,D.J. Reader
1.6470588235294117,Larry Ogunjobi
1.0,Sam Hubbard
1.0,Cameron Sample
1.0,D.J. Reader
1.15,Larry Ogunjobi
2.0,Josh Tupou
0.85,Sam Hubbard
1.0,Shaq Lawson
0.8571428571428571,John Franklin-Myers
1.1428571428571428,Folorunso Fatukasi
2.0,Quinnen Williams
0.9615384615384616,Shaq Lawson
1.5,John Franklin-Myers
1.4615384615384617,Folorunso Fatukasi
1.0,Quinnen Williams
1.2307692307692308,D.J. Reader
1.0,Trey Hendrickson
1.5384615384615383,Josh Tupou
1.0769230769230769,B.J. Hill
0.6923076923076923,Khalid Kareem
2.0526315789473686,Sheldon Rankins
0.8421052631578947,Shaq Lawson
1.105263157894737,Nathan Shepherd
0.7894736842105263,Jabari Zuniga
1.181818181818182,D.J. Reader
0.8181818181818182,Mike Hilton
2.0,Larry Ogunjobi
1.0,Sam Hubbard
0.0,Vonn Bell
1.5384615384615383,Larry Ogunjobi
1.6153846153846154,Trey Hendrickson
0.2307692307692307,Jessie Bates
1.9615384615384617,Sheldon Rankins
1.0769230769230769,Nathan Shepherd
0.9230769230769232,Tim Ward
0.7692307692307693,Jabari Zuniga
1.0,Mike Hilton
0.0,Trey Hendrickson
1.0,Josh Tupou
1.75,B.J. Hill
1.0,Germaine Pratt
1.4230769230769231,Larry Ogunjobi
1.5769230769230769,Trey Hendrickson
0.8076923076923077,Sam Hubbard
1.1923076923076923,Cameron Sample
1.0,Shaq Lawson
0.7222222222222222,John Franklin-Myers
2.0555555555555554,Folorunso Fatukasi
1.0,Quinnen Williams
0.7916666666666666,Sheldon Rankins
2.0416666666666665,Nathan Shepherd
0.625,Tim Ward
0.875,Jabari Zuniga
0.65,C.J. Mosley
1.0,Sheldon Rankins
0.8,Shaq Lawson
1.15,John Franklin-Myers
1.1,Quinnen Williams
1.2666666666666666,Sheldon Rankins
2.0,John Franklin-Myers
1.0,Folorunso Fatukasi
1.8461538461538465,Sheldon Rankins
1.8461538461538465,John Franklin-Myers
1.1153846153846154,Folorunso Fatukasi
1.9615384615384617,Del'Shawn Phillips
2.04,Sheldon Rankins
1.44,John Franklin-Myers
1.4,Folorunso Fatukasi
0.92,Jabari Zuniga
1.1764705882352942,Sheldon Rankins
0.8235294117647058,John Franklin-Myers
2.1176470588235294,Quinnen Williams
0.7058823529411765,Jabari Zuniga
1.1428571428571428,Sheldon Rankins
0.9047619047619048,John Franklin-Myers
1.9047619047619049,Quinnen Williams
0.8571428571428571,Jabari Zuniga
1.0,Larry Ogunjobi
1.3157894736842106,Trey Hendrickson
1.3157894736842106,B.J. Hill
0.7894736842105263,Sam Hubbard
1.0869565217391304,Larry Ogunjobi
0.9130434782608696,Trey Hendrickson
1.826086956521739,B.J. Hill
0.8695652173913043,Sam Hubbard
1.0,Larry Ogunjobi
1.0,Trey Hendrickson
1.3333333333333333,B.J. Hill
1.0,Sam Hubbard
1.1538461538461535,Larry Ogunjobi
1.0,Trey Hendrickson
1.7692307692307692,B.J. Hill
0.8461538461538461,Sam Hubbard
1.8461538461538465,D.J. Reader
1.1538461538461535,Larry Ogunjobi
0.8461538461538461,Trey Hendrickson
1.1538461538461535,Sam Hubbard
0.0,D.J. Reader
2.0,Larry Ogunjobi
0.9285714285714286,Trey Hendrickson
1.0,Sam Hubbard
1.0714285714285714,Akeem Davis-Gaither
1.2666666666666666,Shaq Lawson
0.8,John Franklin-Myers
2.0,Folorunso Fatukasi
0.7333333333333333,Quinnen Williams
0.7142857142857143,Shaq Lawson
0.7857142857142857,John Franklin-Myers
2.0714285714285716,Folorunso Fatukasi
1.2857142857142858,Quinnen Williams
1.8,Sheldon Rankins
0.8,Nathan Shepherd
1.0,Tim Ward
1.4,Jabari Zuniga
1.3478260869565215,C.J. Mosley
1.0869565217391304,Sheldon Rankins
0.6521739130434783,Shaq Lawson
1.0434782608695652,John Franklin-Myers
1.5217391304347827,Quinnen Williams
1.8235294117647056,D.J. Reader
1.2941176470588236,Larry Ogunjobi
1.1176470588235294,Trey Hendrickson
1.0,Sam Hubbard
1.4615384615384617,D.J. Reader
1.0,Larry Ogunjobi
0.6153846153846154,Trey Hendrickson
1.9615384615384617,Sam Hubbard
0.3125,Ricardo Allen
0.0,Mike Hilton
0.5625,Larry Ogunjobi
1.0,Trey Hendrickson
1.375,Sam Hubbard
0.9375,Logan Wilson
1.6875,Cameron Sample
1.0,D.J. Reader
1.0,Trey Hendrickson
2.0,B.J. Hill
1.0,Sam Hubbard
1.8461538461538465,D.J. Reader
0.4230769230769231,Trey Hendrickson
1.3076923076923077,B.J. Hill
1.6153846153846154,Sam Hubbard
1.6923076923076923,Sheldon Rankins
1.3846153846153846,Nathan Shepherd
1.6538461538461535,Tim Ward
1.2692307692307692,Jabari Zuniga
1.0,Shaq Lawson
0.6,John Franklin-Myers
1.8,Folorunso Fatukasi
1.0,Quinnen Williams
0.7368421052631579,D.J. Reader
2.0526315789473686,B.J. Hill
0.8947368421052632,Sam Hubbard
1.0,Cameron Sample
1.0384615384615383,D.J. Reader
1.7692307692307692,B.J. Hill
1.5,Sam Hubbard
0.8846153846153846,Cameron Sample
1.4,D.J. Reader
1.0,Trey Hendrickson
1.04,B.J. Hill
1.28,Khalid Kareem
1.0,Larry Ogunjobi
0.8076923076923077,Trey Hendrickson
1.5384615384615383,Josh Tupou
1.0,Sam Hubbard
0.9411764705882352,Shaq Lawson
0.4117647058823529,John Franklin-Myers
1.588235294117647,Folorunso Fatukasi
2.0,Quinnen Williams
0.0,Michael Carter
1.3333333333333333,Sheldon Rankins
0.8888888888888888,Shaq Lawson
0.5,John Franklin-Myers
1.4444444444444444,Quinnen Williams
1.0769230769230769,Nathan Shepherd
1.6538461538461535,Folorunso Fatukasi
0.9230769230769232,Tim Ward
1.0,Jabari Zuniga
0.95,Shaq Lawson
0.5,John Franklin-Myers
1.4,Folorunso Fatukasi
1.75,Quinnen Williams
0.4,Michael Carter
1.7,Sheldon Rankins
1.25,Shaq Lawson
0.65,John Franklin-Myers
0.65,Quinnen Williams
0.45,Quincy Williams
1.0555555555555556,Sheldon Rankins
0.9444444444444444,Shaq Lawson
2.0555555555555554,Nathan Shepherd
0.8888888888888888,John Franklin-Myers
0.9615384615384616,Shaq Lawson
0.8461538461538461,John Franklin-Myers
2.076923076923077,Folorunso Fatukasi
1.0384615384615383,Quinnen Williams
1.0,D.J. Reader
1.7142857142857142,Larry Ogunjobi
1.1428571428571428,Trey Hendrickson
1.0,Sam Hubbard
1.0,D.J. Reader
1.380952380952381,Larry Ogunjobi
1.0,Trey Hendrickson
1.0,Sam Hubbard
1.72,D.J. Reader
1.0,Larry Ogunjobi
1.28,Trey Hendrickson
0.68,Sam Hubbard
1.6666666666666667,D.J. Reader
1.8,B.J. Hill
1.3333333333333333,Khalid Kareem
1.0,Trey Hendrickson
1.0,Josh Tupou
2.0,B.J. Hill
1.0,Khalid Kareem
1.7727272727272727,Josh Tupou
1.0454545454545454,B.J. Hill
1.2272727272727273,Khalid Kareem
0.9545454545454546,Cameron Sample
1.6363636363636365,D.J. Reader
1.0,Larry Ogunjobi
1.318181818181818,Sam Hubbard
1.0,Cameron Sample
1.1538461538461535,D.J. Reader
1.3076923076923077,Larry Ogunjobi
0.9615384615384616,Trey Hendrickson
0.8461538461538461,Sam Hubbard
0.6153846153846154,John Franklin-Myers
1.9615384615384617,Folorunso Fatukasi
0.6538461538461539,Quinnen Williams
1.3846153846153846,Jabari Zuniga
0.3846153846153846,Michael Carter
1.5769230769230769,Sheldon Rankins
0.9230769230769232,Shaq Lawson
0.7692307692307693,John Franklin-Myers
1.8461538461538465,Folorunso Fatukasi
0.3076923076923077,Michael Carter
0.4615384615384615,Sheldon Rankins
0.9615384615384616,Shaq Lawson
1.2307692307692308,John Franklin-Myers
1.0769230769230769,Quinnen Williams
1.0,D.J. Reader
1.105263157894737,Larry Ogunjobi
1.0,Trey Hendrickson
1.631578947368421,Sam Hubbard
2.0,Lawrence Guy
0.5833333333333334,Adrian Phillips
1.75,Deatrich Wise
1.25,Davon Godchaux
1.6,Lawrence Guy
1.0666666666666669,Kyle Van Noy
0.8,Matt Judon
1.6,Davon Godchaux
0.7333333333333333,Ja'Whaun Bentley
1.1153846153846154,Dont'a Hightower
0.7692307692307693,Matt Judon
0.7692307692307693,Josh Uche
2.0,Christian Barmore
1.1904761904761905,Linval Joseph
0.5714285714285714,Joey Bosa
0.7619047619047619,Uchenna Nwosu
1.238095238095238,Justin Jones
1.238095238095238,Jerry Tillery
0.85,Joey Bosa
0.55,Uchenna Nwosu
1.7,Justin Jones
1.3,Jerry Tillery
1.1538461538461535,Linval Joseph
1.7307692307692308,Christian Covington
0.8076923076923077,Joey Bosa
1.0384615384615383,Uchenna Nwosu
0.5454545454545454,Chris Harris
0.6818181818181818,Joey Bosa
0.8636363636363636,Uchenna Nwosu
1.3636363636363635,Justin Jones
1.0,Jerry Tillery
0.7692307692307693,Joey Bosa
1.7307692307692308,Uchenna Nwosu
1.2307692307692308,Justin Jones
1.1153846153846154,Jerry Tillery
1.3846153846153846,Linval Joseph
1.5769230769230769,Christian Covington
1.1538461538461535,Justin Jones
1.3461538461538465,Jerry Tillery
0.35,Dont'a Hightower
1.3,Kyle Van Noy
0.95,Matt Judon
0.65,Josh Uche
1.75,Christian Barmore
1.6538461538461535,Lawrence Guy
1.8846153846153848,Dont'a Hightower
0.9615384615384616,Deatrich Wise
1.0769230769230769,Davon Godchaux
0.3461538461538461,Ja'Whaun Bentley
1.3157894736842106,Kyle Van Noy
0.0,Matt Judon
1.368421052631579,Davon Godchaux
2.1578947368421053,Christian Barmore
1.3076923076923077,Kyle Van Noy
0.6923076923076923,Matt Judon
0.8461538461538461,Josh Uche
2.0,Christian Barmore
1.7142857142857142,Linval Joseph
0.7142857142857143,Kyler Fackrell
1.6666666666666667,Jerry Tillery
0.3333333333333333,Chris Rumph
1.8846153846153848,Linval Joseph
0.7692307692307693,Kyler Fackrell
1.2307692307692308,Jerry Tillery
0.4230769230769231,Chris Rumph
0.7692307692307693,Joey Bosa
0.8461538461538461,Uchenna Nwosu
1.1153846153846154,Justin Jones
1.0384615384615383,Jerry Tillery
1.0384615384615383,Drue Tranquill
3.0,Lawrence Guy
0.2727272727272727,Kyle Van Noy
1.7272727272727273,Carl Davis
0.0,Matt Judon
1.16,Dont'a Hightower
0.84,Matt Judon
0.88,Josh Uche
1.84,Christian Barmore
0.7916666666666666,Linval Joseph
2.0,Christian Covington
0.0,Joey Bosa
0.8333333333333334,Uchenna Nwosu
1.0833333333333333,Joe Gaziano
1.7083333333333333,Joey Bosa
0.6666666666666666,Uchenna Nwosu
0.875,Justin Jones
1.2083333333333333,Jerry Tillery
0.5,Chris Harris
1.6153846153846154,Joey Bosa
1.3076923076923077,Kyler Fackrell
1.1153846153846154,Justin Jones
0.9230769230769232,Jerry Tillery
1.0,Linval Joseph
1.1904761904761905,Christian Covington
1.0,Justin Jones
1.8095238095238095,Jerry Tillery
1.4166666666666667,Linval Joseph
1.9166666666666667,Christian Covington
1.0,Joey Bosa
0.75,Justin Jones
2.25,Jerry Tillery
1.0,Matt Judon
1.5384615384615383,Davon Godchaux
1.6923076923076923,Ja'Whaun Bentley
1.0,Christian Barmore
0.9615384615384616,Matt Judon
2.3076923076923075,Daniel Ekuale
1.0384615384615383,Christian Barmore
1.08,Christian Covington
0.16,Joey Bosa
1.04,Kyler Fackrell
1.24,Justin Jones
1.4,Joe Gaziano
0.9,Christian Covington
0.65,Joey Bosa
0.75,Kyler Fackrell
1.35,Justin Jones
1.3,Joe Gaziano
1.4545454545454546,Linval Joseph
1.0,Christian Covington
0.5909090909090909,Joey Bosa
0.9545454545454546,Kyler Fackrell
1.0,Justin Jones
1.0454545454545454,Jerry Tillery
0.375,Chris Harris
0.6875,Joey Bosa
0.8125,Kyler Fackrell
1.8125,Justin Jones
1.5625,Jerry Tillery
0.0,Drue Tranquill
1.0,Lawrence Guy
1.0,Matt Judon
1.8461538461538465,Deatrich Wise
1.0,Davon Godchaux
1.3461538461538465,Adrian Phillips
0.7307692307692307,Matt Judon
1.3076923076923077,Daniel Ekuale
0.6153846153846154,Josh Uche
1.4230769230769231,Christian Barmore
1.25,Linval Joseph
0.75,Joey Bosa
0.8,Uchenna Nwosu
1.9,Jerry Tillery
1.5789473684210529,Joey Bosa
1.2105263157894737,Uchenna Nwosu
0.631578947368421,Justin Jones
1.894736842105263,Jerry Tillery
0.782608695652174,Matt Judon
1.826086956521739,Daniel Ekuale
1.826086956521739,Christian Barmore
0.8181818181818182,Matt Judon
1.2272727272727273,Daniel Ekuale
0.8181818181818182,Josh Uche
1.4090909090909092,Christian Barmore
1.12,Matt Judon
0.96,Davon Godchaux
1.08,Josh Uche
1.12,Christian Barmore
1.0,Linval Joseph
0.8461538461538461,Joey Bosa
0.9615384615384616,Uchenna Nwosu
1.8846153846153848,Jerry Tillery
1.0,Linval Joseph
1.0952380952380951,Joey Bosa
1.4285714285714286,Uchenna Nwosu
1.761904761904762,Jerry Tillery
1.1,Joey Bosa
1.05,Uchenna Nwosu
1.75,Justin Jones
0.8,Jerry Tillery
1.2916666666666667,Joey Bosa
0.9583333333333334,Uchenna Nwosu
1.2916666666666667,Justin Jones
1.0416666666666667,Jerry Tillery
1.368421052631579,Linval Joseph
1.368421052631579,Christian Covington
1.263157894736842,Justin Jones
1.0,Jerry Tillery
1.1538461538461535,Christian Covington
0.3846153846153846,Joey Bosa
1.1153846153846154,Justin Jones
1.8461538461538465,Jerry Tillery
1.7307692307692308,Linval Joseph
1.4615384615384617,Joey Bosa
0.6538461538461539,Uchenna Nwosu
1.3076923076923077,Jerry Tillery
0.7727272727272727,Joey Bosa
1.1363636363636365,Uchenna Nwosu
1.2272727272727273,Justin Jones
1.681818181818182,Jerry Tillery
2.24,Lawrence Guy
1.68,Matt Judon
1.88,Deatrich Wise
1.16,Davon Godchaux
1.5,Kyle Van Noy
1.0,Matt Judon
1.1923076923076923,Davon Godchaux
1.0,Christian Barmore
0.8461538461538461,Kyle Van Noy
1.1538461538461535,Matt Judon
0.7692307692307693,Josh Uche
0.3076923076923077,Myles Bryant
2.3846153846153846,Christian Barmore
1.5,Joey Bosa
0.5,Kyler Fackrell
1.1153846153846154,Justin Jones
1.4230769230769231,Jerry Tillery
1.1538461538461535,Linval Joseph
0.6153846153846154,Joey Bosa
1.0,Uchenna Nwosu
2.0384615384615383,Justin Jones
1.0833333333333333,Linval Joseph
0.0,Chris Harris
1.4583333333333333,Joey Bosa
0.5833333333333334,Derwin James
1.125,Uchenna Nwosu
2.269230769230769,Lawrence Guy
0.4230769230769231,Jamie Collins
1.9615384615384617,Carl Davis
1.1538461538461535,Deatrich Wise
0.8461538461538461,Matt Judon
1.8461538461538465,Davon Godchaux
1.7692307692307692,Christian Barmore
1.0952380952380951,Linval Joseph
1.4285714285714286,Christian Covington
0.7142857142857143,Kyler Fackrell
1.0,Jerry Tillery
0.5714285714285714,Chris Rumph
1.7692307692307692,Linval Joseph
1.0,Christian Covington
0.6153846153846154,Kyler Fackrell
0.5384615384615384,Chris Rumph
1.0769230769230769,Matt Judon
1.4230769230769231,Davon Godchaux
1.9230769230769231,Christian Barmore
1.8695652173913044,Lawrence Guy
0.7391304347826086,Kyle Van Noy
0.9565217391304348,Matt Judon
1.0,Davon Godchaux
0.7083333333333334,Kyle Van Noy
0.4583333333333333,Matt Judon
1.4166666666666667,Daniel Ekuale
2.0,Christian Barmore
1.8,Daniel Ekuale
0.88,Josh Uche
2.16,Christian Barmore
1.0,Matt Judon
1.1764705882352942,Davon Godchaux
0.2352941176470588,Josh Uche
2.0588235294117645,Christian Barmore
2.3333333333333335,Linval Joseph
1.0,Joey Bosa
1.0,Uchenna Nwosu
1.0,Justin Jones
1.0,Jerry Tillery
0.8695652173913043,Matt Judon
1.173913043478261,Davon Godchaux
0.7391304347826086,Josh Uche
1.608695652173913,Christian Barmore
1.2307692307692308,Linval Joseph
0.8461538461538461,Christian Covington
1.0,Justin Jones
1.7307692307692308,Jerry Tillery
0.391304347826087,Matt Judon
1.0434782608695652,Davon Godchaux
1.0869565217391304,Josh Uche
2.0,Christian Barmore
0.9230769230769232,Linval Joseph
1.0,Christian Covington
1.0769230769230769,Justin Jones
1.9230769230769231,Jerry Tillery
0.3461538461538461,Matt Judon
2.0,Daniel Ekuale
0.8076923076923077,Josh Uche
2.0,Christian Barmore
1.125,Matt Judon
1.0,Deatrich Wise
1.6666666666666667,Daniel Ekuale
1.125,Christian Barmore
1.1153846153846154,Carl Davis
1.0,Matt Judon
1.8846153846153848,Daniel Ekuale
0.4615384615384615,Josh Uche
1.0769230769230769,Carl Davis
0.9615384615384616,Matt Judon
1.5769230769230769,Daniel Ekuale
0.7692307692307693,Josh Uche
0.7391304347826086,Deatrich Wise
2.0,Daniel Ekuale
0.8260869565217391,Josh Uche
1.0869565217391304,Christian Barmore
1.0833333333333333,Matt Judon
0.75,Deatrich Wise
1.2916666666666667,Davon Godchaux
1.8333333333333333,Christian Barmore
1.25,Al Woods
0.625,Rasheem Green
1.375,Poona Ford
1.0,Bryan Mone
0.75,Jordyn Brooks
2.1923076923076925,Al Woods
0.8846153846153846,Rasheem Green
1.0769230769230769,Poona Ford
1.1923076923076923,Bryan Mone
0.8125,Carlos Dunlap
0.3125,Kerry Hyder
1.875,Rasheem Green
0.8125,Darrell Taylor
0.9615384615384616,Carlos Dunlap
1.0384615384615383,Bobby Wagner
0.8461538461538461,Kerry Hyder
1.0769230769230769,Rasheem Green
1.0,Ryan Neal
0.6538461538461539,Darrell Taylor
1.3333333333333333,Malcom Brown
1.0,Adam Gotsis
0.0,Rayshawn Jenkins
1.0476190476190477,Josh Allen
1.0952380952380951,Davon Hamilton
1.6538461538461535,Malcom Brown
1.3076923076923077,Roy Robertson-Harris
1.6538461538461535,Dawuane Smoot
0.5384615384615384,Josh Allen
0.85,Carlos Dunlap
2.0,Kerry Hyder
0.9,Darrell Taylor
0.3125,Myles Jack
2.3125,Roy Robertson-Harris
1.6875,Dawuane Smoot
0.375,Tre Herndon
0.5625,Josh Allen
0.7222222222222222,Carlos Dunlap
1.7777777777777777,Al Woods
0.0,Bobby Wagner
1.1111111111111112,Poona Ford
0.8888888888888888,Bryan Mone
0.7692307692307693,Carlos Dunlap
1.0769230769230769,Al Woods
0.0,Bobby Wagner
0.9230769230769232,Benson Mayowa
1.0,Poona Ford
1.6923076923076923,Bryan Mone
2.066666666666667,Malcom Brown
1.0,Jihad Ward
1.3333333333333333,Roy Robertson-Harris
0.1333333333333333,Rayshawn Jenkins
0.3333333333333333,Josh Allen
2.3333333333333335,Malcom Brown
0.6,Jihad Ward
1.0,Roy Robertson-Harris
1.0,Josh Allen
0.4444444444444444,Damien Wilson
0.6666666666666666,Myles Jack
1.1666666666666667,Adam Gotsis
1.2777777777777777,Dawuane Smoot
1.3888888888888888,Taven Bryan
0.8333333333333334,Josh Allen
2.0434782608695654,Adam Gotsis
0.8260869565217391,Dawuane Smoot
1.0,Josh Allen
1.391304347826087,Davon Hamilton
1.8421052631578947,Al Woods
1.0,Poona Ford
0.9473684210526316,Darrell Taylor
1.0,Alton Robinson
1.12,Carlos Dunlap
1.28,Kerry Hyder
1.44,Rasheem Green
0.72,Darrell Taylor
1.1538461538461535,Carlos Dunlap
1.3846153846153846,Kerry Hyder
1.3076923076923077,Rasheem Green
0.8461538461538461,Darrell Taylor
1.0,Malcom Brown
2.0,Roy Robertson-Harris
1.0,Dawuane Smoot
0.9523809523809524,K'Lavon Chaisson
1.6923076923076923,Roy Robertson-Harris
0.9230769230769232,Dawuane Smoot
0.8846153846153846,Josh Allen
1.0,K'Lavon Chaisson
1.2666666666666666,Malcom Brown
0.6666666666666666,Dawuane Smoot
2.0,Taven Bryan
0.8,K'Lavon Chaisson
1.7692307692307692,Malcom Brown
0.0384615384615384,Damien Wilson
1.2307692307692308,Adam Gotsis
1.1923076923076923,Rayshawn Jenkins
1.4615384615384617,Josh Allen
0.0,K'Lavon Chaisson
1.3461538461538465,Davon Hamilton
2.4615384615384617,Adam Gotsis
1.0,Dawuane Smoot
0.9615384615384616,Josh Allen
1.3478260869565215,Malcom Brown
2.0,Roy Robertson-Harris
1.9565217391304348,Dawuane Smoot
0.0,Rudy Ford
1.0,Josh Allen
1.25,Myles Jack
2.0,Adam Gotsis
0.55,Dawuane Smoot
0.8,Rayshawn Jenkins
0.75,Josh Allen
1.6956521739130437,Al Woods
0.3043478260869565,Jamal Adams
1.0869565217391304,Rasheem Green
1.0869565217391304,Poona Ford
1.0869565217391304,Bryan Mone
0.88,Carlos Dunlap
1.12,Kerry Hyder
2.0,Rasheem Green
0.96,Darrell Taylor
2.0,Malcom Brown
1.1428571428571428,Roy Robertson-Harris
0.3571428571428571,Dawuane Smoot
1.0,Josh Allen
1.9230769230769231,Malcom Brown
1.1538461538461535,Roy Robertson-Harris
1.0,Josh Allen
1.0769230769230769,Davon Hamilton
0.3636363636363636,Myles Jack
1.2727272727272727,Roy Robertson-Harris
0.7727272727272727,Dawuane Smoot
1.0454545454545454,Josh Allen
1.2272727272727273,Davon Hamilton
0.9230769230769232,Malcom Brown
0.0,Damien Wilson
1.0769230769230769,Myles Jack
1.8461538461538465,Adam Gotsis
0.7692307692307693,Dawuane Smoot
0.0769230769230769,K'Lavon Chaisson
0.9230769230769232,Davon Hamilton
1.0,Malcom Brown
0.0,Damien Wilson
0.5,Myles Jack
1.5714285714285714,Adam Gotsis
1.0,Dawuane Smoot
0.9285714285714286,Josh Allen
0.0,Andrew Wingard
1.1153846153846154,Carlos Dunlap
0.9615384615384616,Al Woods
1.3846153846153846,Poona Ford
1.0,Darrell Taylor
0.8846153846153846,Carlos Dunlap
1.5384615384615383,Al Woods
1.1153846153846154,Poona Ford
1.1153846153846154,Bryan Mone
0.4545454545454545,Carlos Dunlap
1.1363636363636365,Bobby Wagner
1.4090909090909092,Kerry Hyder
1.1363636363636365,Rasheem Green
0.8636363636363636,Darrell Taylor
0.7692307692307693,Carlos Dunlap
0.8461538461538461,Bobby Wagner
1.2307692307692308,Kerry Hyder
1.0769230769230769,Rasheem Green
0.9230769230769232,Ryan Neal
0.8461538461538461,Darrell Taylor
1.0,Malcom Brown
0.875,Jihad Ward
1.9375,Taven Bryan
1.0,Josh Allen
1.9583333333333333,Roy Robertson-Harris
1.0833333333333333,Dawuane Smoot
1.4583333333333333,Josh Allen
0.8095238095238095,Carlos Dunlap
1.8095238095238095,Rasheem Green
1.9523809523809523,Poona Ford
0.1904761904761904,Darrell Taylor
0.9230769230769232,Carlos Dunlap
1.5,Rasheem Green
1.0769230769230769,Poona Ford
0.9230769230769232,Darrell Taylor
0.7894736842105263,Carlos Dunlap
1.4210526315789471,Rasheem Green
1.2105263157894737,Poona Ford
1.1578947368421053,Darrell Taylor
0.9444444444444444,Carlos Dunlap
1.2222222222222223,Bobby Wagner
0.8333333333333334,Kerry Hyder
1.0,Rasheem Green
1.0,Darrell Taylor
1.25,Kerry Hyder
1.7083333333333333,Rasheem Green
0.75,Ryan Neal
0.9583333333333334,Darrell Taylor
1.2352941176470589,Al Woods
1.0,Benson Mayowa
1.6470588235294117,Robert Nkemdiche
0.7058823529411765,Alton Robinson
1.8,Carlos Dunlap
1.48,Kerry Hyder
1.12,Rasheem Green
1.0,Darrell Taylor
1.0,Jihad Ward
2.0,Roy Robertson-Harris
1.1153846153846154,Taven Bryan
0.8846153846153846,Josh Allen
1.1538461538461535,Benson Mayowa
1.1538461538461535,Rasheem Green
1.8846153846153848,Poona Ford
1.0,Alton Robinson
0.9130434782608696,Carlos Dunlap
0.8695652173913043,Kerry Hyder
1.6956521739130437,Rasheem Green
0.9130434782608696,Darrell Taylor
0.8333333333333334,Carlos Dunlap
1.1666666666666667,Kerry Hyder
1.375,Rasheem Green
0.9166666666666666,Darrell Taylor
0.2352941176470588,Carlos Dunlap
2.411764705882353,Kerry Hyder
1.1176470588235294,Rasheem Green
1.0,Darrell Taylor
0.8846153846153846,Carlos Dunlap
1.4230769230769231,Kerry Hyder
1.3461538461538465,Rasheem Green
1.2692307692307692,Darrell Taylor
0.6190476190476191,Carlos Dunlap
1.0952380952380951,Bobby Wagner
1.2857142857142858,Kerry Hyder
0.3333333333333333,Jamal Adams
1.1428571428571428,Rasheem Green
0.8571428571428571,Darrell Taylor
1.0,Benson Mayowa
1.88,Robert Nkemdiche
1.16,Poona Ford
0.52,Alton Robinson
1.25,Benson Mayowa
2.0,Robert Nkemdiche
1.75,Poona Ford
0.0,Ugochukwu Amadi
0.0,Alton Robinson
1.0,Benson Mayowa
1.6153846153846154,Robert Nkemdiche
1.3846153846153846,Poona Ford
0.7692307692307693,Alton Robinson
1.0,Benson Mayowa
1.5,Robert Nkemdiche
2.0,Poona Ford
0.5,Alton Robinson
0.5652173913043478,Bobby Wagner
0.1304347826086956,Robert Nkemdiche
1.565217391304348,Poona Ford
1.1304347826086956,Jordyn Brooks
0.8695652173913043,Alton Robinson
2.0384615384615383,Carlos Dunlap
0.7307692307692307,Kerry Hyder
1.0384615384615383,Rasheem Green
0.9615384615384616,Darrell Taylor
1.4,Robert Nkemdiche
0.6,Rasheem Green
0.6666666666666666,Ugochukwu Amadi
1.2,Bryan Mone
1.1333333333333333,Alton Robinson
1.9230769230769231,Robert Nkemdiche
0.9230769230769232,Rasheem Green
1.0769230769230769,Bryan Mone
1.0,Alton Robinson
1.3846153846153846,Robert Nkemdiche
0.7692307692307693,Rasheem Green
1.3076923076923077,Bryan Mone
1.3076923076923077,Alton Robinson
1.9375,Robert Nkemdiche
0.8125,Rasheem Green
1.0,Bryan Mone
1.0,Alton Robinson
0.8260869565217391,Kerry Hyder
2.0,Robert Nkemdiche
1.173913043478261,Rasheem Green
1.0,Alton Robinson
1.1153846153846154,Kerry Hyder
1.0,Robert Nkemdiche
1.6153846153846154,Rasheem Green
1.0,Alton Robinson
0.75,Carlos Dunlap
1.05,Bobby Wagner
1.15,Kerry Hyder
1.0,Rasheem Green
1.05,Jordyn Brooks
1.25,Shelby Harris
1.6666666666666667,Dre'Mont Jones
0.75,Malik Reed
1.0,Jonathon Cooper
1.0,Shamar Stephen
0.5,Kenny Young
1.3846153846153846,Dre'Mont Jones
1.4230769230769231,Malik Reed
0.2307692307692307,Baron Browning
1.0,Jonathon Cooper
1.9,Jonathan Allen
1.15,Daron Payne
1.1,Montez Sweat
1.05,Chase Young
1.2777777777777777,Jonathan Allen
1.5555555555555556,Daron Payne
1.0,Chase Young
0.7222222222222222,James Smith-Williams
2.0384615384615383,Matt Ioannidis
1.1153846153846154,Tim Settle
0.5384615384615384,James Smith-Williams
1.5384615384615383,Casey Toohill
0.68,Jonathan Allen
1.8,Daron Payne
2.04,Montez Sweat
1.28,Chase Young
0.5384615384615384,Shelby Harris
1.0,Stephen Weatherly
2.269230769230769,Dre'Mont Jones
0.7307692307692307,Malik Reed
1.56,Shamar Stephen
1.48,DeShawn Williams
1.04,Stephen Weatherly
0.8,Malik Reed
1.7692307692307692,Shelby Harris
0.6923076923076923,Stephen Weatherly
1.2307692307692308,Dre'Mont Jones
0.8461538461538461,Malik Reed
2.3846153846153846,Shelby Harris
0.5769230769230769,DeShawn Williams
2.5384615384615383,Dre'Mont Jones
0.8076923076923077,Malik Reed
1.2272727272727273,Shelby Harris
1.2727272727272727,Dre'Mont Jones
0.7272727272727273,Malik Reed
0.6363636363636364,Baron Browning
1.4545454545454546,Jonathon Cooper
1.5833333333333333,Matt Ioannidis
1.1666666666666667,Tim Settle
0.8333333333333334,Montez Sweat
1.4166666666666667,Chase Young
0.8846153846153846,Landon Collins
2.1153846153846154,Matt Ioannidis
0.9615384615384616,Daron Payne
1.3076923076923077,Montez Sweat
1.6923076923076923,Chase Young
1.6521739130434785,Shamar Stephen
0.0,Kenny Young
0.9565217391304348,Malik Reed
1.2173913043478262,McTelvin Agim
1.0,Jonathon Cooper
1.0,Shamar Stephen
0.3846153846153846,Kenny Young
1.3846153846153846,Dre'Mont Jones
0.8076923076923077,Malik Reed
1.0769230769230769,Baron Browning
1.0,Jonathon Cooper
1.1666666666666667,Shamar Stephen
0.875,Dre'Mont Jones
0.6666666666666666,Malik Reed
1.0,McTelvin Agim
1.0,Jonathon Cooper
1.1923076923076923,Shelby Harris
1.0,Stephen Weatherly
1.0,Dre'Mont Jones
0.8846153846153846,Malik Reed
0.7692307692307693,Baron Browning
1.0,Jonathan Allen
2.142857142857143,Daron Payne
1.5238095238095235,Chase Young
1.2857142857142858,James Smith-Williams
1.3043478260869563,Jonathan Allen
1.0869565217391304,Daron Payne
1.7391304347826086,Montez Sweat
0.5217391304347826,Chase Young
1.2727272727272727,Jonathan Allen
1.0,Daron Payne
1.6363636363636365,Montez Sweat
1.0,Chase Young
2.0,Shelby Harris
1.0666666666666669,Dre'Mont Jones
1.8666666666666667,Malik Reed
0.0,Jonathon Cooper
1.0833333333333333,Shelby Harris
1.2916666666666667,Dre'Mont Jones
1.5,Malik Reed
0.9166666666666666,Jonathon Cooper
1.0,DeShawn Williams
1.173913043478261,Dre'Mont Jones
0.9565217391304348,Malik Reed
0.7391304347826086,Baron Browning
1.0,Jonathon Cooper
1.8076923076923077,DeShawn Williams
1.4230769230769231,Dre'Mont Jones
0.5769230769230769,Malik Reed
1.1153846153846154,Jonathon Cooper
1.6538461538461535,Shelby Harris
1.3461538461538465,DeShawn Williams
0.7307692307692307,Stephen Weatherly
1.0384615384615383,Jonathon Cooper
1.4166666666666667,Shelby Harris
0.6666666666666666,Stephen Weatherly
1.2083333333333333,Dre'Mont Jones
1.0,Malik Reed
1.0416666666666667,Baron Browning
1.0769230769230769,Malik Reed
1.2692307692307692,McTelvin Agim
0.1923076923076923,Baron Browning
1.5,Jonathon Cooper
1.6956521739130437,Matt Ioannidis
0.782608695652174,Daron Payne
0.9565217391304348,Montez Sweat
0.3043478260869565,Chase Young
0.9565217391304348,Jamin Davis
1.2,Shelby Harris
2.6,Dre'Mont Jones
0.2,Malik Reed
0.8,Jonathon Cooper
1.4230769230769231,Shelby Harris
0.9230769230769232,Dre'Mont Jones
0.8846153846153846,Malik Reed
1.0,Jonathon Cooper
1.0,Matt Ioannidis
1.0,Jonathan Allen
1.0,Chase Young
1.0,James Smith-Williams
1.0,Jamin Davis
1.1923076923076923,Shelby Harris
1.0,DeShawn Williams
0.6923076923076923,Stephen Weatherly
1.3461538461538465,Dre'Mont Jones
1.3043478260869563,Shelby Harris
1.0,Stephen Weatherly
1.2173913043478262,Dre'Mont Jones
1.2173913043478262,Jonathon Cooper
0.55,Landon Collins
1.8,Matt Ioannidis
1.3,Daron Payne
1.0,Chase Young
0.0,Jamin Davis
1.4,Matt Ioannidis
2.0,Daron Payne
0.0,Cole Holcomb
1.6,Chase Young
1.4615384615384617,Matt Ioannidis
1.7692307692307692,Daron Payne
0.0,
1.0,Montez Sweat
0.5384615384615384,Jamin Davis
0.9615384615384616,Jonathan Allen
1.0,Daron Payne
2.0,James Smith-Williams
0.9615384615384616,Casey Toohill
0.0,Jamin Davis
1.6666666666666667,Jonathan Allen
1.0,Daron Payne
1.0,Chase Young
1.2666666666666666,James Smith-Williams
1.1538461538461535,Jonathan Allen
2.0384615384615383,Daron Payne
0.8461538461538461,Montez Sweat
0.9230769230769232,Chase Young
1.0,Shelby Harris
1.263157894736842,Dre'Mont Jones
0.7368421052631579,Malik Reed
1.8421052631578947,Baron Browning
0.7368421052631579,Jonathon Cooper
1.2941176470588236,Jonathan Allen
1.0,Daron Payne
0.7058823529411765,Montez Sweat
1.0,Chase Young
1.0,Jamin Davis
1.0769230769230769,Jonathan Allen
0.9230769230769232,Daron Payne
1.0,Montez Sweat
1.5,Chase Young
0.5,Jamin Davis
1.8125,Jonathan Allen
1.1875,Daron Payne
0.6875,Montez Sweat
1.25,Chase Young
0.75,Jamin Davis
0.9230769230769232,Matt Ioannidis
1.2307692307692308,Daron Payne
1.2307692307692308,Montez Sweat
0.5769230769230769,Chase Young
0.7692307692307693,Jamin Davis
1.9473684210526316,Matt Ioannidis
1.368421052631579,Jonathan Allen
1.0526315789473684,Chase Young
0.631578947368421,James Smith-Williams
1.1176470588235294,Shamar Stephen
0.8823529411764706,Malik Reed
1.2941176470588236,McTelvin Agim
1.0,Jonathon Cooper
2.0,Shamar Stephen
1.0909090909090908,McTelvin Agim
1.181818181818182,Jonathon Cooper
1.6923076923076923,Shamar Stephen
0.6153846153846154,Kenny Young
0.7692307692307693,Malik Reed
1.3846153846153846,McTelvin Agim
0.9230769230769232,Jonathon Cooper
1.5789473684210529,Shelby Harris
1.4736842105263157,DeShawn Williams
0.4210526315789473,Malik Reed
0.5263157894736842,Baron Browning
0.8947368421052632,Jonathon Cooper
1.2727272727272727,Shamar Stephen
1.0,Stephen Weatherly
0.7272727272727273,Kenny Young
1.0,McTelvin Agim
0.9545454545454546,Jonathon Cooper
1.0454545454545454,Shelby Harris
0.9545454545454546,Stephen Weatherly
1.0909090909090908,Dre'Mont Jones
0.9545454545454546,Malik Reed
0.9090909090909092,Baron Browning
1.1428571428571428,Shamar Stephen
0.7857142857142857,Stephen Weatherly
1.9285714285714288,Dre'Mont Jones
0.9285714285714286,Malik Reed
1.4583333333333333,Shelby Harris
0.9166666666666666,Stephen Weatherly
1.4583333333333333,Dre'Mont Jones
0.875,Malik Reed
1.3076923076923077,Malik Reed
1.1923076923076923,McTelvin Agim
1.1538461538461535,Jonathon Cooper
1.6,Shelby Harris
1.1,Dre'Mont Jones
1.1,Malik Reed
0.75,Jonathon Cooper
1.3846153846153846,Shelby Harris
1.3461538461538465,Dre'Mont Jones
0.8076923076923077,Malik Reed
0.7307692307692307,Jonathon Cooper
1.1923076923076923,Shelby Harris
1.6153846153846154,Dre'Mont Jones
1.3461538461538465,Malik Reed
0.8461538461538461,Jonathon Cooper
0.85,Cameron Jordan
1.3,David Onyemata
0.7,Tanoh Kpassagnon
1.9,Shy Tuttle
1.1176470588235294,Ndamukong Suh
1.0,Jason Pierre-Paul
0.4705882352941176,William Gholston
0.8823529411764706,Shaquil Barrett
1.5294117647058822,Vita Vea
1.75,Ndamukong Suh
0.25,Jason Pierre-Paul
1.0,William Gholston
0.0,Shaquil Barrett
1.0,Vita Vea
1.0,Devin White
1.3846153846153846,Ndamukong Suh
1.0,Jason Pierre-Paul
0.8076923076923077,Shaquil Barrett
1.3846153846153846,Vita Vea
1.2727272727272727,Ndamukong Suh
0.7272727272727273,Jason Pierre-Paul
1.181818181818182,William Gholston
0.8181818181818182,Shaquil Barrett
1.0,Vita Vea
1.5,Ndamukong Suh
0.5,Jason Pierre-Paul
1.0,Lavonte David
0.75,Shaquil Barrett
0.25,Vita Vea
1.0,Devin White
0.8095238095238095,Cameron Jordan
1.0476190476190477,Demario Davis
1.4761904761904765,Kwon Alexander
1.2857142857142858,David Onyemata
0.9523809523809524,Marcus Davenport
1.6923076923076923,Cameron Jordan
0.2307692307692307,Demario Davis
1.7692307692307692,Montravius Adams
1.3076923076923077,Shy Tuttle
0.7894736842105263,Cameron Jordan
1.5263157894736843,Montravius Adams
1.0526315789473684,Marcus Davenport
1.105263157894737,Shy Tuttle
0.8461538461538461,Jason Pierre-Paul
0.9615384615384616,Shaquil Barrett
1.1153846153846154,Rakeem Nunez-Roches
1.8846153846153848,Vita Vea
1.0588235294117647,Jason Pierre-Paul
1.411764705882353,Shaquil Barrett
1.4705882352941178,Rakeem Nunez-Roches
1.6470588235294117,Vita Vea
0.5,Ndamukong Suh
1.1111111111111112,Jason Pierre-Paul
1.0,Lavonte David
0.8333333333333334,Shaquil Barrett
1.1666666666666667,Vita Vea
0.4444444444444444,Devin White
1.9090909090909092,Cameron Jordan
1.0909090909090908,Tanoh Kpassagnon
2.0,Marcus Davenport
1.0,Cameron Jordan
1.3461538461538465,Christian Ringo
1.5,Tanoh Kpassagnon
1.6538461538461535,Montravius Adams
0.8461538461538461,Cameron Jordan
2.0,Christian Ringo
0.7692307692307693,Tanoh Kpassagnon
1.2307692307692308,Montravius Adams
0.52,Malcolm Jenkins
1.08,Cameron Jordan
1.92,Tanoh Kpassagnon
1.12,Marcus Davenport
0.68,Chauncey Gardner-Johnson
1.8076923076923077,Ndamukong Suh
1.0,Jason Pierre-Paul
0.9230769230769232,Shaquil Barrett
2.0,Vita Vea
1.2307692307692308,Ndamukong Suh
2.6153846153846154,William Gholston
1.1153846153846154,Shaquil Barrett
1.0,Vita Vea
0.6538461538461539,Joe Tryon
1.8823529411764703,Ndamukong Suh
1.1176470588235294,Jason Pierre-Paul
0.7647058823529411,Shaquil Barrett
1.2352941176470589,Vita Vea
1.4375,Ndamukong Suh
0.5625,Jason Pierre-Paul
1.0,Lavonte David
1.125,Shaquil Barrett
1.5,Vita Vea
0.5625,Devin White
0.0,Mike Edwards
2.3529411764705883,Christian Ringo
1.2352941176470589,David Onyemata
0.7647058823529411,Tanoh Kpassagnon
0.4705882352941176,Carl Granderson
0.8846153846153846,Cameron Jordan
1.6153846153846154,Montravius Adams
0.6538461538461539,Marcus Davenport
1.0769230769230769,Shy Tuttle
0.5769230769230769,Malcolm Jenkins
0.7692307692307693,Cameron Jordan
1.6923076923076923,Demario Davis
1.0,Tanoh Kpassagnon
1.0384615384615383,Marcus Davenport
0.8636363636363636,Cameron Jordan
1.4545454545454546,Montravius Adams
1.0,Marcus Davenport
1.4545454545454546,Shy Tuttle
0.8846153846153846,Cameron Jordan
1.8461538461538465,David Onyemata
1.1538461538461535,Marcus Davenport
1.4210526315789471,Ndamukong Suh
0.6842105263157895,Lavonte David
1.3157894736842106,William Gholston
1.263157894736842,Devin White
2.0384615384615383,Ndamukong Suh
2.5384615384615383,William Gholston
1.6538461538461535,Rakeem Nunez-Roches
1.0555555555555556,Ndamukong Suh
0.9444444444444444,Jason Pierre-Paul
0.5555555555555556,William Gholston
0.9444444444444444,Shaquil Barrett
1.3888888888888888,Rakeem Nunez-Roches
1.15,Ndamukong Suh
0.85,Jason Pierre-Paul
0.85,Shaquil Barrett
2.05,Vita Vea
1.25,Cameron Jordan
0.7083333333333334,Demario Davis
1.1666666666666667,Christian Ringo
1.375,David Onyemata
0.9166666666666666,Marcus Davenport
1.2307692307692308,Ndamukong Suh
0.9230769230769232,Jason Pierre-Paul
1.5384615384615383,William Gholston
0.3846153846153846,Shaquil Barrett
1.0,Vita Vea
0.0,Devin White
1.3125,Ndamukong Suh
0.6875,Jason Pierre-Paul
1.875,William Gholston
0.125,Shaquil Barrett
1.1875,Vita Vea
1.125,Devin White
1.4230769230769231,Ndamukong Suh
1.0769230769230769,Jason Pierre-Paul
1.0,Shaquil Barrett
0.7692307692307693,Vita Vea
0.0,Devin White
1.1578947368421053,Ndamukong Suh
1.3157894736842106,Lavonte David
1.105263157894737,Shaquil Barrett
1.4736842105263157,Vita Vea
0.0,Devin White
0.5789473684210527,Antoine Winfield
0.9130434782608696,Jason Pierre-Paul
0.5652173913043478,Lavonte David
1.0,William Gholston
1.7391304347826086,Rakeem Nunez-Roches
1.7391304347826086,Pat O'Connor
1.0,Anthony Nelson
0.9583333333333334,Cameron Jordan
1.0833333333333333,David Onyemata
0.9583333333333334,Marcus Davenport
1.9583333333333333,Shy Tuttle
2.0625,David Onyemata
0.25,Marcus Davenport
1.0,Shy Tuttle
2.0,Christian Ringo
0.9375,Tanoh Kpassagnon
1.1875,Montravius Adams
0.75,Carl Granderson
0.1578947368421052,Demario Davis
1.105263157894737,Christian Ringo
1.0,Tanoh Kpassagnon
2.0,Montravius Adams
0.8421052631578947,Carl Granderson
0.3157894736842105,Pete Werner
1.4230769230769231,Christian Ringo
1.8076923076923077,Tanoh Kpassagnon
1.2307692307692308,Montravius Adams
0.0,Carl Granderson
1.28,Cameron Jordan
1.84,David Onyemata
0.92,Marcus Davenport
1.28,Shy Tuttle
2.6153846153846154,David Onyemata
1.6153846153846154,Shy Tuttle
1.0384615384615383,Ndamukong Suh
1.5769230769230769,William Gholston
1.6923076923076923,Shaquil Barrett
1.8846153846153848,Vita Vea
1.0,Christian Ringo
0.7857142857142857,Tanoh Kpassagnon
3.0,Montravius Adams
1.2307692307692308,Cameron Jordan
1.4615384615384617,David Onyemata
1.4230769230769231,Marcus Davenport
1.6153846153846154,Ndamukong Suh
1.4230769230769231,Jason Pierre-Paul
0.2692307692307692,Shaquil Barrett
1.9615384615384617,Vita Vea
0.3846153846153846,Devin White
0.8421052631578947,Cameron Jordan
1.631578947368421,Tanoh Kpassagnon
0.5263157894736842,Marcus Davenport
1.0,Jason Pierre-Paul
2.0,William Gholston
1.0,Shaquil Barrett
1.6956521739130437,Vita Vea
0.6,Jason Pierre-Paul
1.4,William Gholston
1.2,Shaquil Barrett
1.2,Vita Vea
0.4,Devin White
1.0,Ndamukong Suh
1.0,Jason Pierre-Paul
1.1923076923076923,Shaquil Barrett
1.6538461538461535,Vita Vea
1.0,Cameron Jordan
1.1538461538461535,David Onyemata
1.1923076923076923,Carl Granderson
1.6153846153846154,Shy Tuttle
2.0,David Onyemata
2.0,Shy Tuttle
0.875,Cameron Jordan
1.75,Christian Ringo
1.125,Montravius Adams
1.2083333333333333,Marcus Davenport
1.1666666666666667,Cameron Jordan
0.1666666666666666,Demario Davis
1.0416666666666667,Kwon Alexander
1.4583333333333333,Christian Ringo
1.25,Montravius Adams
0.875,Marcus Davenport
1.0,Jason Pierre-Paul
1.1363636363636365,Shaquil Barrett
1.318181818181818,Vita Vea
1.0,Ndamukong Suh
1.4,Jason Pierre-Paul
0.8,Shaquil Barrett
2.066666666666667,Vita Vea
1.1333333333333333,Devin White
1.2692307692307692,Ndamukong Suh
0.7307692307692307,Jason Pierre-Paul
1.2307692307692308,William Gholston
1.7307692307692308,Vita Vea
1.0,Ndamukong Suh
1.0,Jason Pierre-Paul
1.5714285714285714,Shaquil Barrett
1.0,Vita Vea
0.0,Devin White
0.9285714285714286,Antoine Winfield
1.2666666666666666,Ndamukong Suh
0.1333333333333333,Jason Pierre-Paul
1.0,Shaquil Barrett
2.0,Vita Vea
0.7333333333333333,Antoine Winfield
1.85,Ndamukong Suh
0.95,Jason Pierre-Paul
0.95,Shaquil Barrett
1.05,Vita Vea
0.9583333333333334,Cameron Jordan
0.6666666666666666,Kwon Alexander
1.8333333333333333,Tanoh Kpassagnon
1.0833333333333333,Marcus Davenport
1.1923076923076923,Cameron Jordan
1.1923076923076923,Demario Davis
1.1538461538461535,Kwon Alexander
1.9230769230769231,Tanoh Kpassagnon
0.6153846153846154,Marcus Davenport
1.2692307692307692,Cameron Jordan
0.4615384615384615,Kwon Alexander
1.1538461538461535,Tanoh Kpassagnon
1.3461538461538465,Marcus Davenport
1.2916666666666667,Cameron Jordan
0.9166666666666666,Kwon Alexander
1.7083333333333333,Tanoh Kpassagnon
0.7916666666666666,Marcus Davenport
1.2692307692307692,Cameron Jordan
1.1538461538461535,Kwon Alexander
1.9615384615384617,Tanoh Kpassagnon
0.8076923076923077,Marcus Davenport
1.1153846153846154,Cameron Jordan
0.6923076923076923,Kwon Alexander
1.7692307692307692,Tanoh Kpassagnon
1.3461538461538465,Marcus Davenport
1.368421052631579,Randy Gregory
0.8947368421052632,Micah Parsons
2.0,Osa Odighizuwa
0.9130434782608696,Randy Gregory
1.1304347826086956,Justin Hamilton
2.0,Carlos Watkins
0.6521739130434783,Dorance Armstrong
0.7142857142857143,Everson Griffen
0.5,Danielle Hunter
1.2857142857142858,Dalvin Tomlinson
0.8571428571428571,Xavier Woods
1.9285714285714288,Armon Watts
0.9090909090909092,Everson Griffen
1.4545454545454546,Danielle Hunter
1.5454545454545454,Dalvin Tomlinson
1.5,Armon Watts
0.8125,Everson Griffen
0.0,Anthony Barr
0.75,Danielle Hunter
2.0,Dalvin Tomlinson
1.1875,James Lynch
0.8461538461538461,Everson Griffen
0.4615384615384615,Danielle Hunter
2.0,Dalvin Tomlinson
1.3846153846153846,James Lynch
1.3076923076923077,Everson Griffen
0.4615384615384615,Eric Kendricks
1.2307692307692308,Danielle Hunter
1.1923076923076923,Dalvin Tomlinson
1.2307692307692308,James Lynch
1.4230769230769231,Randy Gregory
0.8461538461538461,Tarell Basham
1.5,Carlos Watkins
2.0384615384615383,Osa Odighizuwa
1.1153846153846154,Randy Gregory
0.9615384615384616,Tarell Basham
1.1153846153846154,Dorance Armstrong
1.6538461538461535,Osa Odighizuwa
2.0,Sheldon Richardson
0.6153846153846154,Anthony Barr
1.7692307692307692,Danielle Hunter
1.5,Armon Watts
1.0,D.J. Wonnum
1.0,Dalvin Tomlinson
1.1904761904761905,D.J. Wonnum
1.761904761904762,James Lynch
1.0,Kenny Willekes
1.4230769230769231,Randy Gregory
1.0769230769230769,Justin Hamilton
0.8846153846153846,Dorance Armstrong
1.3461538461538465,Osa Odighizuwa
1.15,Randy Gregory
1.3,Jayron Kearse
1.0,Tarell Basham
1.0,Osa Odighizuwa
1.4,Chauncey Golston
0.7692307692307693,Everson Griffen
0.9230769230769232,Harrison Smith
0.3461538461538461,Danielle Hunter
1.8461538461538465,Dalvin Tomlinson
1.3846153846153846,Armon Watts
1.0,Everson Griffen
0.8666666666666667,Danielle Hunter
1.1333333333333333,Dalvin Tomlinson
2.0,James Lynch
1.0,Everson Griffen
0.92,Danielle Hunter
1.24,Dalvin Tomlinson
1.52,James Lynch
1.2,Everson Griffen
1.72,Sheldon Richardson
1.4,Armon Watts
0.68,Kenny Willekes
1.0,Everson Griffen
1.5,Sheldon Richardson
0.75,Danielle Hunter
1.625,D.J. Wonnum
1.2857142857142858,Jayron Kearse
2.5714285714285716,Osa Odighizuwa
0.7368421052631579,Randy Gregory
0.8947368421052632,Tarell Basham
2.0,Carlos Watkins
1.263157894736842,Osa Odighizuwa
0.8181818181818182,Everson Griffen
1.181818181818182,Dalvin Tomlinson
1.6363636363636365,Armon Watts
1.318181818181818,D.J. Wonnum
1.0,Everson Griffen
1.0,Dalvin Tomlinson
2.0,Armon Watts
0.9411764705882352,D.J. Wonnum
0.8571428571428571,Everson Griffen
1.1428571428571428,Eric Kendricks
1.0952380952380951,Dalvin Tomlinson
1.0,Armon Watts
0.8571428571428571,D.J. Wonnum
0.8260869565217391,Everson Griffen
2.1739130434782608,Sheldon Richardson
0.8260869565217391,D.J. Wonnum
1.1304347826086956,Kenny Willekes
0.782608695652174,Everson Griffen
1.6956521739130437,Sheldon Richardson
0.782608695652174,Eric Kendricks
0.8695652173913043,D.J. Wonnum
1.173913043478261,Kenny Willekes
1.4230769230769231,Randy Gregory
1.1153846153846154,Jayron Kearse
2.1153846153846154,Osa Odighizuwa
2.0384615384615383,Randy Gregory
0.6153846153846154,Tarell Basham
1.3076923076923077,Micah Parsons
0.6538461538461539,Osa Odighizuwa
0.375,Randy Gregory
1.625,Tarell Basham
0.75,Micah Parsons
1.1875,Osa Odighizuwa
1.04,Everson Griffen
1.0,Dalvin Tomlinson
1.68,Armon Watts
0.96,D.J. Wonnum
0.5769230769230769,Randy Gregory
1.3076923076923077,Tarell Basham
1.1153846153846154,Dorance Armstrong
1.4230769230769231,Osa Odighizuwa
0.9615384615384616,Everson Griffen
1.3461538461538465,Dalvin Tomlinson
1.6923076923076923,Armon Watts
0.9615384615384616,D.J. Wonnum
0.9,Everson Griffen
1.5,Sheldon Richardson
1.05,D.J. Wonnum
1.9,Kenny Willekes
1.0,Justin Hamilton
1.0,Dorance Armstrong
1.0,Micah Parsons
1.4230769230769231,Chauncey Golston
1.0769230769230769,Quinton Bohanna
0.2857142857142857,Randy Gregory
0.7142857142857143,Justin Hamilton
1.6666666666666667,Carlos Watkins
0.6190476190476191,Donovan Wilson
1.7142857142857142,Osa Odighizuwa
0.85,Randy Gregory
0.7,Tarell Basham
1.0,Dorance Armstrong
1.6,Osa Odighizuwa
1.0,Everson Griffen
1.4375,Sheldon Richardson
1.9375,Armon Watts
0.625,D.J. Wonnum
0.2727272727272727,Everson Griffen
0.0,Harrison Smith
1.6363636363636365,Sheldon Richardson
1.4545454545454546,Eric Kendricks
1.818181818181818,Armon Watts
2.230769230769231,Justin Hamilton
0.9615384615384616,Dorance Armstrong
0.8846153846153846,Chauncey Golston
0.7307692307692307,Quinton Bohanna
0.8846153846153846,Randy Gregory
0.5384615384615384,Tarell Basham
2.076923076923077,Osa Odighizuwa
2.0,Chauncey Golston
1.0769230769230769,Anthony Barr
1.0,Dalvin Tomlinson
0.0,D.J. Wonnum
1.0769230769230769,James Lynch
1.1538461538461535,Kenny Willekes
0.8823529411764706,Everson Griffen
2.0,Sheldon Richardson
1.0,Eric Kendricks
0.8823529411764706,D.J. Wonnum
0.0,Kenny Willekes
1.0769230769230769,Everson Griffen
1.5384615384615383,Dalvin Tomlinson
1.9230769230769231,Armon Watts
1.4615384615384617,D.J. Wonnum
1.16,Everson Griffen
1.4,Harrison Smith
2.0,Dalvin Tomlinson
1.0,Armon Watts
2.0,D.J. Wonnum
1.2692307692307692,Everson Griffen
1.0769230769230769,Dalvin Tomlinson
1.0,Armon Watts
2.3461538461538463,D.J. Wonnum
0.8461538461538461,Everson Griffen
1.8461538461538465,Sheldon Richardson
0.6153846153846154,D.J. Wonnum
1.3846153846153846,Kenny Willekes
1.2083333333333333,Sheldon Richardson
0.375,Xavier Woods
1.0416666666666667,Armon Watts
1.0833333333333333,D.J. Wonnum
1.3,Randy Gregory
1.1,Justin Hamilton
0.9,Dorance Armstrong
1.7,Osa Odighizuwa
0.6190476190476191,Everson Griffen
0.3809523809523809,Anthony Barr
0.1904761904761904,Eric Kendricks
2.0952380952380953,Dalvin Tomlinson
1.2857142857142858,Armon Watts
0.6666666666666666,D.J. Wonnum
0.8421052631578947,Everson Griffen
1.1578947368421053,Sheldon Richardson
0.8947368421052632,D.J. Wonnum
1.8421052631578947,Kenny Willekes
1.2307692307692308,Justin Hamilton
1.7692307692307692,Carlos Watkins
1.0,Dorance Armstrong
0.9230769230769232,Chauncey Golston
1.4761904761904765,Randy Gregory
1.5238095238095235,Justin Hamilton
1.0,Tarell Basham
1.5238095238095235,Osa Odighizuwa
0.6153846153846154,Randy Gregory
0.9230769230769232,Tarell Basham
1.0,Carlos Watkins
1.6923076923076923,Osa Odighizuwa
0.8888888888888888,Everson Griffen
1.0,Sheldon Richardson
1.0,D.J. Wonnum
2.0,James Lynch
0.9047619047619048,Everson Griffen
1.0,Sheldon Richardson
0.8571428571428571,D.J. Wonnum
1.2857142857142858,James Lynch
0.875,Everson Griffen
1.8125,Sheldon Richardson
0.0625,Anthony Barr
0.9375,Eric Kendricks
0.75,D.J. Wonnum
1.375,James Lynch
1.24,Everson Griffen
1.44,Sheldon Richardson
0.56,D.J. Wonnum
1.64,James Lynch
0.75,Everson Griffen
1.15,Dalvin Tomlinson
2.1,Armon Watts
0.8,D.J. Wonnum
1.0833333333333333,Everson Griffen
1.6666666666666667,Sheldon Richardson
0.75,D.J. Wonnum
1.25,Kenny Willekes
1.0,Everson Griffen
1.6,Sheldon Richardson
0.65,D.J. Wonnum
1.35,Kenny Willekes
1.56,Randy Gregory
0.68,Tarell Basham
1.6,Micah Parsons
2.0,Osa Odighizuwa
1.2692307692307692,Randy Gregory
1.5,Tarell Basham
1.1923076923076923,Micah Parsons
1.6153846153846154,Osa Odighizuwa
0.6521739130434783,Randy Gregory
1.8695652173913044,Tarell Basham
0.6521739130434783,Micah Parsons
1.3478260869565215,Osa Odighizuwa
1.2692307692307692,Randy Gregory
1.0384615384615383,Tarell Basham
1.2692307692307692,Micah Parsons
2.4615384615384617,Osa Odighizuwa
0.8076923076923077,Randy Gregory
0.9615384615384616,Tarell Basham
1.1538461538461535,Micah Parsons
2.0,Osa Odighizuwa
1.2307692307692308,Austin Johnson
2.1923076923076925,Dexter Lawrence
0.9615384615384616,Azeez Ojulari
1.1153846153846154,Quincy Roche
2.0,Austin Johnson
1.1666666666666667,Dexter Lawrence
0.8333333333333334,Azeez Ojulari
0.8333333333333334,Quincy Roche
1.0,Leonard Williams
2.0,Dexter Lawrence
1.0,Azeez Ojulari
1.0,Quincy Roche
2.1538461538461537,Leonard Williams
1.0,Azeez Ojulari
1.1923076923076923,Quincy Roche
0.8571428571428571,Frank Clark
1.0,Chris Jones
1.5,Jarran Reed
1.2142857142857142,Derrick Nnadi
1.6538461538461535,Leonard Williams
1.1923076923076923,Azeez Ojulari
1.1153846153846154,Quincy Roche
1.0,Frank Clark
1.12,Chris Jones
2.16,Jarran Reed
1.16,Derrick Nnadi
1.3076923076923077,Leonard Williams
0.7692307692307693,Dexter Lawrence
1.2307692307692308,Oshane Ximines
0.8461538461538461,Quincy Roche
1.0769230769230769,Leonard Williams
1.8846153846153848,Dexter Lawrence
1.0,Oshane Ximines
1.2307692307692308,Quincy Roche
1.4230769230769231,Leonard Williams
1.1538461538461535,Dexter Lawrence
0.8461538461538461,Oshane Ximines
0.4230769230769231,Tae Crowder
0.6923076923076923,Quincy Roche
1.4615384615384617,Leonard Williams
0.8846153846153846,Azeez Ojulari
1.2307692307692308,Quincy Roche
1.0,Raymond Johnson
1.2692307692307692,Alex Okafor
1.1538461538461535,Frank Clark
1.1923076923076923,Chris Jones
1.2692307692307692,Tershawn Wharton
1.5555555555555556,Frank Clark
1.0,Chris Jones
1.3333333333333333,Jarran Reed
1.9444444444444444,Derrick Nnadi
1.15,Leonard Williams
1.7,Dexter Lawrence
0.8,Oshane Ximines
0.85,Azeez Ojulari
1.6538461538461535,Leonard Williams
0.9230769230769232,Oshane Ximines
1.0384615384615383,Cam Brown
0.9230769230769232,Azeez Ojulari
1.0,Alex Okafor
0.8888888888888888,Frank Clark
1.2777777777777777,Chris Jones
2.0,Jarran Reed
0.2941176470588235,Tyrann Mathieu
0.8235294117647058,Alex Okafor
1.2941176470588236,Frank Clark
1.1764705882352942,Chris Jones
1.588235294117647,Jarran Reed
0.0,Ben Niemann
1.7692307692307692,Leonard Williams
1.0769230769230769,Austin Johnson
1.0,Trent Harris
0.9230769230769232,Quincy Roche
1.368421052631579,Leonard Williams
1.631578947368421,Trent Harris
1.0,Dexter Lawrence
1.0,Quincy Roche
2.4285714285714284,Leonard Williams
1.2857142857142858,Azeez Ojulari
1.0,Quincy Roche
0.7307692307692307,Frank Clark
2.0,Jarran Reed
1.4615384615384617,Derrick Nnadi
0.0,L'Jarius Sneed
1.9615384615384617,Michael Danna
2.0,Leonard Williams
1.0769230769230769,Austin Johnson
1.0,Azeez Ojulari
0.9230769230769232,Quincy Roche
2.0,Leonard Williams
1.0,Austin Johnson
1.0,Azeez Ojulari
1.0,Quincy Roche
1.5416666666666667,Leonard Williams
1.5416666666666667,Dexter Lawrence
0.8333333333333334,Azeez Ojulari
0.875,Quincy Roche
2.0,Leonard Williams
0.7307692307692307,Cam Brown
1.2692307692307692,Azeez Ojulari
1.2307692307692308,Quincy Roche
0.5384615384615384,Alex Okafor
0.0769230769230769,Daniel Sorensen
1.4615384615384617,Chris Jones
1.6923076923076923,Jarran Reed
1.3076923076923077,Ben Niemann
0.8846153846153846,Alex Okafor
0.6538461538461539,Frank Clark
1.1153846153846154,Chris Jones
2.0,Jarran Reed
1.0833333333333333,Leonard Williams
1.0,Dexter Lawrence
0.9166666666666666,Azeez Ojulari
1.0,Quincy Roche
1.16,Leonard Williams
1.0,Azeez Ojulari
1.0,Quincy Roche
0.6153846153846154,Alex Okafor
2.1153846153846154,Frank Clark
2.0,Jarran Reed
1.1923076923076923,Tershawn Wharton
1.8,Alex Okafor
1.0,Frank Clark
0.2,Willie Gay
0.6,L'Jarius Sneed
1.4,Tershawn Wharton
0.6,Alex Okafor
0.9333333333333332,Frank Clark
1.2666666666666666,Jarran Reed
1.2,Tershawn Wharton
1.1333333333333333,Leonard Williams
1.0666666666666669,Dexter Lawrence
0.8666666666666667,Oshane Ximines
1.0,Tae Crowder
0.8666666666666667,Azeez Ojulari
1.5384615384615383,Austin Johnson
1.1923076923076923,Dexter Lawrence
2.769230769230769,Raymond Johnson
1.5294117647058822,Leonard Williams
1.2352941176470589,Austin Johnson
1.0,Azeez Ojulari
1.8235294117647056,Quincy Roche
1.588235294117647,Leonard Williams
1.0588235294117647,Dexter Lawrence
0.9411764705882352,Azeez Ojulari
0.8235294117647058,Quincy Roche
1.1538461538461535,Frank Clark
2.3846153846153846,Chris Jones
1.1538461538461535,Michael Danna
1.9230769230769231,Tershawn Wharton
0.8571428571428571,Frank Clark
1.6666666666666667,Chris Jones
1.0952380952380951,Willie Gay
0.9047619047619048,Michael Danna
1.0,Tershawn Wharton
0.0952380952380952,Nick Bolton
0.6153846153846154,Alex Okafor
1.3846153846153846,Chris Jones
1.0,Jarran Reed
1.0,Willie Gay
0.0,L'Jarius Sneed
1.0,Michael Danna
0.8571428571428571,Alex Okafor
0.7857142857142857,Frank Clark
1.1428571428571428,Chris Jones
1.7142857142857142,Jarran Reed
1.2727272727272727,Leonard Williams
1.7272727272727273,Austin Johnson
1.2727272727272727,Dexter Lawrence
1.6363636363636365,Leonard Williams
1.0,Austin Johnson
0.9090909090909092,Trent Harris
1.0,Oshane Ximines
1.8076923076923077,Leonard Williams
1.9230769230769231,Austin Johnson
1.8076923076923077,Dexter Lawrence
1.2307692307692308,Oshane Ximines
1.0,Leonard Williams
1.625,Austin Johnson
1.25,Dexter Lawrence
1.8461538461538465,Leonard Williams
1.0,Dexter Lawrence
1.1923076923076923,Azeez Ojulari
0.9230769230769232,Quincy Roche
1.0,Leonard Williams
1.0384615384615383,Austin Johnson
2.0,Dexter Lawrence
0.9615384615384616,Azeez Ojulari
2.0384615384615383,Leonard Williams
0.7692307692307693,Azeez Ojulari
1.0769230769230769,Quincy Roche
0.4666666666666667,Frank Clark
1.8666666666666667,Jarran Reed
2.0,Derrick Nnadi
1.0,Michael Danna
1.3076923076923077,Alex Okafor
1.1923076923076923,Chris Jones
2.1923076923076925,Derrick Nnadi
1.0769230769230769,Tershawn Wharton
0.9615384615384616,Alex Okafor
0.9230769230769232,Frank Clark
1.0,Chris Jones
1.1153846153846154,Jarran Reed
1.0,Ben Niemann
2.0,Leonard Williams
0.0476190476190476,Cam Brown
1.0,Azeez Ojulari
1.5238095238095235,Quincy Roche
1.7307692307692308,Leonard Williams
0.9615384615384616,Azeez Ojulari
1.0384615384615383,Quincy Roche
0.8461538461538461,Frank Clark
1.1538461538461535,Chris Jones
2.0,Jarran Reed
0.5,Michael Danna
1.3076923076923077,Chris Jones
0.9615384615384616,Jarran Reed
1.0,Michael Danna
0.3809523809523809,Tyrann Mathieu
0.7142857142857143,Frank Clark
1.1904761904761905,Chris Jones
1.5238095238095235,Jarran Reed
0.9047619047619048,Michael Danna
0.9230769230769232,Frank Clark
1.5,Chris Jones
1.3461538461538465,Jarran Reed
0.7692307692307693,Michael Danna
